Case_Number,District_Name,Neighborhood_Name,Street_Name,Day_of_Week,Year,Month_Code,Month_Name,Day_of_Month,Shift_Description,Hour_of_Day,Pedestrian_Cause_Description,Involved_Vehicle_Type,Gender_Description,Age,Person_Type_Description,Pedestrian_Accident_Location_Description,Pedestrian_Movement_Reason_Description,Driver_Movement_Reason_Description,Victimization_Description,UTM_X_Coordinate,UTM_Y_Coordinate,Longitude,Latitude,datetime
2023S000191    ,Sants-Montjuïc,la Marina del Prat Vermell,Litoral (Llobregat),Thursday,2023,1,January,12,Morning,,Not caused by the pedestrian,Car,Man,26,Driver,Desconegut,Unknown,Unknown,Minor injury: Medical assistance at accident site,426933.47,4577222.83,2.125568587,41.341335977,2023-01-12 07:00:00
2023S000192    ,Eixample,Sant Antoni,Corts Catalanes,Thursday,2023,1,January,12,Morning,,Not caused by the pedestrian,Motorcycle,Man,26,Driver,Desconegut,Unknown,Commuting,Minor injury: Refused medical assistance,429403.2,4581360.03,2.154602484,41.37881883,2023-01-12 09:00:00
2023S000193    ,Eixample,la Nova Esquerra de l'Eixample,Roma,Thursday,2023,1,January,12,Morning,,Not caused by the pedestrian,Car,Woman,22,Pedestrian,En pas regulat per semàfor,Unknown,Unknown,Minor injury: Hospitalization up to 24 hours,428666.7,4581674.2,2.14575855,41.38158346,2023-01-12 09:00:00
2023S000194    ,Eixample,la Sagrada Família,Lepant,Thursday,2023,1,January,12,Morning,,Not caused by the pedestrian,Motorcycle,Woman,63,Driver,Desconegut,Unknown,Unknown,Minor injury: Hospitalization up to 24 hours,431463.86,4583995.65,2.178945234,41.402735362,2023-01-12 08:00:00
2023S000195    ,Sant Martí,el Camp de l'Arpa del Clot,Maragall,Thursday,2023,1,January,12,Morning,,Not caused by the pedestrian,Motorcycle,Man,42,Driver,Desconegut,Unknown,Commuting,Minor injury: Hospitalization up to 24 hours,431603.55,4585443.43,2.180452515,41.415786967,2023-01-12 09:00:00
2023S000196    ,Eixample,el Fort Pienc,Meridiana,Thursday,2023,1,January,12,Morning,,Not caused by the pedestrian,Motorcycle,Man,53,Driver,Desconegut,Unknown,Commuting,Minor injury: Hospitalization up to 24 hours,432105.69,4583631.49,2.18666387,41.399509966,2023-01-12 12:00:00
2023S000198    ,Eixample,Sant Antoni,Corts Catalanes,Thursday,2023,1,January,12,Morning,,Not caused by the pedestrian,Ambulància,Woman,32,Passenger,Desconegut,Unknown,Unknown,Minor injury: Refused medical assistance,429834.07,4581818.31,2.15970167,41.382984122,2023-01-12 12:00:00
2023S000199    ,Sarrià-Sant Gervasi,Sant Gervasi - Galvany,Marià Cubí,Thursday,2023,1,January,12,Morning,,Not caused by the pedestrian,Motorcycle,Man,26,Driver,Desconegut,Unknown,Leisure and entertainment,Minor injury: Hospitalization up to 24 hours,428580.93,4583190.96,2.144553964,41.395236755,2023-01-12 11:00:00
2023S000200    ,Eixample,la Sagrada Família,València,Thursday,2023,1,January,12,Morning,,Not caused by the pedestrian,Autobús articulat,Man,88,Passenger,Desconegut,Unknown,Unknown,Minor injury: Hospitalization up to 24 hours,431362.09,4584065.75,2.177719878,41.403358044,2023-01-12 13:00:00
2023S000201    ,Horta-Guinardó,Horta,Fabra i Puig,Thursday,2023,1,January,12,Morning,,Not caused by the pedestrian,Furgoneta,Woman,95,Pedestrian,En pas regulat per semàfor,Unknown,Unknown,Minor injury: Hospitalization up to 24 hours,430232.27,4587608.63,2.16379564,41.435170164,2023-01-12 11:00:00
2023S000202    ,Ciutat Vella,el Raval,Portal de la Pau,Thursday,2023,1,January,12,Morning,,Not caused by the pedestrian,Motorcycle,Man,25,Driver,Desconegut,Unknown,Commuting,Minor injury: Hospitalization up to 24 hours,431293.95,4581061.37,2.177245735,41.376292639,2023-01-12 12:00:00
2023S000203    ,Sant Andreu,Sant Andreu,Meridiana,Thursday,2023,1,January,12,Morning,,Not caused by the pedestrian,Motorcycle,Man,65,Driver,Desconegut,Unknown,Unknown,Minor injury: Hospitalization up to 24 hours,431867.88,4587610.37,2.183370825,41.435326347,2023-01-12 12:00:00
2023S000204    ,Eixample,l'Antiga Esquerra de l'Eixample,Aragó,Thursday,2023,1,January,12,Afternoon,,Not caused by the pedestrian,Motorcycle,Man,19,Driver,Desconegut,Unknown,Unknown,Minor injury: Hospitalization up to 24 hours,429735.29,4582301.52,2.158464328,41.387327612,2023-01-12 14:00:00
2023S000205    ,Eixample,la Nova Esquerra de l'Eixample,Llança,Thursday,2023,1,January,12,Afternoon,,Crossing outside the pedestrian crossing,Veh. mobilitat personal amb motor,Woman,28,Driver,Fora del pas,Unknown,Commuting,Minor injury: Medical assistance at accident site,429000.97,4581126.04,2.149820112,41.37667595,2023-01-12 14:00:00
2023S000206    ,Nou Barris,la Prosperitat,Artesania,Thursday,2023,1,January,12,Afternoon,,Not caused by the pedestrian,Motorcycle,Man,43,Driver,Desconegut,Unknown,Unknown,Minor injury: Medical assistance at accident site,431281.37,4587977.12,2.176309582,41.438579528,2023-01-12 14:00:00
2023S000207    ,Eixample,la Nova Esquerra de l'Eixample,Viladomat,Thursday,2023,1,January,12,Afternoon,,Not caused by the pedestrian,Motorcycle,Woman,56,Driver,Desconegut,Unknown,Leisure and entertainment,Minor injury: Medical assistance at accident site,429195.95,4581942.31,2.152056151,41.384045012,2023-01-12 16:00:00
2023S000208    ,Sarrià-Sant Gervasi,el Putxet i el Farró,General Mitre,Thursday,2023,1,January,12,Afternoon,,Not caused by the pedestrian,Motorcycle,Man,33,Driver,Desconegut,Unknown,On a mission,Minor injury: Hospitalization up to 24 hours,428349.96,4584274.88,2.141663025,41.404978646,2023-01-12 14:00:00
2023S000209    ,Eixample,la Dreta de l'Eixample,Corts Catalanes,Thursday,2023,1,January,12,Afternoon,,Not caused by the pedestrian,Ciclomotor,Woman,37,Driver,Desconegut,Unknown,Unknown,Minor injury: Medical assistance at accident site,430445.18,4582380.14,2.166945174,41.388097448,2023-01-12 17:00:00
2023S000210    ,Sant Andreu,Sant Andreu,Meridiana,Thursday,2023,1,January,12,Afternoon,,Not caused by the pedestrian,Motorcycle,Man,55,Driver,Desconegut,Unknown,Leisure and entertainment,Minor injury: Hospitalization up to 24 hours,431890.58,4587477.65,2.183657471,41.434132911,2023-01-12 16:00:00
2023S000211    ,Sants-Montjuïc,Sants - Badal,Bassegoda,Thursday,2023,1,January,12,Afternoon,,Not caused by the pedestrian,Taxi,Woman,52,Pedestrian,En pas regulat per semàfor,Leisure and entertainment,Unknown,Minor injury: Hospitalization up to 24 hours,427029.0,4580999.55,2.126255757,41.375360206,2023-01-12 19:00:00
2023S000212    ,Sant Andreu,la Trinitat Vella,Meridiana,Wednesday,2023,1,January,11,Night,,Not caused by the pedestrian,Motorcycle,Man,38,Driver,Desconegut,Unknown,Commuting,Minor injury: Hospitalization up to 24 hours,432288.3,4588965.24,2.188250599,41.447564774,2023-01-11 05:00:00
2023S000213    ,Eixample,el Fort Pienc,Diputació,Thursday,2023,1,January,12,Afternoon,,Not caused by the pedestrian,Motorcycle,Man,32,Driver,Desconegut,Unknown,Other activities,Minor injury: Hospitalization up to 24 hours,431648.46,4583800.82,2.181175486,41.400996311,2023-01-12 19:00:00
2023S000214    ,Eixample,la Dreta de l'Eixample,Pau Claris,Thursday,2023,1,January,12,Afternoon,,Not caused by the pedestrian,Motorcycle,Man,27,Passenger,Desconegut,Unknown,Unknown,Minor injury: Hospitalization up to 24 hours,430121.86,4583246.63,2.162978379,41.395873604,2023-01-12 19:00:00
2023S000215    ,Horta-Guinardó,Sant Genís dels Agudells,B-20 (Besòs),Thursday,2023,1,January,12,Afternoon,,Not caused by the pedestrian,Motorcycle,Woman,26,Driver,Desconegut,Unknown,Other activities,Minor injury: Hospitalization up to 24 hours,428228.63,4585994.72,2.140007477,41.42045771,2023-01-12 19:00:00
2023S000216    ,Sarrià-Sant Gervasi,Sarrià,Dalt (Besòs),Thursday,2023,1,January,12,Afternoon,,Not caused by the pedestrian,Bus,Man,50,Passenger,Desconegut,Unknown,Unknown,Minor injury: Hospitalization up to 24 hours,426322.97,4584177.16,2.117426982,41.403915215,2023-01-12 21:00:00
2023S000217    ,Sarrià-Sant Gervasi,el Putxet i el Farró,Saragossa,Thursday,2023,1,January,12,Afternoon,,Not caused by the pedestrian,Motorcycle,Woman,26,Driver,Desconegut,Unknown,On a mission,Minor injury: Hospitalization up to 24 hours,428559.02,4584322.86,2.14415826,41.405429399,2023-01-12 20:00:00
2023S000218    ,Eixample,la Dreta de l'Eixample,Provença,Thursday,2023,1,January,12,Afternoon,,Not caused by the pedestrian,Veh. mobilitat personal amb motor,Man,37,Driver,Desconegut,Unknown,Commuting,Minor injury: Hospitalization up to 24 hours,430599.12,4583712.76,2.168633427,41.400113241,2023-01-12 16:00:00
2023S000219    ,Sant Andreu,el Bon Pastor,Sant Adrià,Thursday,2023,1,January,12,Afternoon,,Not caused by the pedestrian,Motorcycle,Woman,30,Driver,Desconegut,Unknown,Unknown,Minor injury: Hospitalization up to 24 hours,433537.03,4587671.32,2.203341061,41.436015265,2023-01-12 20:00:00
2023S000220    ,Sant Martí,la Verneda i la Pau,Guipúscoa,Thursday,2023,1,January,12,Afternoon,,Not caused by the pedestrian,Ciclomotor,Woman,27,Passenger,Desconegut,Unknown,Unknown,Minor injury: Medical assistance at accident site,433653.97,4586136.52,2.204909198,41.422201441,2023-01-12 21:00:00
2023S000221    ,Nou Barris,la Trinitat Nova,S'Agaró,Thursday,2023,1,January,12,Night,,Not caused by the pedestrian,Motorcycle,Man,23,Passenger,Desconegut,Unknown,Unknown,Minor injury: Hospitalization up to 24 hours,432153.8,4588923.58,2.186645242,41.447178194,2023-01-12 23:00:00
2023S000222    ,Sant Martí,el Besòs i el Maresme,Cristóbal de Moura,Friday,2023,1,January,13,Morning,,Not caused by the pedestrian,Motorcycle,Man,57,Driver,Desconegut,Unknown,Commuting,Minor injury: Medical assistance at accident site,434074.47,4585183.13,2.210044855,41.41364914,2023-01-13 07:00:00
2023S000223    ,Sant Martí,Diagonal Mar i el Front Marítim del Poblenou,Litoral (Llobregat),Friday,2023,1,January,13,Morning,,Not caused by the pedestrian,Motorcycle,Woman,46,Driver,Desconegut,Unknown,Commuting,Minor injury: Hospitalization up to 24 hours,434299.84,4583908.15,2.212879771,41.402184166,2023-01-13 08:00:00
2023S000224    ,Eixample,la Nova Esquerra de l'Eixample,Josep Tarradellas,Friday,2023,1,January,13,Morning,,Not caused by the pedestrian,Furgoneta,Man,37,Passenger,Desconegut,Unknown,Unknown,Minor injury: Hospitalization up to 24 hours,428448.42,4582104.05,2.143097502,41.385435572,2023-01-13 07:00:00
2023S000225    ,Horta-Guinardó,Horta,Estatut,Friday,2023,1,January,13,Morning,,Not caused by the pedestrian,Motorcycle,Man,33,Driver,Desconegut,Unknown,Unknown,Minor injury: Medical assistance at accident site,429578.3,4586995.75,2.156040252,41.429593088,2023-01-13 11:00:00
2023S000226    ,Sants-Montjuïc,Sants,Brasil,Friday,2023,1,January,13,Morning,,Not caused by the pedestrian,Ciclomotor,Woman,37,Pedestrian,En pas regulat per semàfor,Unknown,Unknown,Minor injury: Hospitalization up to 24 hours,427339.93,4581173.57,2.129952715,41.376955687,2023-01-13 09:00:00
2023S000227    ,Les Corts,les Corts,Carles III,Friday,2023,1,January,13,Morning,,Not caused by the pedestrian,Motorcycle,Man,27,Driver,Desconegut,Unknown,Commuting,Minor injury: Medical assistance at accident site,427165.4,4582013.34,2.127764802,41.384503382,2023-01-13 12:00:00
2023S000228    ,Nou Barris,Vilapicina i la Torre Llobeta,Maragall,Friday,2023,1,January,13,Morning,,Not caused by the pedestrian,Bicicleta,Woman,69,Pedestrian,En pas regulat per semàfor,Unknown,Unknown,Minor injury: Hospitalization up to 24 hours,430408.36,4586777.12,2.165998908,41.427696356,2023-01-13 08:00:00
2023S000229    ,Eixample,Sant Antoni,Corts Catalanes,Friday,2023,1,January,13,Morning,,Not caused by the pedestrian,Veh. mobilitat personal amb motor,Man,25,Driver,Desconegut,Unknown,Unknown,Minor injury: Medical assistance at accident site,429495.19,4581450.36,2.155691971,41.379640473,2023-01-13 12:00:00
2023S000230    ,Sants-Montjuïc,el Poble-sec,Drassanes,Friday,2023,1,January,13,Morning,,Not caused by the pedestrian,Tot terreny,Woman,28,Passenger,Desconegut,Unknown,Unknown,Minor injury: Hospitalization up to 24 hours,431242.62,4580854.67,2.176655418,41.37442656,2023-01-13 13:00:00
2023S000231    ,Horta-Guinardó,Horta,Botticelli,Friday,2023,1,January,13,Afternoon,,Not caused by the pedestrian,Motorcycle,Woman,55,Driver,Desconegut,Unknown,Unknown,Minor injury: Hospitalization up to 24 hours,429270.14,4587461.07,2.152297976,41.433756942,2023-01-13 14:00:00
2023S000232    ,Eixample,l'Antiga Esquerra de l'Eixample,Aragó,Friday,2023,1,January,13,Afternoon,,Not caused by the pedestrian,Motorcycle,Woman,48,Driver,Desconegut,Unknown,Unknown,Minor injury: Hospitalization up to 24 hours,429748.98,4582339.33,2.158623665,41.387669351,2023-01-13 14:00:00
2023S000233    ,Eixample,Sant Antoni,Comte d'Urgell,Friday,2023,1,January,13,Afternoon,,Not caused by the pedestrian,Motorcycle,Man,25,Driver,Desconegut,Unknown,Commuting,Minor injury: Hospitalization up to 24 hours,429841.22,4581617.31,2.159810459,41.381174403,2023-01-13 14:00:00
2023S000234    ,Horta-Guinardó,el Baix Guinardó,Padilla,Friday,2023,1,January,13,Morning,,Not caused by the pedestrian,Motorcycle,Woman,23,Driver,Desconegut,Unknown,Leisure and entertainment,Minor injury: Medical assistance at accident site,430870.98,4584770.25,2.171764513,41.409661142,2023-01-13 13:00:00
2023S000235    ,Sant Martí,el Camp de l'Arpa del Clot,Meridiana,Friday,2023,1,January,13,Morning,,Not caused by the pedestrian,Motorcycle,Man,45,Driver,Desconegut,Unknown,Commuting,Minor injury: Refused medical assistance,432136.49,4585039.63,2.186874308,41.412195273,2023-01-13 13:00:00
2023S000236    ,Sarrià-Sant Gervasi,Sant Gervasi - Galvany,Balmes,Friday,2023,1,January,13,Afternoon,,Disobeying the traffic light signal,Motorcycle,Man,14,Pedestrian,En pas regulat per semàfor,Unknown,Unknown,Minor injury: Hospitalization up to 24 hours,428270.55,4584213.39,2.140720367,41.404417745,2023-01-13 14:00:00
2023S000237    ,Eixample,l'Antiga Esquerra de l'Eixample,Muntaner,Friday,2023,1,January,13,Afternoon,,Not caused by the pedestrian,Car,Woman,88,Passenger,Desconegut,Unknown,Unknown,Minor injury: Medical assistance at accident site,429843.94,4582176.52,2.159778201,41.386211266,2023-01-13 14:00:00
2023S000238    ,Sant Andreu,el Bon Pastor,Arbeca,Friday,2023,1,January,13,Morning,,Not caused by the pedestrian,Car,Man,21,Driver,Desconegut,Unknown,Unknown,Minor injury: Hospitalization up to 24 hours,433765.52,4588067.72,2.206032263,41.439604411,2023-01-13 09:00:00
2023S000239    ,Sant Andreu,la Sagrera,Meridiana,Friday,2023,1,January,13,Afternoon,,Not caused by the pedestrian,Bus,Woman,47,Passenger,Desconegut,Unknown,Unknown,Minor injury: Hospitalization up to 24 hours,432125.47,4586281.49,2.186603031,41.423379389,2023-01-13 16:00:00
2023S000240    ,Horta-Guinardó,el Guinardó,Sant Antoni Maria Claret,Friday,2023,1,January,13,Afternoon,,Not caused by the pedestrian,Motorcycle,Woman,38,Passenger,Desconegut,Unknown,Unknown,Minor injury: Hospitalization up to 24 hours,431505.83,4585332.32,2.179295913,41.414777908,2023-01-13 16:00:00
2023S000241    ,Horta-Guinardó,Horta,Horta a Cerdanyola,Friday,2023,1,January,13,Afternoon,,Not caused by the pedestrian,Motorcycle,Man,24,Driver,Desconegut,Unknown,Leisure and entertainment,Minor injury: Hospitalization up to 24 hours,429071.76,4588701.95,2.149778037,41.44491551,2023-01-13 17:00:00
2023S000243    ,Horta-Guinardó,el Guinardó,Maragall,Friday,2023,1,January,13,Afternoon,,Not caused by the pedestrian,Motorcycle,Man,24,Driver,Desconegut,Unknown,Unknown,Minor injury: Hospitalization up to 24 hours,431583.89,4585533.26,2.180207124,41.416594363,2023-01-13 19:00:00
2023S000244    ,Eixample,l'Antiga Esquerra de l'Eixample,Corts Catalanes,Friday,2023,1,January,13,Afternoon,,Not caused by the pedestrian,Motorcycle,Man,24,Driver,Desconegut,Unknown,Leisure and entertainment,Minor injury: Medical assistance at accident site,430121.36,4582099.83,2.163104777,41.385544703,2023-01-13 20:00:00
2023S000245    ,Eixample,l'Antiga Esquerra de l'Eixample,Mallorca,Friday,2023,1,January,13,Afternoon,,Not caused by the pedestrian,Motorcycle,Man,67,Driver,Desconegut,Unknown,Unknown,Minor injury: Refused medical assistance,429412.03,4582345.82,2.154593167,41.38769829,2023-01-13 20:00:00
2023S000246    ,Les Corts,la Maternitat i Sant Ramon,Mig (Descendent),Friday,2023,1,January,13,Night,,Not caused by the pedestrian,Motorcycle,Man,31,Driver,Desconegut,Unknown,Unknown,Serious injury: Hospitalization over 24 hours,427191.1,4581776.77,2.128100585,41.382375016,2023-01-13 22:00:00
2023S000247    ,Eixample,Sant Antoni,Paral·lel,Friday,2023,1,January,13,Afternoon,,Not caused by the pedestrian,Motorcycle,Man,50,Driver,Desconegut,Unknown,Unknown,Minor injury: Medical assistance at accident site,429971.35,4580950.64,2.161443664,41.375181254,2023-01-13 20:00:00
2023S000248    ,Sant Martí,el Clot,Meridiana,Friday,2023,1,January,13,Afternoon,,Not caused by the pedestrian,Motorcycle,Man,33,Passenger,Desconegut,Unknown,Unknown,Minor injury: Medical assistance at accident site,432167.38,4585295.01,2.187215229,41.414498012,2023-01-13 20:00:00
2023S000249    ,Les Corts,les Corts,Comas,Friday,2023,1,January,13,Afternoon,,Others,Bicicleta,Woman,80,Pedestrian,En pas regulat per semàfor,Unknown,Unknown,Serious injury: Hospitalization over 24 hours,427374.31,4582092.26,2.13025365,41.38523308,2023-01-13 20:00:00
2023S000251    ,Eixample,la Nova Esquerra de l'Eixample,Corts Catalanes,Friday,2023,1,January,13,Afternoon,,Not caused by the pedestrian,Veh. mobilitat personal amb motor,Woman,16,Driver,Desconegut,Unknown,Unknown,Minor injury: Hospitalization up to 24 hours,429167.08,4581201.32,2.151797559,41.377368619,2023-01-13 20:00:00
2023S000253    ,Gràcia,la Vila de Gràcia,Torrent de les Flors,Saturday,2023,1,January,14,Morning,,Not caused by the pedestrian,Veh. mobilitat personal amb motor,Man,31,Driver,Desconegut,Unknown,Unknown,Minor injury: Medical assistance at accident site,429921.11,4584361.26,2.160448111,41.405895214,2023-01-14 08:00:00
2023S000255    ,Sant Martí,la Verneda i la Pau,Guipúscoa,Saturday,2023,1,January,14,Morning,,Not caused by the pedestrian,Car,Woman,37,Passenger,Desconegut,Unknown,Unknown,Minor injury: Medical assistance at accident site,433983.96,4586430.89,2.208825686,41.42487995,2023-01-14 12:00:00
2023S000256    ,Sarrià-Sant Gervasi,Sant Gervasi - la Bonanova,Dalt (Llobregat),Sunday,2023,1,January,15,Morning,,Not caused by the pedestrian,Car,Woman,50,Passenger,Desconegut,Unknown,Unknown,Minor injury: Hospitalization up to 24 hours,427128.56,4584966.81,2.126968592,41.411100713,2023-01-15 13:00:00
2023S000257    ,Nou Barris,Porta,Andreu Nin,Saturday,2023,1,January,14,Morning,,Not caused by the pedestrian,Motorcycle,Man,25,Driver,Desconegut,Unknown,Other activities,Minor injury: Hospitalization up to 24 hours,431765.43,4587635.51,2.182141834,41.435544071,2023-01-14 12:00:00
2023S000258    ,Horta-Guinardó,la Clota,Clota,Saturday,2023,1,January,14,Morning,,Not caused by the pedestrian,Motorcycle,Man,70,Driver,Desconegut,Unknown,Other activities,Minor injury: Medical assistance at accident site,429022.46,4586612.7,2.149433433,41.426094162,2023-01-14 13:00:00
2023S000259    ,Eixample,la Dreta de l'Eixample,Gràcia,Saturday,2023,1,January,14,Morning,,Not caused by the pedestrian,Autobús articulat,Man,65,Passenger,Desconegut,Unknown,Unknown,Minor injury: Hospitalization up to 24 hours,430092.87,4583083.16,2.162650512,41.394398763,2023-01-14 12:00:00
2023S000260    ,Sant Martí,Provençals del Poblenou,Perú,Saturday,2023,1,January,14,Morning,,Not caused by the pedestrian,Bicicleta,Man,27,Driver,Desconegut,Unknown,Leisure and entertainment,Minor injury: Hospitalization up to 24 hours,433186.49,4584891.95,2.19945291,41.410953186,2023-01-14 13:00:00
2023S000261    ,Eixample,la Sagrada Família,Mallorca,Saturday,2023,1,January,14,Afternoon,,Not caused by the pedestrian,Motorcycle,Man,24,Driver,Desconegut,Unknown,Leisure and entertainment,Minor injury: Hospitalization up to 24 hours,431277.27,4584186.43,2.176691518,41.404437721,2023-01-14 17:00:00
2023S000262    ,Eixample,la Dreta de l'Eixample,Pau Claris,Saturday,2023,1,January,14,Afternoon,,Not caused by the pedestrian,Car,Woman,1,Passenger,Desconegut,Unknown,Unknown,Minor injury: Hospitalization up to 24 hours,430856.83,4582509.89,2.171853519,41.389301578,2023-01-14 18:00:00
2023S000263    ,Sant Andreu,la Sagrera,Meridiana,Saturday,2023,1,January,14,Afternoon,,Not caused by the pedestrian,Bus,Woman,61,Passenger,Desconegut,Unknown,Unknown,Minor injury: Hospitalization up to 24 hours,432175.72,4586039.62,2.18723147,41.421205188,2023-01-14 15:00:00
2023S000264    ,Nou Barris,la Prosperitat,Dalt (Llobregat),Saturday,2023,1,January,14,Afternoon,,Not caused by the pedestrian,Car,Man,29,Driver,Desconegut,Unknown,Unknown,Minor injury: Hospitalization up to 24 hours,432217.32,4588883.98,2.187410054,41.4468269,2023-01-14 18:00:00
2023S000265    ,Sant Martí,la Verneda i la Pau,Andrade,Saturday,2023,1,January,14,Afternoon,,Not caused by the pedestrian,Veh. mobilitat personal amb motor,Woman,82,Pedestrian,A la vorera / Andana,Unknown,Unknown,Minor injury: Hospitalization up to 24 hours,433683.88,4585776.49,2.205306601,41.41896122,2023-01-14 17:00:00
2023S000266    ,Sants-Montjuïc,el Poble-sec,Miramar,Saturday,2023,1,January,14,Afternoon,,Not caused by the pedestrian,Motorcycle,Woman,36,Passenger,Desconegut,Unknown,Unknown,Minor injury: Medical assistance at accident site,430147.04,4580256.91,2.163624399,41.368948308,2023-01-14 18:00:00
2023S000267    ,Eixample,la Nova Esquerra de l'Eixample,Mallorca,Saturday,2023,1,January,14,Afternoon,,Not caused by the pedestrian,Motorcycle,Man,28,Driver,Desconegut,Unknown,Leisure and entertainment,Minor injury: Medical assistance at accident site,429260.74,4582212.74,2.152799369,41.386486386,2023-01-14 19:00:00
2023S000268    ,Eixample,l'Antiga Esquerra de l'Eixample,Aragó,Saturday,2023,1,January,14,Afternoon,,Not caused by the pedestrian,Motorcycle,Man,27,Driver,Desconegut,Unknown,Leisure and entertainment,Minor injury: Hospitalization up to 24 hours,429830.93,4582396.05,2.15959717,41.388187366,2023-01-14 20:00:00
2023S000270    ,Sants-Montjuïc,la Marina de Port,Prat,Saturday,2023,1,January,14,Afternoon,,Not caused by the pedestrian,Veh. mobilitat personal amb motor,Man,53,Pedestrian,A la vorera / Andana,Commuting,Unknown,Minor injury: Hospitalization up to 24 hours,427638.21,4579304.62,2.133742527,41.360149613,2023-01-14 18:00:00
2023S000271    ,Sant Andreu,el Bon Pastor,Potosí,Saturday,2023,1,January,14,Afternoon,,Not caused by the pedestrian,Car,Woman,30,Passenger,Desconegut,Unknown,Unknown,Minor injury: Hospitalization up to 24 hours,433499.34,4588462.36,2.202802853,41.443136796,2023-01-14 17:00:00
2023S000272    ,Sant Andreu,la Trinitat Vella,Litoral (Besòs),Sunday,2023,1,January,15,Morning,,Not caused by the pedestrian,Motorcycle,Woman,40,Driver,Desconegut,Unknown,Unknown,Serious injury: Hospitalization over 24 hours,433363.25,4582786.07,2.201799588,41.39200074,2023-01-15 06:00:00
2023S000273    ,Eixample,la Sagrada Família,Sardenya,Saturday,2023,1,January,14,Afternoon,,Not caused by the pedestrian,Motorcycle,Man,24,Driver,Desconegut,Unknown,Unknown,Minor injury: Hospitalization up to 24 hours,431264.72,4583795.85,2.176585763,41.400918815,2023-01-14 18:00:00
2023S000274    ,Gràcia,Vallcarca i els Penitents,Vallcarca,Saturday,2023,1,January,14,Morning,,Not caused by the pedestrian,Motorcycle,Man,57,Driver,Desconegut,Unknown,Unknown,Minor injury: Hospitalization up to 24 hours,428681.18,4584971.95,2.145543083,41.411286352,2023-01-14 09:00:00
2023S000275    ,Sarrià-Sant Gervasi,el Putxet i el Farró,General Mitre,Sunday,2023,1,January,15,Morning,,Not caused by the pedestrian,Ciclomotor,Woman,27,Passenger,Desconegut,Unknown,Unknown,Minor injury: Medical assistance at accident site,428548.26,4584303.74,2.1440318,41.405256236,2023-01-15 07:00:00
2023S000276    ,Sant Andreu,Sant Andreu,Gran de Sant Andreu,Sunday,2023,1,January,15,Night,,Not caused by the pedestrian,Car,Man,42,Pedestrian,En pas regulat per semàfor,Unknown,Unknown,Minor injury: Hospitalization up to 24 hours,432282.84,4588476.84,2.188240026,41.443165466,2023-01-15 03:00:00
2023S000277    ,Les Corts,les Corts,Constança,Saturday,2023,1,January,14,Afternoon,,Not caused by the pedestrian,Taxi,Woman,22,Pedestrian,En pas regulat per semàfor,Unknown,Unknown,Minor injury: Hospitalization up to 24 hours,427881.58,4582339.4,2.136290632,41.387504637,2023-01-14 16:00:00
2023S000278    ,Sants-Montjuïc,la Marina del Prat Vermell,Cisell,Sunday,2023,1,January,15,Morning,,Not caused by the pedestrian,Car,Man,23,Passenger,Desconegut,Unknown,Unknown,Minor injury: Hospitalization up to 24 hours,428653.88,4578727.27,2.145952166,41.355040289,2023-01-15 08:00:00
2023S000279    ,Eixample,la Dreta de l'Eixample,Urquinaona,Sunday,2023,1,January,15,Afternoon,,Not caused by the pedestrian,Motorcycle,Man,41,Driver,Desconegut,Unknown,Unknown,Minor injury: Hospitalization up to 24 hours,430987.16,4582551.3,2.173407521,41.389685744,2023-01-15 14:00:00
2023S000280    ,Sant Andreu,el Bon Pastor,Lima,Wednesday,2023,1,January,18,Morning,,Not caused by the pedestrian,Motorcycle,Woman,33,Passenger,Desconegut,Unknown,Unknown,Minor injury: Hospitalization up to 24 hours,433765.52,4588067.72,2.206032263,41.439604411,2023-01-18 09:00:00
2023S000281    ,Les Corts,la Maternitat i Sant Ramon,Diagonal,Sunday,2023,1,January,15,Afternoon,,Not caused by the pedestrian,Veh. mobilitat personal amb motor,Man,17,Driver,Desconegut,Unknown,Leisure and entertainment,Minor injury: Hospitalization up to 24 hours,426270.62,4582154.02,2.117047205,41.385688877,2023-01-15 16:00:00
2023S000282    ,Eixample,l'Antiga Esquerra de l'Eixample,Aribau,Sunday,2023,1,January,15,Afternoon,,Not caused by the pedestrian,Bicicleta,Woman,29,Driver,Desconegut,Unknown,Unknown,Minor injury: Hospitalization up to 24 hours,429457.79,4582778.44,2.155090022,41.391598768,2023-01-15 19:00:00
2023S000283    ,Les Corts,les Corts,Mig (Ascendent),Monday,2023,1,January,16,Morning,,Others,Veh. mobilitat personal amb motor,Woman,54,Pedestrian,A la vorera / Andana,Unknown,Unknown,Minor injury: Hospitalization up to 24 hours,427112.71,4582502.61,2.127075797,41.388905266,2023-01-16 08:00:00
2023S000284    ,Horta-Guinardó,el Baix Guinardó,Sant Antoni Maria Claret,Monday,2023,1,January,16,Morning,,Not caused by the pedestrian,Motorcycle,Man,42,Driver,Desconegut,Unknown,Unknown,Minor injury: Hospitalization up to 24 hours,430807.89,4584665.36,2.171021733,41.408711001,2023-01-16 06:00:00