Case_Number,District_Name,Neighborhood_Name,Street_Name,Day_of_Week,Year,Month_Code,Month_Name,Day_of_Month,Shift_Description,Hour_of_Day,Pedestrian_Cause_Description,Involved_Vehicle_Type,Gender_Description,Age,Person_Type_Description,Pedestrian_Accident_Location_Description,Pedestrian_Movement_Reason_Description,Driver_Movement_Reason_Description,Victimization_Description,UTM_X_Coordinate,UTM_Y_Coordinate,Longitude,Latitude,datetime
2023S000285    ,Sants-Montjuïc,la Bordeta,Mig (Descendent),Monday,2023,1,January,16,Morning,,Not caused by the pedestrian,Bicicleta,Man,29,Driver,Desconegut,Unknown,Commuting,Minor injury: Hospitalization up to 24 hours,427736.83,4579867.08,2.13485442,41.365224358,2023-01-16 10:00:00
2023S000286    ,Eixample,l'Antiga Esquerra de l'Eixample,Diagonal,Wednesday,2023,1,January,11,Morning,,Not caused by the pedestrian,Veh. mobilitat personal amb motor,Woman,61,Pedestrian,En pas regulat per semàfor,Unknown,Unknown,Minor injury: Hospitalization up to 24 hours,428614.3,4582926.6,2.144984276,41.392858727,2023-01-11 08:00:00
2023S000287    ,Sarrià-Sant Gervasi,Sarrià,Dalt (Llobregat),Monday,2023,1,January,16,Morning,,Not caused by the pedestrian,Motorcycle,Man,24,Driver,Desconegut,Unknown,Commuting,Minor injury: Hospitalization up to 24 hours,426082.19,4583902.0,2.114580314,41.40141486,2023-01-16 08:00:00
2023S000288    ,Sarrià-Sant Gervasi,el Putxet i el Farró,Sant Gervasi,Monday,2023,1,January,16,Morning,,Not caused by the pedestrian,Autobús articulat,Woman,87,Passenger,Desconegut,Unknown,Unknown,Minor injury: Hospitalization up to 24 hours,428054.34,4584899.3,2.138052372,41.410576126,2023-01-16 08:00:00
2023S000289    ,Sarrià-Sant Gervasi,Sarrià,Augusta,Monday,2023,1,January,16,Morning,,Not caused by the pedestrian,Motorcycle,Man,54,Driver,Desconegut,Unknown,Unknown,Minor injury: Hospitalization up to 24 hours,427126.64,4583473.59,2.127125495,41.397651747,2023-01-16 10:00:00
2023S000290    ,Les Corts,les Corts,Marquès de Sentmenat,Monday,2023,1,January,16,Morning,,Not caused by the pedestrian,Motorcycle,Man,59,Driver,Desconegut,Unknown,Commuting,Minor injury: Hospitalization up to 24 hours,428408.37,4582110.79,2.142617747,41.385492712,2023-01-16 13:00:00
2023S000291    ,Gràcia,el Camp d'en Grassot i Gràcia Nova,Rosselló,Monday,2023,1,January,16,Morning,,Not caused by the pedestrian,Veh. mobilitat personal amb motor,Man,34,Driver,Desconegut,Unknown,Unknown,Minor injury: Hospitalization up to 24 hours,430696.79,4583995.83,2.169769311,41.402671189,2023-01-16 13:00:00
2023S000292    ,Sants-Montjuïc,la Marina del Prat Vermell,Litoral (Besòs),Monday,2023,1,January,16,Morning,,Not caused by the pedestrian,Motorcycle,Man,51,Driver,Desconegut,Unknown,Commuting,Minor injury: Refused medical assistance,427242.19,4577339.41,2.12924409,41.342413928,2023-01-16 10:00:00
2023S000293    ,Eixample,la Dreta de l'Eixample,Provença,Monday,2023,1,January,16,Morning,,Walking on the road,Bicicleta,Woman,66,Pedestrian,Fora del pas,Leisure and entertainment,Unknown,Minor injury: Hospitalization up to 24 hours,429919.95,4583031.43,2.160588255,41.39391779,2023-01-16 13:00:00
2023S000294    ,Eixample,la Dreta de l'Eixample,Gràcia,Monday,2023,1,January,16,Afternoon,,Not caused by the pedestrian,Motorcycle,Woman,28,Driver,Desconegut,Unknown,Commuting,Minor injury: Hospitalization up to 24 hours,430187.73,4582930.63,2.163802698,41.39303322,2023-01-16 14:00:00
2023S000295    ,Eixample,la Sagrada Família,Aragó,Monday,2023,1,January,16,Afternoon,,Not caused by the pedestrian,Car,Woman,27,Driver,Desconegut,Unknown,Unknown,Minor injury: Medical assistance at accident site,431379.76,4583943.12,2.177945163,41.402255063,2023-01-16 15:00:00
2023S000296    ,Sant Martí,el Besòs i el Maresme,Maresme,Monday,2023,1,January,16,Afternoon,,Not caused by the pedestrian,Motorcycle,Man,30,Driver,Desconegut,Unknown,Leisure and entertainment,Minor injury: Medical assistance at accident site,434134.78,4585450.25,2.210737328,41.41605997,2023-01-16 15:00:00
2023S000297    ,Horta-Guinardó,Montbau,Dalt (Besòs),Monday,2023,1,January,16,Afternoon,,Not caused by the pedestrian,Motorcycle,Man,29,Driver,Desconegut,Unknown,Leisure and entertainment,Minor injury: Hospitalization up to 24 hours,428733.32,4587304.22,2.145891876,41.432296778,2023-01-16 15:00:00
2023S000298    ,Gràcia,el Camp d'en Grassot i Gràcia Nova,Sardenya,Monday,2023,1,January,16,Afternoon,,Not caused by the pedestrian,Motorcycle,Man,62,Driver,Desconegut,Unknown,Unknown,Serious injury: Hospitalization over 24 hours,430246.72,4584840.91,2.164288011,41.41024359,2023-01-16 16:00:00
2023S000300    ,Eixample,la Nova Esquerra de l'Eixample,Rocafort,Monday,2023,1,January,16,Afternoon,,Not caused by the pedestrian,Motorcycle,Man,47,Driver,Desconegut,Unknown,Unknown,Minor injury: Hospitalization up to 24 hours,428909.27,4581807.57,2.148643625,41.382806159,2023-01-16 17:00:00
2023S000301    ,Sants-Montjuïc,la Font de la Guatlla,Sant Fructuós,Monday,2023,1,January,16,Afternoon,,Not caused by the pedestrian,Motorcycle,Woman,43,Driver,Desconegut,Unknown,Leisure and entertainment,Minor injury: Medical assistance at accident site,428675.97,4580502.79,2.146007318,41.37103379,2023-01-16 19:00:00
2023S000302    ,Sarrià-Sant Gervasi,les Tres Torres,Sarrià,Monday,2023,1,January,16,Afternoon,,Not caused by the pedestrian,Motorcycle,Woman,36,Driver,Desconegut,Unknown,Leisure and entertainment,Minor injury: Hospitalization up to 24 hours,427430.32,4582878.74,2.1308292,41.392321652,2023-01-16 19:00:00
2023S000303    ,Eixample,la Dreta de l'Eixample,Nàpols,Monday,2023,1,January,16,Afternoon,,Disobeying the traffic light signal,Motorcycle,Man,70,Pedestrian,En pas regulat per semàfor,Unknown,Unknown,Minor injury: Hospitalization up to 24 hours,431259.15,4583419.25,2.176561918,41.397526417,2023-01-16 19:00:00
2023S000304    ,Ciutat Vella,el Barri Gòtic,Colom,Monday,2023,1,January,16,Afternoon,,Not caused by the pedestrian,Bicicleta,Man,41,Driver,Desconegut,Unknown,On a mission,Minor injury: Hospitalization up to 24 hours,431390.14,4581135.2,2.17838756,41.376965818,2023-01-16 20:00:00
2023S000305    ,Nou Barris,la Guineueta,Valldaura,Monday,2023,1,January,16,Afternoon,,Not caused by the pedestrian,Ciclomotor,Man,19,Driver,Desconegut,Unknown,Other activities,Serious injury: Hospitalization over 24 hours,430446.33,4588059.23,2.16630566,41.439247122,2023-01-16 20:00:00
2023S000306    ,Eixample,la Nova Esquerra de l'Eixample,Aragó,Monday,2023,1,January,16,Afternoon,,Not caused by the pedestrian,Motorcycle,Man,36,Driver,Desconegut,Unknown,Other activities,Minor injury: Medical assistance at accident site,429094.48,4581660.17,2.150875726,41.381494931,2023-01-16 20:00:00
2023S000308    ,Horta-Guinardó,la Teixonera,Vall d'Hebron,Monday,2023,1,January,16,Afternoon,,Not caused by the pedestrian,Car,Woman,36,Passenger,Desconegut,Unknown,Unknown,Minor injury: Hospitalization up to 24 hours,428467.51,4586412.4,2.142816346,41.424240894,2023-01-16 18:00:00
2023S000309    ,Eixample,l'Antiga Esquerra de l'Eixample,Aragó,Tuesday,2023,1,January,17,Morning,,Not caused by the pedestrian,Motorcycle,Woman,50,Driver,Desconegut,Unknown,Commuting,Minor injury: Hospitalization up to 24 hours,429830.93,4582396.05,2.15959717,41.388187366,2023-01-17 07:00:00
2023S000310    ,Eixample,la Dreta de l'Eixample,Diagonal,Tuesday,2023,1,January,17,Morning,,Not caused by the pedestrian,Bicicleta,Man,30,Driver,Desconegut,Unknown,Commuting,Minor injury: Medical assistance at accident site,430368.98,4583521.24,2.165902583,41.398368374,2023-01-17 08:00:00
2023S000311    ,Sarrià-Sant Gervasi,Sarrià,Dalt (Llobregat),Tuesday,2023,1,January,17,Morning,,Not caused by the pedestrian,Motorcycle,Woman,24,Passenger,Desconegut,Unknown,Unknown,Minor injury: Refused medical assistance,425910.22,4583445.84,2.112579087,41.397290598,2023-01-17 08:00:00
2023S000312    ,Sant Andreu,Navas,Meridiana,Tuesday,2023,1,January,17,Morning,,Not caused by the pedestrian,Motorcycle,Woman,31,Driver,Desconegut,Unknown,On a mission,Minor injury: Medical assistance at accident site,432117.67,4585460.71,2.18660187,41.415986222,2023-01-17 08:00:00
2023S000313    ,Sant Andreu,Baró de Viver,Ciutat d'Asunción,Tuesday,2023,1,January,17,Morning,,Not caused by the pedestrian,Motorcycle,Woman,28,Driver,Desconegut,Unknown,Leisure and entertainment,Minor injury: Hospitalization up to 24 hours,433242.65,4588428.8,2.199734042,41.442813216,2023-01-17 08:00:00
2023S000314    ,Eixample,la Dreta de l'Eixample,Mallorca,Tuesday,2023,1,January,17,Morning,,Not caused by the pedestrian,Ciclomotor,Woman,41,Driver,Desconegut,Unknown,Commuting,Minor injury: Hospitalization up to 24 hours,429900.74,4582855.73,2.160378839,41.392333643,2023-01-17 09:00:00
2023S000315    ,Eixample,la Nova Esquerra de l'Eixample,Calàbria,Tuesday,2023,1,January,17,Morning,,Not caused by the pedestrian,Motorcycle,Woman,40,Driver,Desconegut,Unknown,On a mission,Minor injury: Hospitalization up to 24 hours,428944.44,4581947.94,2.149047737,41.384073532,2023-01-17 12:00:00
2023S000316    ,Sants-Montjuïc,la Marina de Port,Mare de Déu de Port,Tuesday,2023,1,January,17,Morning,,Not caused by the pedestrian,Motorcycle,Man,44,Driver,Desconegut,Unknown,Commuting,Minor injury: Medical assistance at accident site,428140.28,4579489.01,2.139722602,41.361855342,2023-01-17 13:00:00
2023S000317    ,Sant Martí,el Parc i la Llacuna del Poblenou,Bolívia,Tuesday,2023,1,January,17,Morning,,Not caused by the pedestrian,Taxi,Woman,35,Pedestrian,En pas regulat per semàfor,Unknown,Unknown,Minor injury: Hospitalization up to 24 hours,432422.94,4583950.03,2.190423152,41.402405709,2023-01-17 09:00:00
2023S000318    ,Horta-Guinardó,el Guinardó,Sant Quintí,Tuesday,2023,1,January,17,Morning,,Not caused by the pedestrian,Car,Woman,48,Pedestrian,En pas sense regular,Unknown,Unknown,Minor injury: Hospitalization up to 24 hours,431234.07,4585376.83,2.176039378,41.415155573,2023-01-17 11:00:00
2023S000319    ,Eixample,la Nova Esquerra de l'Eixample,València,Tuesday,2023,1,January,17,Morning,,Not caused by the pedestrian,Motorcycle,Man,48,Driver,Desconegut,Unknown,Unknown,Minor injury: Hospitalization up to 24 hours,429019.1,4581772.61,2.14996113,41.382500989,2023-01-17 09:00:00
2023S000320    ,Sants-Montjuïc,Hostafrancs,Espanya,Monday,2023,1,January,16,Morning,,Not caused by the pedestrian,Motorcycle,Man,58,Driver,Desconegut,Unknown,Commuting,Minor injury: Hospitalization up to 24 hours,428856.77,4580938.01,2.148117932,41.374969684,2023-01-16 06:00:00
2023S000321    ,Sant Martí,Diagonal Mar i el Front Marítim del Poblenou,Bac de Roda,Tuesday,2023,1,January,17,Afternoon,,Not caused by the pedestrian,Veh. mobilitat personal amb motor,Man,31,Driver,Desconegut,Unknown,On a mission,Minor injury: Hospitalization up to 24 hours,433744.76,4584320.11,2.206194629,41.405849009,2023-01-17 14:00:00
2023S000322    ,Eixample,la Sagrada Família,Lepant,Tuesday,2023,1,January,17,Afternoon,,Others,Bicicleta,Man,43,Driver,Desconegut,Unknown,On a mission,Serious injury: Hospitalization over 24 hours,431089.06,4584377.39,2.174418284,41.406141516,2023-01-17 14:00:00
2023S000323    ,Sarrià-Sant Gervasi,Sant Gervasi - Galvany,Muntaner,Tuesday,2023,1,January,17,Morning,,Not caused by the pedestrian,Bicicleta,Woman,72,Driver,Desconegut,Unknown,Unknown,Minor injury: Hospitalization up to 24 hours,429001.92,4583052.43,2.149605603,41.394026363,2023-01-17 12:00:00
2023S000324    ,Sarrià-Sant Gervasi,Sant Gervasi - Galvany,Ganduxer,Tuesday,2023,1,January,17,Afternoon,,Not caused by the pedestrian,Motorcycle,Man,44,Driver,Desconegut,Unknown,Unknown,Minor injury: Hospitalization up to 24 hours,427815.43,4583480.39,2.135363454,41.397775152,2023-01-17 16:00:00
2023S000325    ,Les Corts,Pedralbes,Pius XII,Tuesday,2023,1,January,17,Afternoon,,Not caused by the pedestrian,Motorcycle,Woman,67,Driver,Desconegut,Unknown,Other activities,Minor injury: Refused medical assistance,426793.07,4582325.32,2.12327447,41.387279445,2023-01-17 16:00:00
2023S000326    ,Sant Andreu,la Sagrera,Garcilaso,Tuesday,2023,1,January,17,Afternoon,,Not caused by the pedestrian,Bus,Man,53,Driver,Desconegut,Unknown,Bus urbà,Minor injury: Hospitalization up to 24 hours,432317.88,4586209.49,2.188913493,41.422747149,2023-01-17 20:00:00
2023S000327    ,Sant Andreu,el Congrés i els Indians,Doctor Modrego,Tuesday,2023,1,January,17,Afternoon,,Not caused by the pedestrian,Veh. mobilitat personal amb motor,Man,25,Driver,Desconegut,Unknown,On a mission,Minor injury: Hospitalization up to 24 hours,431624.31,4586491.29,2.180582366,41.425226466,2023-01-17 18:00:00
2023S000328    ,Sarrià-Sant Gervasi,Sant Gervasi - la Bonanova,General Mitre,Tuesday,2023,1,January,17,Afternoon,,Not caused by the pedestrian,Motorcycle,Woman,24,Driver,Desconegut,Unknown,Leisure and entertainment,Minor injury: Hospitalization up to 24 hours,427714.85,4583654.89,2.134139547,41.399337763,2023-01-17 21:00:00
2023S000329    ,Horta-Guinardó,el Guinardó,Sant Quintí,Tuesday,2023,1,January,17,Afternoon,,Not caused by the pedestrian,Furgoneta,Woman,68,Pedestrian,En pas sense regular,Unknown,Unknown,Minor injury: Hospitalization up to 24 hours,431214.09,4585366.03,2.175801555,41.41505659,2023-01-17 21:00:00
2023S000330    ,Sant Martí,el Parc i la Llacuna del Poblenou,Sancho de Ávila,Tuesday,2023,1,January,17,Night,,Not caused by the pedestrian,Motorcycle,Man,27,Driver,Desconegut,Unknown,Unknown,Minor injury: Medical assistance at accident site,432763.24,4583926.12,2.194496572,41.402218906,2023-01-17 22:00:00
2023S000331    ,Les Corts,Pedralbes,Dalt (Besòs),Wednesday,2023,1,January,18,Morning,,Not caused by the pedestrian,Furgoneta,Man,44,Passenger,Desconegut,Unknown,Unknown,Minor injury: Medical assistance at accident site,425483.61,4582534.73,2.107588533,41.389045208,2023-01-18 06:00:00
2023S000332    ,Sant Andreu,Sant Andreu,Meridiana,Tuesday,2023,1,January,17,Afternoon,,Not caused by the pedestrian,Motorcycle,Man,44,Driver,Desconegut,Unknown,Leisure and entertainment,Minor injury: Hospitalization up to 24 hours,431939.54,4587688.55,2.184219663,41.436036568,2023-01-17 20:00:00
2023S000333    ,Sant Martí,el Parc i la Llacuna del Poblenou,Diagonal,Wednesday,2023,1,January,18,Morning,,Not caused by the pedestrian,Bicicleta,Woman,46,Driver,Desconegut,Unknown,Unknown,Minor injury: Hospitalization up to 24 hours,432420.06,4584146.89,2.190366709,41.404178529,2023-01-18 08:00:00
2023S000334    ,Sants-Montjuïc,la Marina del Prat Vermell,Longitudinal 9,Wednesday,2023,1,January,18,Morning,,Not caused by the pedestrian,Altres vehicles amb motor,Woman,37,Pedestrian,En pas sense regular,Commuting,Unknown,Minor injury: Medical assistance at accident site,426554.03,4575908.84,2.121192918,41.32946679,2023-01-18 09:00:00
2023S000335    ,Eixample,l'Antiga Esquerra de l'Eixample,Corts Catalanes,Wednesday,2023,1,January,18,Morning,,Not caused by the pedestrian,Motorcycle,Man,33,Driver,Desconegut,Unknown,Unknown,Minor injury: Hospitalization up to 24 hours,429737.74,4581724.85,2.15856054,41.382133946,2023-01-18 10:00:00
2023S000336    ,Unknown,Unknown,Unknown,Wednesday,2023,1,January,18,Morning,,Not caused by the pedestrian,Motorcycle,Woman,26,Driver,Desconegut,Unknown,Commuting,Minor injury: Hospitalization up to 24 hours,425845.4,4575752.83,2.112744772,41.327996746,2023-01-18 08:00:00
2023S000337    ,Sarrià-Sant Gervasi,Sant Gervasi - la Bonanova,Iradier,Wednesday,2023,1,January,18,Morning,,Not caused by the pedestrian,Veh. mobilitat personal amb motor,Man,30,Driver,En pas regulat per semàfor,Unknown,Unknown,Minor injury: Hospitalization up to 24 hours,426843.82,4584433.35,2.123626583,41.406270195,2023-01-18 11:00:00
2023S000338    ,Eixample,la Nova Esquerra de l'Eixample,Aragó,Thursday,2023,1,January,12,Afternoon,,Not caused by the pedestrian,Bicicleta,Man,54,Driver,Desconegut,Unknown,Commuting,Minor injury: Hospitalization up to 24 hours,428944.41,4581512.66,2.149098448,41.380153111,2023-01-12 20:00:00
2023S000339    ,Nou Barris,la Guineueta,Dalt (Llobregat),Wednesday,2023,1,January,18,Morning,,Not caused by the pedestrian,Motorcycle,Man,51,Driver,Desconegut,Unknown,Unknown,Minor injury: Hospitalization up to 24 hours,430073.98,4588159.76,2.161837381,41.440120197,2023-01-18 13:00:00
2023S000340    ,Nou Barris,Vilapicina i la Torre Llobeta,Meridiana,Wednesday,2023,1,January,18,Morning,,Not caused by the pedestrian,Motorcycle,Woman,32,Driver,Desconegut,Unknown,Leisure and entertainment,Minor injury: Hospitalization up to 24 hours,431820.11,4587013.46,2.182866472,41.429946127,2023-01-18 11:00:00
2023S000341    ,Sant Martí,Provençals del Poblenou,C-31,Wednesday,2023,1,January,18,Morning,,Not caused by the pedestrian,Motorcycle,Woman,34,Driver,Desconegut,Unknown,Unknown,Minor injury: Hospitalization up to 24 hours,433437.96,4585319.46,2.202414404,41.41482453,2023-01-18 10:00:00
2023S000344    ,Eixample,la Dreta de l'Eixample,Gràcia,Wednesday,2023,1,January,18,Afternoon,,Not caused by the pedestrian,Veh. mobilitat personal amb motor,Man,41,Driver,Desconegut,Unknown,Unknown,Minor injury: Hospitalization up to 24 hours,430187.73,4582930.63,2.163802698,41.39303322,2023-01-18 14:00:00
2023S000345    ,Horta-Guinardó,el Baix Guinardó,Marina,Wednesday,2023,1,January,18,Afternoon,,Not caused by the pedestrian,Bicicleta,Man,23,Driver,Desconegut,Unknown,Unknown,Minor injury: Hospitalization up to 24 hours,430657.96,4584640.3,2.169230939,41.408472367,2023-01-18 15:00:00
2023S000346    ,Sants-Montjuïc,el Poble-sec,Litoral (Llobregat),Wednesday,2023,1,January,18,Afternoon,,Not caused by the pedestrian,Car,Woman,18,Passenger,Desconegut,Unknown,Unknown,Minor injury: Refused medical assistance,429885.56,4578810.87,2.160665376,41.355901489,2023-01-18 19:00:00
2023S000347    ,Eixample,la Dreta de l'Eixample,Corts Catalanes,Wednesday,2023,1,January,18,Afternoon,,Not caused by the pedestrian,Car,Man,24,Driver,Desconegut,Unknown,On a mission,Minor injury: Hospitalization up to 24 hours,430452.15,4582422.95,2.167023614,41.388483628,2023-01-18 17:00:00
2023S000348    ,Eixample,la Dreta de l'Eixample,Corts Catalanes,Wednesday,2023,1,January,18,Afternoon,,Not caused by the pedestrian,Motorcycle,Woman,48,Driver,Desconegut,Unknown,Commuting,Minor injury: Hospitalization up to 24 hours,430694.58,4582659.98,2.169895858,41.390639421,2023-01-18 17:00:00
2023S000349    ,Eixample,Sant Antoni,Muntaner,Wednesday,2023,1,January,18,Afternoon,,Crossing outside the pedestrian crossing,Motorcycle,Woman,16,Passenger,Fora del pas,Unknown,Unknown,Minor injury: Hospitalization up to 24 hours,430058.32,4581956.92,2.162367383,41.384252076,2023-01-18 21:00:00
2023S000350    ,Eixample,la Dreta de l'Eixample,Provença,Thursday,2023,1,January,19,Night,,Not caused by the pedestrian,Motorcycle,Man,25,Driver,Desconegut,Unknown,Unknown,Minor injury: Hospitalization up to 24 hours,430696.57,4583807.33,2.169788271,41.400973412,2023-01-19 00:00:00
2023S000351    ,Nou Barris,Canyelles,Dalt (Besòs),Thursday,2023,1,January,19,Morning,,Not caused by the pedestrian,Motorcycle,Man,60,Driver,Desconegut,Unknown,Unknown,Minor injury: Medical assistance at accident site,430069.4,4588237.98,2.161773503,41.440824294,2023-01-19 09:00:00
2023S000353    ,Horta-Guinardó,Horta,Logronyo,Thursday,2023,1,January,19,Morning,,Not caused by the pedestrian,Motorcycle,Man,40,Driver,Desconegut,Unknown,Unknown,Minor injury: Hospitalization up to 24 hours,429786.89,4588075.75,2.15841094,41.439338486,2023-01-19 08:00:00
2023S000354    ,Sant Martí,el Camp de l'Arpa del Clot,València,Thursday,2023,1,January,19,Morning,,Not caused by the pedestrian,Car,Woman,48,Driver,Desconegut,Unknown,Commuting,Minor injury: Medical assistance at accident site,432134.81,4584834.86,2.186877189,41.410350829,2023-01-19 09:00:00
2023S000355    ,Horta-Guinardó,Horta,Urrutia,Thursday,2023,1,January,19,Morning,,Not caused by the pedestrian,Motorcycle,Woman,20,Passenger,Desconegut,Unknown,Unknown,Minor injury: Refused medical assistance,430238.39,4587675.04,2.163861215,41.435768825,2023-01-19 09:00:00
2023S000356    ,Eixample,la Nova Esquerra de l'Eixample,París,Thursday,2023,1,January,19,Morning,,Not caused by the pedestrian,Motorcycle,Man,33,Driver,Desconegut,Unknown,Commuting,Minor injury: Hospitalization up to 24 hours,428885.89,4582593.13,2.148271772,41.389879356,2023-01-19 10:00:00
2023S000357    ,Sarrià-Sant Gervasi,Sant Gervasi - Galvany,Bori i Fontestà,Thursday,2023,1,January,19,Morning,,Not caused by the pedestrian,Veh. mobilitat personal amb motor,Woman,30,Driver,Desconegut,Unknown,Commuting,Minor injury: Hospitalization up to 24 hours,428222.62,4582992.41,2.140291834,41.393416573,2023-01-19 12:00:00
2023S000358    ,Sants-Montjuïc,la Bordeta,Badal,Thursday,2023,1,January,19,Morning,,Not caused by the pedestrian,Motorcycle,Woman,49,Driver,Desconegut,Unknown,Leisure and entertainment,Minor injury: Medical assistance at accident site,427505.51,4580539.12,2.132008538,41.371256372,2023-01-19 09:00:00
2023S000359    ,Gràcia,la Vila de Gràcia,Sant Lluís,Thursday,2023,1,January,19,Morning,,Not caused by the pedestrian,Ambulància,Woman,56,Passenger,Desconegut,Unknown,Unknown,Minor injury: Hospitalization up to 24 hours,429941.66,4584339.31,2.160696489,41.40569931,2023-01-19 12:00:00
2023S000360    ,Eixample,l'Antiga Esquerra de l'Eixample,Corts Catalanes,Thursday,2023,1,January,19,Morning,,Not caused by the pedestrian,Car,Woman,43,Passenger,Desconegut,Unknown,Unknown,Minor injury: Medical assistance at accident site,430197.26,4582210.36,2.163999731,41.386546805,2023-01-19 13:00:00
2023S000361    ,Horta-Guinardó,Horta,Maragall,Thursday,2023,1,January,19,Afternoon,,Not caused by the pedestrian,Motorcycle,Woman,31,Driver,Desconegut,Unknown,Unknown,Minor injury: Hospitalization up to 24 hours,430114.19,4586922.88,2.162461767,41.428983607,2023-01-19 14:00:00
2023S000362    ,Eixample,l'Antiga Esquerra de l'Eixample,Provença,Thursday,2023,1,January,19,Morning,,Not caused by the pedestrian,Bus,Woman,65,Passenger,Desconegut,Unknown,Unknown,Minor injury: Hospitalization up to 24 hours,429263.55,4582400.41,2.152811049,41.388176913,2023-01-19 10:00:00
2023S000363    ,Sants-Montjuïc,la Marina del Prat Vermell,29 del BZ (No Oficial),Thursday,2023,1,January,19,Afternoon,,Not caused by the pedestrian,Car,Man,48,Passenger,Desconegut,Unknown,Unknown,Minor injury: Medical assistance at accident site,427128.37,4576711.44,2.127959214,41.336747713,2023-01-19 14:00:00
2023S000364    ,Sants-Montjuïc,la Marina de Port,Alts Forns,Thursday,2023,1,January,19,Afternoon,,Not caused by the pedestrian,Motorcycle,Man,29,Driver,Desconegut,Unknown,Unknown,Minor injury: Hospitalization up to 24 hours,428026.7,4579013.79,2.138421201,41.357565042,2023-01-19 14:00:00
2023S000365    ,Gràcia,el Camp d'en Grassot i Gràcia Nova,Providència,Thursday,2023,1,January,19,Afternoon,,Not caused by the pedestrian,Bus,Woman,80,Passenger,Desconegut,Unknown,Unknown,Minor injury: Hospitalization up to 24 hours,430200.04,4584849.32,2.163728578,41.410315281,2023-01-19 17:00:00
2023S000366    ,Sant Martí,Provençals del Poblenou,C-31,Monday,2023,1,January,16,Afternoon,,Not caused by the pedestrian,Car,Woman,23,Passenger,Desconegut,Unknown,Unknown,Minor injury: Hospitalization up to 24 hours,433081.87,4584996.69,2.198189661,41.411887841,2023-01-16 21:00:00
2023S000367    ,Eixample,la Sagrada Família,Lepant,Thursday,2023,1,January,19,Afternoon,,Not caused by the pedestrian,Motorcycle,Man,28,Driver,Desconegut,Unknown,Unknown,Minor injury: Hospitalization up to 24 hours,431557.65,4583899.32,2.180078076,41.401875741,2023-01-19 17:00:00
2023S000368    ,Eixample,l'Antiga Esquerra de l'Eixample,Corts Catalanes,Thursday,2023,1,January,19,Morning,,Not caused by the pedestrian,Motorcycle,Man,45,Driver,Desconegut,Unknown,Leisure and entertainment,Minor injury: Hospitalization up to 24 hours,429928.15,4581911.44,2.160815961,41.383831119,2023-01-19 13:00:00
2023S000369    ,Sant Andreu,el Bon Pastor,Litoral (Besòs),Thursday,2023,1,January,19,Night,,Not caused by the pedestrian,Motorcycle,Woman,52,Driver,Desconegut,Unknown,On a mission,Minor injury: Medical assistance at accident site,433753.25,4588556.56,2.205831765,41.44400623,2023-01-19 22:00:00
2023S000370    ,Sant Martí,el Camp de l'Arpa del Clot,Provença,Thursday,2023,1,January,19,Night,,Not caused by the pedestrian,Motorcycle,Woman,26,Driver,Desconegut,Unknown,Unknown,Minor injury: Medical assistance at accident site,431660.6,4584737.39,2.181214896,41.409432745,2023-01-19 22:00:00
2023S000371    ,Gràcia,la Vila de Gràcia,Gràcia,Friday,2023,1,January,20,Night,,Not caused by the pedestrian,Ciclomotor,Woman,22,Passenger,Desconegut,Unknown,Unknown,Minor injury: Hospitalization up to 24 hours,429710.59,4583870.26,2.157986748,41.401454561,2023-01-20 03:00:00
2023S000372    ,Eixample,l'Antiga Esquerra de l'Eixample,Casanova,Friday,2023,1,January,20,Morning,,Not caused by the pedestrian,Motorcycle,Woman,60,Driver,Desconegut,Unknown,Commuting,Minor injury: Hospitalization up to 24 hours,429361.23,4582493.6,2.153968384,41.389024832,2023-01-20 06:00:00
2023S000373    ,Sant Andreu,Sant Andreu,Dublín,Thursday,2023,1,January,19,Night,,Not caused by the pedestrian,Motorcycle,Man,51,Driver,Desconegut,Unknown,Unknown,Minor injury: Medical assistance at accident site,431926.84,4586869.18,2.184159998,41.428655703,2023-01-19 22:00:00
2023S000374    ,Les Corts,la Maternitat i Sant Ramon,Doctor Marañón,Friday,2023,1,January,20,Morning,,Not caused by the pedestrian,Car,Man,49,Driver,Desconegut,Unknown,Commuting,Minor injury: Hospitalization up to 24 hours,426410.27,4581606.2,2.118783845,41.380767684,2023-01-20 06:00:00
2023S000375    ,Sants-Montjuïc,la Marina de Port,Mare de Déu de Port,Thursday,2023,1,January,19,Morning,,Not caused by the pedestrian,Furgoneta,Woman,22,Pedestrian,En pas sense regular,Unknown,Unknown,Minor injury: Hospitalization up to 24 hours,428585.44,4578848.59,2.145119784,41.356126911,2023-01-19 10:00:00
2023S000376    ,Sant Andreu,la Trinitat Vella,B-20 (Llobregat),Friday,2023,1,January,20,Morning,,Not caused by the pedestrian,Motorcycle,Man,32,Driver,Desconegut,Unknown,On a mission,Minor injury: Hospitalization up to 24 hours,432838.99,4589349.79,2.19479988,41.451074575,2023-01-20 06:00:00