Case_Number,District_Name,Neighborhood_Name,Street_Name,Day_of_Week,Year,Month_Code,Month_Name,Day_of_Month,Shift_Description,Hour_of_Day,Pedestrian_Cause_Description,Involved_Vehicle_Type,Gender_Description,Age,Person_Type_Description,Pedestrian_Accident_Location_Description,Pedestrian_Movement_Reason_Description,Driver_Movement_Reason_Description,Victimization_Description,UTM_X_Coordinate,UTM_Y_Coordinate,Longitude,Latitude,datetime
2023S000377    ,Sant Martí,el Clot,Aragó,Friday,2023,1,January,20,Morning,,Not caused by the pedestrian,Veh. mobilitat personal amb motor,Man,43,Driver,Desconegut,Unknown,Unknown,Minor injury: Hospitalization up to 24 hours,432192.1,4584733.46,2.18757396,41.409442388,2023-01-20 07:00:00
2023S000378    ,Eixample,l'Antiga Esquerra de l'Eixample,Aribau,Friday,2023,1,January,20,Morning,,Not caused by the pedestrian,Motorcycle,Man,36,Driver,Desconegut,Unknown,Unknown,Minor injury: Refused medical assistance,429197.68,4583028.67,2.151949792,41.393829633,2023-01-20 11:00:00
2023S000379    ,Sants-Montjuïc,el Poble-sec,Josep Carner,Friday,2023,1,January,20,Morning,,Not caused by the pedestrian,Motorcycle,Man,36,Driver,Desconegut,Unknown,Other activities,Minor injury: Hospitalization up to 24 hours,431050.72,4580486.43,2.174402756,41.371093494,2023-01-20 11:00:00
2023S000380    ,Eixample,l'Antiga Esquerra de l'Eixample,Villarroel,Friday,2023,1,January,20,Morning,,Not caused by the pedestrian,Motorcycle,Woman,31,Driver,Desconegut,Unknown,Leisure and entertainment,Minor injury: Medical assistance at accident site,429512.88,4582181.25,2.155818438,41.386224911,2023-01-20 12:00:00
2023S000381    ,Gràcia,la Salut,Dalt,Monday,2023,1,January,23,Morning,,Not caused by the pedestrian,Motorcycle,Woman,44,Driver,Desconegut,Unknown,Leisure and entertainment,Minor injury: Hospitalization up to 24 hours,429689.26,4584977.01,2.157602951,41.411420794,2023-01-23 08:00:00
2023S000382    ,Eixample,la Nova Esquerra de l'Eixample,Comte d'Urgell,Friday,2023,1,January,20,Afternoon,,Not caused by the pedestrian,Motorcycle,Woman,51,Driver,Desconegut,Unknown,Unknown,Minor injury: Medical assistance at accident site,429430.18,4582062.87,2.154843209,41.385151447,2023-01-20 15:00:00
2023S000383    ,Eixample,la Sagrada Família,Lepant,Friday,2023,1,January,20,Afternoon,,Not caused by the pedestrian,Motorcycle,Woman,42,Driver,Desconegut,Unknown,Commuting,Minor injury: Hospitalization up to 24 hours,431371.11,4584089.39,2.177825098,41.403571733,2023-01-20 14:00:00
2023S000384    ,Sant Martí,el Parc i la Llacuna del Poblenou,Meridiana,Friday,2023,1,January,20,Afternoon,,Not caused by the pedestrian,Motorcycle,Man,47,Driver,Desconegut,Unknown,Other activities,Minor injury: Hospitalization up to 24 hours,432118.05,4583103.43,2.186870951,41.394754921,2023-01-20 14:00:00
2023S000385    ,Eixample,Sant Antoni,Corts Catalanes,Friday,2023,1,January,20,Afternoon,,Not caused by the pedestrian,Motorcycle,Woman,31,Passenger,Desconegut,Unknown,Unknown,Minor injury: Hospitalization up to 24 hours,429170.59,4581128.41,2.151848055,41.376712251,2023-01-20 15:00:00
2023S000386    ,Sants-Montjuïc,la Font de la Guatlla,Corts Catalanes,Friday,2023,1,January,20,Afternoon,,Not caused by the pedestrian,Motorcycle,Man,32,Driver,Desconegut,Unknown,Unknown,Minor injury: Hospitalization up to 24 hours,428694.98,4580660.99,2.146215993,41.37246033,2023-01-20 14:00:00
2023S000387    ,Sants-Montjuïc,la Marina del Prat Vermell,Litoral (Besòs),Friday,2023,1,January,20,Afternoon,,Not caused by the pedestrian,Motorcycle,Man,25,Driver,Desconegut,Unknown,Unknown,Minor injury: Hospitalization up to 24 hours,428655.7,4578026.63,2.146056332,41.348729997,2023-01-20 17:00:00
2023S000388    ,Sarrià-Sant Gervasi,Sant Gervasi - la Bonanova,Isaac Newton,Friday,2023,1,January,20,Afternoon,,Not caused by the pedestrian,Car,Woman,1,Passenger,Desconegut,Unknown,Unknown,Minor injury: Refused medical assistance,427797.32,4585376.83,2.13492047,41.414853977,2023-01-20 17:00:00
2023S000389    ,Eixample,l'Antiga Esquerra de l'Eixample,Comte d'Urgell,Friday,2023,1,January,20,Afternoon,,Not caused by the pedestrian,Veh. mobilitat personal amb motor,Woman,42,Driver,Desconegut,Unknown,Commuting,Minor injury: Hospitalization up to 24 hours,428841.03,4582663.44,2.147726989,41.390508643,2023-01-20 17:00:00
2023S000390    ,Eixample,l'Antiga Esquerra de l'Eixample,Muntaner,Friday,2023,1,January,20,Afternoon,,Not caused by the pedestrian,Motorcycle,Woman,34,Driver,Desconegut,Unknown,Unknown,Minor injury: Hospitalization up to 24 hours,429641.8,4582396.81,2.157335169,41.388177681,2023-01-20 19:00:00
2023S000391    ,Eixample,la Dreta de l'Eixample,Gràcia,Friday,2023,1,January,20,Afternoon,,Not caused by the pedestrian,Motorcycle,Man,52,Driver,Desconegut,Unknown,Unknown,Minor injury: Hospitalization up to 24 hours,430277.16,4582833.02,2.164883567,41.39216184,2023-01-20 18:00:00
2023S000393    ,Sant Martí,el Camp de l'Arpa del Clot,Maragall,Friday,2023,1,January,20,Afternoon,,Not caused by the pedestrian,Bus,Man,81,Passenger,Desconegut,Unknown,Unknown,Minor injury: Medical assistance at accident site,431631.47,4585406.79,2.180790713,41.41545934,2023-01-20 15:00:00
2023S000394    ,Eixample,la Dreta de l'Eixample,Sant Pere,Friday,2023,1,January,20,Afternoon,,Not caused by the pedestrian,Veh. mobilitat personal amb motor,Woman,70,Pedestrian,En pas regulat per semàfor,Leisure and entertainment,Unknown,Minor injury: Hospitalization up to 24 hours,430707.55,4582361.15,2.170085183,41.387949068,2023-01-20 20:00:00
2023S000396    ,Gràcia,el Camp d'en Grassot i Gràcia Nova,Gràcia,Friday,2023,1,January,20,Afternoon,,Not caused by the pedestrian,Motorcycle,Man,49,Driver,Desconegut,Unknown,Commuting,Minor injury: Medical assistance at accident site,430252.06,4584312.28,2.164412857,41.405482866,2023-01-20 20:00:00
2023S000397    ,Sarrià-Sant Gervasi,el Putxet i el Farró,Saragossa,Friday,2023,1,January,20,Afternoon,,Not caused by the pedestrian,Motorcycle,Man,45,Driver,Desconegut,Unknown,Leisure and entertainment,Minor injury: Hospitalization up to 24 hours,428559.02,4584322.86,2.14415826,41.405429399,2023-01-20 20:00:00
2023S000398    ,Eixample,la Dreta de l'Eixample,Diagonal,Friday,2023,1,January,20,Afternoon,,Disobeying the traffic light signal,Motorcycle,Woman,62,Pedestrian,En pas regulat per semàfor,Leisure and entertainment,Unknown,Minor injury: Hospitalization up to 24 hours,429831.32,4583321.36,2.159494571,41.396521359,2023-01-20 20:00:00
2023S000399    ,Eixample,la Dreta de l'Eixample,Roger de Llúria,Friday,2023,1,January,20,Afternoon,,Not caused by the pedestrian,Taxi,Woman,24,Pedestrian,En pas regulat per semàfor,Unknown,Unknown,Minor injury: Medical assistance at accident site,430650.41,4582880.64,2.169342302,41.392623028,2023-01-20 18:00:00
2023S000400    ,Eixample,el Fort Pienc,Padilla,Friday,2023,1,January,20,Night,,Not caused by the pedestrian,Car,Woman,73,Pedestrian,Altres,Leisure and entertainment,Unknown,Serious injury: Hospitalization over 24 hours,431985.94,4583661.45,2.185228085,41.399769681,2023-01-20 22:00:00
2023S000402    ,Sants-Montjuïc,la Marina del Prat Vermell,Major de Mercabarna,Friday,2023,1,January,20,Afternoon,,Not caused by the pedestrian,Motorcycle,Man,48,Driver,Desconegut,Unknown,On a mission,Minor injury: Hospitalization up to 24 hours,425845.4,4575752.83,2.112744772,41.327996746,2023-01-20 14:00:00
2023S000403    ,Ciutat Vella,el Barri Gòtic,Portal de la Pau,Saturday,2023,1,January,21,Morning,,Not caused by the pedestrian,Motorcycle,Man,31,Passenger,Desconegut,Unknown,Unknown,Minor injury: Hospitalization up to 24 hours,431258.87,4580951.93,2.176838686,41.375303944,2023-01-21 06:00:00
2023S000404    ,Les Corts,la Maternitat i Sant Ramon,Diagonal,Friday,2023,1,January,20,Night,,Not caused by the pedestrian,Veh. mobilitat personal amb motor,Man,17,Driver,Desconegut,Unknown,Leisure and entertainment,Minor injury: Medical assistance at accident site,426339.27,4582176.37,2.11786547,41.385896466,2023-01-20 23:00:00
2023S000405    ,Eixample,la Sagrada Família,Padilla,Friday,2023,1,January,20,Afternoon,,Not caused by the pedestrian,Motorcycle,Man,26,Driver,Desconegut,Unknown,Leisure and entertainment,Minor injury: Medical assistance at accident site,431460.95,4584179.19,2.17888963,41.404388202,2023-01-20 21:00:00
2023S000406    ,Eixample,la Dreta de l'Eixample,Catalunya,Saturday,2023,1,January,21,Night,,Not caused by the pedestrian,Motorcycle,Man,35,Driver,Desconegut,Unknown,Leisure and entertainment,Minor injury: Hospitalization up to 24 hours,429774.77,4583089.18,2.158845112,41.394425253,2023-01-21 00:00:00
2023S000407    ,Les Corts,les Corts,Marquès de Sentmenat,Friday,2023,1,January,20,Night,,Not caused by the pedestrian,Ciclomotor,Man,27,Driver,Desconegut,Unknown,Unknown,Minor injury: Hospitalization up to 24 hours,428408.37,4582110.79,2.142617747,41.385492712,2023-01-20 22:00:00
2023S000409    ,Horta-Guinardó,Sant Genís dels Agudells,Vista-rica,Saturday,2023,1,January,21,Morning,,Not caused by the pedestrian,Bicicleta,Man,50,Driver,Desconegut,Unknown,Leisure and entertainment,Minor injury: Hospitalization up to 24 hours,426838.28,4586769.19,2.123277643,41.427307535,2023-01-21 12:00:00
2023S000410    ,Eixample,la Dreta de l'Eixample,Balmes,Saturday,2023,1,January,21,Morning,,Not caused by the pedestrian,Motorcycle,Man,36,Driver,Desconegut,Unknown,Commuting,Minor injury: Hospitalization up to 24 hours,430092.25,4582527.68,2.162707247,41.389395681,2023-01-21 13:00:00
2023S000411    ,Eixample,Sant Antoni,Calàbria,Saturday,2023,1,January,21,Afternoon,,Not caused by the pedestrian,Bicicleta,Man,32,Driver,Desconegut,Unknown,Unknown,Minor injury: Hospitalization up to 24 hours,429555.55,4581336.38,2.156427011,41.378619182,2023-01-21 14:00:00
2023S000412    ,Eixample,Sant Antoni,Sepúlveda,Saturday,2023,1,January,21,Afternoon,,Not caused by the pedestrian,Car,Woman,26,Pedestrian,En pas regulat per semàfor,Commuting,Unknown,Minor injury: Hospitalization up to 24 hours,429269.66,4581057.55,2.153040952,41.376082757,2023-01-21 16:00:00
2023S000413    ,Horta-Guinardó,el Carmel,Sigüenza,Saturday,2023,1,January,21,Morning,,Not caused by the pedestrian,Motorcycle,Man,37,Driver,Desconegut,Unknown,Unknown,Serious injury: Hospitalization over 24 hours,429195.73,4586193.7,2.151555958,41.422335697,2023-01-21 11:00:00
2023S000414    ,Nou Barris,Porta,Pintor Alsamora,Saturday,2023,1,January,21,Afternoon,,Not caused by the pedestrian,Motorcycle,Woman,24,Driver,Desconegut,Unknown,Unknown,Minor injury: Medical assistance at accident site,431256.5,4587712.15,2.176042077,41.43619091,2023-01-21 17:00:00
2023S000415    ,Eixample,la Dreta de l'Eixample,Gràcia,Saturday,2023,1,January,21,Morning,,Not caused by the pedestrian,Autobús articulat,Man,56,Passenger,Desconegut,Unknown,Unknown,Minor injury: Hospitalization up to 24 hours,429906.02,4583287.07,2.160392036,41.396219039,2023-01-21 12:00:00
2023S000416    ,Sants-Montjuïc,la Bordeta,Mig (Descendent),Saturday,2023,1,January,21,Afternoon,,Not caused by the pedestrian,Motorcycle,Woman,51,Passenger,Desconegut,Unknown,Unknown,Minor injury: Medical assistance at accident site,427578.77,4580280.39,2.132915382,41.368932683,2023-01-21 18:00:00
2023S000417    ,Sant Martí,el Camp de l'Arpa del Clot,Independència,Saturday,2023,1,January,21,Afternoon,,Not caused by the pedestrian,Motorcycle,Man,25,Driver,Desconegut,Unknown,Unknown,Minor injury: Hospitalization up to 24 hours,431748.64,4584647.26,2.182278336,41.408628456,2023-01-21 16:00:00
2023S000418    ,Sant Martí,Diagonal Mar i el Front Marítim del Poblenou,Jonquera,Saturday,2023,1,January,21,Afternoon,,Not caused by the pedestrian,Motorcycle,Man,49,Driver,Desconegut,Unknown,On a mission,Minor injury: Hospitalization up to 24 hours,433795.71,4583714.72,2.206870393,41.40040061,2023-01-21 19:00:00
2023S000419    ,Gràcia,el Camp d'en Grassot i Gràcia Nova,Camèlies,Saturday,2023,1,January,21,Afternoon,,Not caused by the pedestrian,Motorcycle,Man,55,Driver,Desconegut,Unknown,Leisure and entertainment,Minor injury: Hospitalization up to 24 hours,429953.15,4584975.96,2.160760208,41.411434392,2023-01-21 15:00:00
2023S000420    ,Sant Martí,Provençals del Poblenou,Cristóbal de Moura,Saturday,2023,1,January,21,Afternoon,,Not caused by the pedestrian,Motorcycle,Woman,28,Passenger,A la vorera / Andana,Unknown,Unknown,Minor injury: Refused medical assistance,433470.11,4584602.06,2.202877994,41.408365763,2023-01-21 20:00:00
2023S000422    ,Eixample,l'Antiga Esquerra de l'Eixample,París,Saturday,2023,1,January,21,Afternoon,,Not caused by the pedestrian,Motorcycle,Man,38,Driver,Desconegut,Unknown,Leisure and entertainment,Minor injury: Hospitalization up to 24 hours,429269.91,4582970.53,2.152820499,41.393312346,2023-01-21 21:00:00
2023S000424    ,Sant Andreu,el Bon Pastor,São Paulo,Saturday,2023,1,January,21,Morning,,Not caused by the pedestrian,Car,Man,30,Driver,Desconegut,Unknown,On a mission,Minor injury: Hospitalization up to 24 hours,433196.85,4588216.65,2.199209302,41.440898637,2023-01-21 12:00:00
2023S000425    ,Sant Andreu,Baró de Viver,B-10 (Llobregat),Sunday,2023,1,January,22,Morning,,Not caused by the pedestrian,Motorcycle,Man,31,Driver,Desconegut,Unknown,Leisure and entertainment,Minor injury: Hospitalization up to 24 hours,433072.06,4589234.31,2.197602819,41.450053966,2023-01-22 11:00:00
2023S000426    ,Horta-Guinardó,el Baix Guinardó,Lepant,Sunday,2023,1,January,22,Morning,,Not caused by the pedestrian,Motorcycle,Man,41,Driver,Desconegut,Unknown,Unknown,Minor injury: Hospitalization up to 24 hours,430635.91,4584873.08,2.168940449,41.410567034,2023-01-22 10:00:00
2023S000427    ,Sant Martí,Sant Martí de Provençals,Agricultura,Sunday,2023,1,January,22,Morning,,Others,Veh. mobilitat personal amb motor,Man,4,Pedestrian,En pas regulat per semàfor,Unknown,Unknown,Minor injury: Hospitalization up to 24 hours,433270.56,4585763.3,2.200362543,41.418808183,2023-01-22 12:00:00
2023S000428    ,Sant Martí,Provençals del Poblenou,C-31,Sunday,2023,1,January,22,Afternoon,,Not caused by the pedestrian,Ciclomotor,Woman,58,Driver,Desconegut,Unknown,Unknown,Minor injury: Hospitalization up to 24 hours,433372.35,4585277.86,2.201633992,41.41444441,2023-01-22 15:00:00
2023S000430    ,Sants-Montjuïc,la Bordeta,Corts Catalanes,Sunday,2023,1,January,22,Afternoon,,Not caused by the pedestrian,Motorcycle,Man,57,Driver,Desconegut,Unknown,Unknown,Minor injury: Hospitalization up to 24 hours,428225.71,4580279.72,2.140650262,41.368984627,2023-01-22 19:00:00
2023S000431    ,Horta-Guinardó,el Carmel,Llobregós,Sunday,2023,1,January,22,Afternoon,,Not caused by the pedestrian,Car,Woman,60,Driver,Desconegut,Unknown,Commuting,Minor injury: Medical assistance at accident site,429768.54,4586546.08,2.158369151,41.425559752,2023-01-22 19:00:00
2023S000432    ,Eixample,la Dreta de l'Eixample,Aragó,Sunday,2023,1,January,22,Afternoon,,Not caused by the pedestrian,Motorcycle,Woman,12,Passenger,Desconegut,Unknown,Unknown,Minor injury: Hospitalization up to 24 hours,430498.67,4583050.27,2.167507952,41.394137725,2023-01-22 17:00:00
2023S000433    ,Horta-Guinardó,Horta,Estatut,Sunday,2023,1,January,22,Afternoon,,Not caused by the pedestrian,Autobús articulat,Woman,76,Passenger,Desconegut,Unknown,Unknown,Minor injury: Hospitalization up to 24 hours,429578.3,4586995.75,2.156040252,41.429593088,2023-01-22 18:00:00
2023S000434    ,Sarrià-Sant Gervasi,Sarrià,Jaume Piquet,Sunday,2023,1,January,22,Afternoon,,Not caused by the pedestrian,Motorcycle,Woman,28,Driver,En zona peatonal,Unknown,On a mission,Minor injury: Medical assistance at accident site,426911.01,4583538.34,2.124538482,41.398215342,2023-01-22 20:00:00
2023S000435    ,Eixample,la Dreta de l'Eixample,Diputació,Sunday,2023,1,January,22,Afternoon,,Not caused by the pedestrian,Bicicleta,Man,28,Driver,Desconegut,Unknown,Unknown,Minor injury: Medical assistance at accident site,430345.56,4582527.49,2.165736808,41.389415958,2023-01-22 21:00:00
2023S000436    ,Eixample,la Nova Esquerra de l'Eixample,Roma,Sunday,2023,1,January,22,Night,,Not caused by the pedestrian,Car,Woman,20,Driver,Desconegut,Unknown,Leisure and entertainment,Minor injury: Medical assistance at accident site,428666.7,4581674.2,2.14575855,41.38158346,2023-01-22 22:00:00
2023S000437    ,Sant Martí,Sant Martí de Provençals,Bac de Roda,Sunday,2023,1,January,22,Afternoon,,Not caused by the pedestrian,Autobús articulat,Man,1,Passenger,Desconegut,Unknown,Unknown,Minor injury: Hospitalization up to 24 hours,432757.88,4585350.78,2.194274059,41.415049971,2023-01-22 21:00:00
2023S000438    ,Eixample,la Nova Esquerra de l'Eixample,Nicaragua,Sunday,2023,1,January,22,Night,,Not caused by the pedestrian,Motorcycle,Woman,32,Driver,Desconegut,Unknown,Commuting,Minor injury: Hospitalization up to 24 hours,428387.79,4581767.46,2.142412231,41.382398629,2023-01-22 22:00:00
2023S000439    ,Ciutat Vella,la Barceloneta,Pepe Rubianes,Sunday,2023,1,January,22,Afternoon,,Not caused by the pedestrian,Ciclomotor,Man,32,Driver,Desconegut,Unknown,Leisure and entertainment,Minor injury: Hospitalization up to 24 hours,432504.11,4581340.31,2.191685112,41.378907457,2023-01-22 21:00:00
2023S000442    ,Sant Martí,Provençals del Poblenou,Bac de Roda,Monday,2023,1,January,23,Night,,Not caused by the pedestrian,Motorcycle,Woman,30,Driver,Desconegut,Unknown,Unknown,Minor injury: Hospitalization up to 24 hours,433375.14,4584699.57,2.201731089,41.409236139,2023-01-23 05:00:00
2023S000443    ,Nou Barris,Canyelles,Dalt (Besòs),Monday,2023,1,January,23,Morning,,Not caused by the pedestrian,Motorcycle,Woman,19,Passenger,Desconegut,Unknown,Unknown,Minor injury: Refused medical assistance,430808.39,4588463.43,2.170592827,41.442918895,2023-01-23 08:00:00
2023S000444    ,Eixample,la Dreta de l'Eixample,Aragó,Monday,2023,1,January,23,Morning,,Not caused by the pedestrian,Furgoneta,Man,46,Passenger,Desconegut,Unknown,Unknown,Minor injury: Medical assistance at accident site,430946.12,4583467.3,2.172812181,41.397932353,2023-01-23 07:00:00
2023S000445    ,Eixample,la Dreta de l'Eixample,Consell de Cent,Monday,2023,1,January,23,Morning,,Not caused by the pedestrian,Motorcycle,Man,45,Driver,Desconegut,Unknown,Unknown,Minor injury: Medical assistance at accident site,430116.31,4582488.18,2.16299956,41.389042009,2023-01-23 10:00:00
2023S000446    ,Sarrià-Sant Gervasi,Sant Gervasi - la Bonanova,Dalt (Llobregat),Monday,2023,1,January,23,Morning,,Not caused by the pedestrian,Car,Man,45,Driver,Desconegut,Unknown,Unknown,Minor injury: Refused medical assistance,427052.99,4584880.78,2.126074875,41.41031902,2023-01-23 08:00:00
2023S000447    ,Sarrià-Sant Gervasi,Sant Gervasi - Galvany,Augusta,Monday,2023,1,January,23,Morning,,Not caused by the pedestrian,Motorcycle,Man,44,Driver,Desconegut,Unknown,On a mission,Minor injury: Hospitalization up to 24 hours,428533.21,4583644.66,2.143929615,41.399318818,2023-01-23 11:00:00
2023S000448    ,Sants-Montjuïc,Sants,Badal,Monday,2023,1,January,23,Morning,,Not caused by the pedestrian,Motorcycle,Woman,33,Driver,Desconegut,Unknown,Commuting,Minor injury: Hospitalization up to 24 hours,427518.76,4580549.61,2.132165705,41.371352046,2023-01-23 13:00:00
2023S000449    ,Sarrià-Sant Gervasi,les Tres Torres,General Mitre,Monday,2023,1,January,23,Morning,,Not caused by the pedestrian,Motorcycle,Woman,30,Driver,Desconegut,Unknown,Unknown,Minor injury: Hospitalization up to 24 hours,427673.03,4583623.29,2.133643093,41.399049392,2023-01-23 12:00:00
2023S000451    ,Sarrià-Sant Gervasi,Sarrià,Mendel,Monday,2023,1,January,23,Morning,,Not caused by the pedestrian,Bus,Woman,42,Passenger,Desconegut,Unknown,Unknown,Minor injury: Hospitalization up to 24 hours,426557.89,4583398.45,2.120331689,41.396923222,2023-01-23 12:00:00
2023S000452    ,Eixample,Sant Antoni,Villarroel,Monday,2023,1,January,23,Afternoon,,Not caused by the pedestrian,Motorcycle,Man,69,Driver,Desconegut,Unknown,Leisure and entertainment,Minor injury: Hospitalization up to 24 hours,429876.6,4581760.25,2.160216993,41.382464904,2023-01-23 16:00:00
2023S000453    ,Nou Barris,Porta,Deià,Monday,2023,1,January,23,Afternoon,,Not caused by the pedestrian,Veh. mobilitat personal amb motor,Man,22,Driver,Desconegut,Unknown,Unknown,Minor injury: Hospitalization up to 24 hours,431026.98,4587540.78,2.173314655,41.434627752,2023-01-23 14:00:00
2023S000454    ,Eixample,la Dreta de l'Eixample,Mallorca,Monday,2023,1,January,23,Afternoon,,Disobeying the traffic light signal,Bicicleta,Woman,20,Pedestrian,En pas regulat per semàfor,Unknown,Unknown,Minor injury: Hospitalization up to 24 hours,429868.7,4582996.42,2.159979329,41.393597996,2023-01-23 14:00:00
2023S000456    ,Eixample,la Sagrada Família,Marina,Monday,2023,1,January,23,Afternoon,,Not caused by the pedestrian,Autobús articulat,Woman,81,Passenger,Desconegut,Unknown,Unknown,Minor injury: Hospitalization up to 24 hours,430740.08,4584539.94,2.170224859,41.407575542,2023-01-23 16:00:00
2023S000457    ,Sarrià-Sant Gervasi,les Tres Torres,Ganduxer,Monday,2023,1,January,23,Afternoon,,Not caused by the pedestrian,Bicicleta,Woman,12,Pedestrian,En pas regulat per semàfor,Student heading to an educational center,Unknown,Minor injury: Hospitalization up to 24 hours,427677.94,4583721.05,2.13369014,41.399930318,2023-01-23 17:00:00
2023S000458    ,Unknown,Unknown,Unknown,Monday,2023,1,January,23,Morning,,Not caused by the pedestrian,Furgoneta,Man,20,Driver,Desconegut,Unknown,Unknown,Minor injury: Hospitalization up to 24 hours,431894.76,4588886.06,2.183548645,41.446818316,2023-01-23 12:00:00
2023S000459    ,Sants-Montjuïc,Sants,Sant Antoni,Monday,2023,1,January,23,Afternoon,,Not caused by the pedestrian,Veh. mobilitat personal amb motor,Woman,54,Pedestrian,En pas regulat per semàfor,Unknown,Unknown,Minor injury: Hospitalization up to 24 hours,427969.05,4581232.62,2.137468356,41.37754412,2023-01-23 17:00:00
2023S000460    ,Sarrià-Sant Gervasi,Sant Gervasi - Galvany,Laforja,Monday,2023,1,January,23,Afternoon,,Not caused by the pedestrian,Motorcycle,Woman,26,Driver,Desconegut,Unknown,Unknown,Minor injury: Medical assistance at accident site,428826.37,4583462.63,2.147457679,41.397705359,2023-01-23 15:00:00
2023S000461    ,Nou Barris,la Prosperitat,Favència,Monday,2023,1,January,23,Afternoon,,Not caused by the pedestrian,Motorcycle,Man,46,Driver,Desconegut,Unknown,Leisure and entertainment,Minor injury: Hospitalization up to 24 hours,431243.16,4588705.76,2.175769277,41.445138844,2023-01-23 14:00:00
2023S000462    ,Unknown,Unknown,Unknown,Monday,2023,1,January,23,Night,,Not caused by the pedestrian,Motorcycle,Man,37,Driver,Desconegut,Unknown,Other activities,Minor injury: Hospitalization up to 24 hours,427786.74,4579747.41,2.135465365,41.364151013,2023-01-23 23:00:00
2023S000464    ,Sants-Montjuïc,la Font de la Guatlla,Dàlia,Tuesday,2023,1,January,24,Morning,,Not caused by the pedestrian,Motorcycle,Woman,53,Passenger,Desconegut,Unknown,Unknown,Minor injury: Refused medical assistance,428733.49,4580289.66,2.146720114,41.369119296,2023-01-24 08:00:00
2023S000465    ,Gràcia,la Vila de Gràcia,Còrsega,Tuesday,2023,1,January,24,Morning,,Not caused by the pedestrian,Motorcycle,Man,51,Driver,Desconegut,Unknown,Unknown,Minor injury: Medical assistance at accident site,430074.32,4583560.02,2.162373542,41.398692068,2023-01-24 07:00:00
2023S000466    ,Gràcia,el Camp d'en Grassot i Gràcia Nova,Sant Joan,Tuesday,2023,1,January,24,Morning,,Not caused by the pedestrian,Quadricicle > 75 cc,Man,58,Driver,Desconegut,Unknown,Other activities,Minor injury: Hospitalization up to 24 hours,430340.2,4583941.02,2.165510004,41.402146699,2023-01-24 09:00:00
2023S000467    ,Sarrià-Sant Gervasi,Sant Gervasi - la Bonanova,B-20 (Llobregat),Tuesday,2023,1,January,24,Morning,,Not caused by the pedestrian,Motorcycle,Woman,42,Driver,Desconegut,Unknown,Unknown,Minor injury: Hospitalization up to 24 hours,427018.54,4584886.84,2.125662,41.410370471,2023-01-24 10:00:00
2023S000468    ,Sants-Montjuïc,Hostafrancs,Corts Catalanes,Tuesday,2023,1,January,24,Afternoon,,Not caused by the pedestrian,Motorcycle,Man,58,Driver,Desconegut,Unknown,Leisure and entertainment,Minor injury: Hospitalization up to 24 hours,428699.37,4580743.38,2.146258787,41.373202779,2023-01-24 14:00:00
2023S000469    ,Sant Andreu,el Congrés i els Indians,Garcilaso,Tuesday,2023,1,January,24,Afternoon,,Not caused by the pedestrian,Car,Woman,42,Pedestrian,En pas sense regular,Unknown,Unknown,Minor injury: Medical assistance at accident site,431684.3,4586289.8,2.181323009,41.423416819,2023-01-24 14:00:00
2023S000470    ,Eixample,el Fort Pienc,Marina,Tuesday,2023,1,January,24,Afternoon,,Not caused by the pedestrian,Bus,Woman,76,Passenger,Desconegut,Unknown,Unknown,Minor injury: Hospitalization up to 24 hours,431749.92,4583528.76,2.182419836,41.39855457,2023-01-24 16:00:00
2023S000471    ,Sarrià-Sant Gervasi,Sant Gervasi - la Bonanova,Dalt (Besòs),Tuesday,2023,1,January,24,Afternoon,,Not caused by the pedestrian,Car,Woman,54,Passenger,Desconegut,Unknown,Unknown,Minor injury: Hospitalization up to 24 hours,427869.96,4585406.47,2.135786027,41.415127459,2023-01-24 16:00:00
2023S000472    ,Eixample,la Nova Esquerra de l'Eixample,Entença,Tuesday,2023,1,January,24,Afternoon,,Not caused by the pedestrian,Motorcycle,Man,81,Pedestrian,En pas regulat per semàfor,Unknown,Unknown,Serious injury: Hospitalization over 24 hours,428787.04,4581740.07,2.147189869,41.382187394,2023-01-24 18:00:00
2023S000473    ,Sarrià-Sant Gervasi,Sarrià,Sant Joan Bosco,Tuesday,2023,1,January,24,Night,,Not caused by the pedestrian,Motorcycle,Man,29,Driver,Desconegut,Unknown,Leisure and entertainment,Minor injury: Medical assistance at accident site,427272.31,4583009.38,2.128923667,41.393483993,2023-01-24 23:00:00
2023S000474    ,Unknown,Unknown,Unknown,Wednesday,2023,1,January,25,Night,,Not caused by the pedestrian,Motorcycle,Man,54,Driver,Desconegut,Unknown,Commuting,Minor injury: Medical assistance at accident site,427519.99,4575229.36,2.132816004,41.323434399,2023-01-25 05:00:00
2023S000475    ,Sarrià-Sant Gervasi,el Putxet i el Farró,República Argentina,Wednesday,2023,1,January,25,Morning,,Not caused by the pedestrian,Motorcycle,Man,30,Driver,Desconegut,Unknown,Unknown,Minor injury: Medical assistance at accident site,428299.95,4585022.26,2.140976177,41.411705537,2023-01-25 08:00:00