Case_Number,District_Name,Neighborhood_Name,Street_Name,Day_of_Week,Year,Month_Code,Month_Name,Day_of_Month,Shift_Description,Hour_of_Day,Pedestrian_Cause_Description,Involved_Vehicle_Type,Gender_Description,Age,Person_Type_Description,Pedestrian_Accident_Location_Description,Pedestrian_Movement_Reason_Description,Driver_Movement_Reason_Description,Victimization_Description,UTM_X_Coordinate,UTM_Y_Coordinate,Longitude,Latitude,datetime
2023S000476    ,Eixample,la Dreta de l'Eixample,Bailèn,Wednesday,2023,1,January,25,Morning,,Not caused by the pedestrian,Motorcycle,Woman,53,Driver,Desconegut,Unknown,Commuting,Serious injury: Hospitalization over 24 hours,430626.63,4583509.94,2.168985749,41.398288882,2023-01-25 08:00:00
2023S000477    ,Les Corts,Pedralbes,Diagonal,Wednesday,2023,1,January,25,Morning,,Not caused by the pedestrian,Furgoneta,Woman,51,Driver,Desconegut,Unknown,Bus de línia discrecional,Minor injury: Refused medical assistance,426608.6,4582318.0,2.121069228,41.387196699,2023-01-25 11:00:00
2023S000478    ,Eixample,l'Antiga Esquerra de l'Eixample,Villarroel,Wednesday,2023,1,January,25,Morning,,Not caused by the pedestrian,Motorcycle,Man,41,Driver,Desconegut,Unknown,Commuting,Minor injury: Medical assistance at accident site,429451.21,4582209.99,2.155077566,41.386478354,2023-01-25 12:00:00
2023S000479    ,Nou Barris,Vilapicina i la Torre Llobeta,Meridiana,Wednesday,2023,1,January,25,Morning,,Not caused by the pedestrian,Motorcycle,Man,58,Driver,Desconegut,Unknown,Unknown,Minor injury: Refused medical assistance,431889.99,4587018.86,2.183702138,41.430000695,2023-01-25 13:00:00
2023S000480    ,Nou Barris,la Trinitat Nova,Meridiana,Wednesday,2023,1,January,25,Morning,,Not caused by the pedestrian,Car,Woman,29,Passenger,Desconegut,Unknown,Unknown,Minor injury: Refused medical assistance,432254.46,4589156.26,2.187824076,41.449282366,2023-01-25 13:00:00
2023S000481    ,Sarrià-Sant Gervasi,el Putxet i el Farró,Saragossa,Wednesday,2023,1,January,25,Afternoon,,Not caused by the pedestrian,Motorcycle,Man,28,Driver,Desconegut,Unknown,Commuting,Minor injury: Hospitalization up to 24 hours,428559.02,4584322.86,2.14415826,41.405429399,2023-01-25 14:00:00
2023S000482    ,Sarrià-Sant Gervasi,Sant Gervasi - la Bonanova,General Mitre,Wednesday,2023,1,January,25,Afternoon,,Disobeying the traffic light signal,Taxi,Man,4,Pedestrian,En pas regulat per semàfor,Other activities,Unknown,Minor injury: Medical assistance at accident site,427830.21,4583818.38,2.13549993,41.40082062,2023-01-25 14:00:00
2023S000483    ,Sants-Montjuïc,la Marina del Prat Vermell,Tallers Ferroviaris,Wednesday,2023,1,January,25,Afternoon,,Not caused by the pedestrian,Motorcycle,Man,24,Driver,Desconegut,Unknown,Unknown,Minor injury: Hospitalization up to 24 hours,426256.27,4577277.58,2.117468805,41.34176736,2023-01-25 16:00:00
2023S000484    ,Les Corts,la Maternitat i Sant Ramon,Carles III,Wednesday,2023,1,January,25,Afternoon,,Not caused by the pedestrian,Motorcycle,Man,61,Driver,Desconegut,Unknown,Unknown,Minor injury: Hospitalization up to 24 hours,427191.1,4581776.77,2.128100585,41.382375016,2023-01-25 16:00:00
2023S000485    ,Eixample,la Nova Esquerra de l'Eixample,Tarragona,Wednesday,2023,1,January,25,Afternoon,,Not caused by the pedestrian,Motorcycle,Man,59,Driver,Desconegut,Unknown,Unknown,Minor injury: Medical assistance at accident site,428946.59,4580996.25,2.14918509,41.375502172,2023-01-25 16:00:00
2023S000486    ,Horta-Guinardó,el Carmel,Llobregós,Wednesday,2023,1,January,25,Afternoon,,Not caused by the pedestrian,Car,Man,38,Pedestrian,En pas sense regular,Unknown,Unknown,Minor injury: Medical assistance at accident site,429639.49,4586450.42,2.156836022,41.424686881,2023-01-25 17:00:00
2023S000487    ,Sarrià-Sant Gervasi,Sant Gervasi - la Bonanova,Román Macaya,Wednesday,2023,1,January,25,Afternoon,,Not caused by the pedestrian,Motorcycle,Man,38,Driver,Desconegut,Unknown,Leisure and entertainment,Minor injury: Hospitalization up to 24 hours,427782.28,4585202.75,2.134761317,41.413284761,2023-01-25 18:00:00
2023S000488    ,Gràcia,la Vila de Gràcia,Torrent de l'Olla,Wednesday,2023,1,January,25,Afternoon,,Not caused by the pedestrian,Motorcycle,Woman,44,Driver,Desconegut,Unknown,Unknown,Minor injury: Hospitalization up to 24 hours,429551.21,4584067.34,2.156057297,41.403215633,2023-01-25 19:00:00
2023S000489    ,Eixample,Sant Antoni,Calàbria,Wednesday,2023,1,January,25,Afternoon,,Not caused by the pedestrian,Motorcycle,Woman,42,Driver,Desconegut,Unknown,Leisure and entertainment,Minor injury: Hospitalization up to 24 hours,429928.43,4580928.19,2.160933058,41.374975315,2023-01-25 19:00:00
2023S000490    ,Sant Martí,el Camp de l'Arpa del Clot,Independència,Wednesday,2023,1,January,25,Afternoon,,Not caused by the pedestrian,Motorcycle,Man,52,Driver,Desconegut,Unknown,Leisure and entertainment,Minor injury: Hospitalization up to 24 hours,431934.16,4584454.66,2.184519459,41.406909506,2023-01-25 20:00:00
2023S000491    ,Les Corts,Pedralbes,Til·lers,Wednesday,2023,1,January,25,Afternoon,,Not caused by the pedestrian,Motorcycle,Man,35,Passenger,Desconegut,Unknown,Unknown,Minor injury: Hospitalization up to 24 hours,426486.53,4582585.53,2.119576877,41.389595076,2023-01-25 20:00:00
2023S000492    ,Nou Barris,Porta,Rio de Janeiro,Wednesday,2023,1,January,25,Afternoon,,Not caused by the pedestrian,Veh. mobilitat personal amb motor,Man,20,Driver,Desconegut,Unknown,Leisure and entertainment,Minor injury: Hospitalization up to 24 hours,431563.59,4587561.78,2.179734502,41.434862825,2023-01-25 21:00:00
2023S000493    ,Eixample,la Dreta de l'Eixample,Aragó,Wednesday,2023,1,January,25,Afternoon,,Disobeying the traffic light signal,Veh. mobilitat personal amb motor,Man,23,Driver,En pas regulat per semàfor,Unknown,Other activities,Minor injury: Hospitalization up to 24 hours,430155.92,4582713.39,2.163447302,41.391073846,2023-01-25 20:00:00
2023S000494    ,Eixample,l'Antiga Esquerra de l'Eixample,Villarroel,Wednesday,2023,1,January,25,Night,,Others,Taxi,Man,26,Pedestrian,En pas regulat per semàfor,Unknown,Unknown,Minor injury: Hospitalization up to 24 hours,429546.49,4582097.17,2.15623017,41.385470576,2023-01-25 23:00:00
2023S000495    ,Sant Martí,la Verneda i la Pau,Guipúscoa,Wednesday,2023,1,January,25,Night,,Not caused by the pedestrian,Motorcycle,Woman,14,Passenger,Desconegut,Unknown,Unknown,Minor injury: Hospitalization up to 24 hours,433775.16,4586285.44,2.206343032,41.423552727,2023-01-25 22:00:00
2023S000497    ,Eixample,la Dreta de l'Eixample,Diagonal,Monday,2023,1,January,23,Night,,Not caused by the pedestrian,Taxi,Man,42,Pedestrian,En pas regulat per semàfor,Unknown,Unknown,Minor injury: Hospitalization up to 24 hours,430134.59,4583421.81,2.163110418,41.397452499,2023-01-23 23:00:00
2023S000499    ,Sarrià-Sant Gervasi,Sant Gervasi - Galvany,Balmes,Friday,2023,1,January,13,Afternoon,,Not caused by the pedestrian,Car,Man,20,Driver,Desconegut,Unknown,Unknown,Minor injury: Hospitalization up to 24 hours,428633.32,4583993.35,2.145085959,41.402468233,2023-01-13 19:00:00
2023S000500    ,Sants-Montjuïc,Hostafrancs,Consell de Cent,Thursday,2023,1,January,26,Morning,,Not caused by the pedestrian,Bus,Woman,46,Passenger,Desconegut,Unknown,Unknown,Minor injury: Hospitalization up to 24 hours,428769.74,4581177.12,2.147049191,41.377115564,2023-01-26 10:00:00
2023S000501    ,Eixample,la Sagrada Família,Rosselló,Thursday,2023,1,January,26,Morning,,Not caused by the pedestrian,Motorcycle,Woman,16,Passenger,Desconegut,Unknown,Unknown,Minor injury: Hospitalization up to 24 hours,430996.4,4584288.18,2.173319978,41.405330078,2023-01-26 11:00:00
2023S000502    ,Sant Martí,el Parc i la Llacuna del Poblenou,Sardenya,Thursday,2023,1,January,26,Morning,,Others,Car,Woman,7,Pedestrian,A la vorera / Andana,Unknown,Unknown,Minor injury: Hospitalization up to 24 hours,432255.89,4582767.37,2.188557249,41.391739749,2023-01-26 09:00:00
2023S000503    ,Nou Barris,les Roquetes,Mina de la Ciutat,Thursday,2023,1,January,26,Morning,,Not caused by the pedestrian,Furgoneta,Woman,75,Pedestrian,Fora del pas,Unknown,Unknown,Minor injury: Hospitalization up to 24 hours,431183.2,4589018.52,2.175015897,41.447950613,2023-01-26 11:00:00
2023S000504    ,Nou Barris,la Guineueta,Dalt (Llobregat),Thursday,2023,1,January,26,Morning,,Not caused by the pedestrian,Furgoneta,Woman,35,Driver,Desconegut,Unknown,Unknown,Minor injury: Hospitalization up to 24 hours,430166.99,4588194.17,2.162946648,41.440438213,2023-01-26 13:00:00
2023S000505    ,Eixample,la Dreta de l'Eixample,Universitat,Wednesday,2023,1,January,25,Afternoon,,Not caused by the pedestrian,Bicicleta,Woman,51,Pedestrian,En pas regulat per semàfor,Leisure and entertainment,Unknown,Minor injury: Refused medical assistance,430387.36,4582209.74,2.166273263,41.386557704,2023-01-25 17:00:00
2023S000506    ,Unknown,Unknown,Unknown,Thursday,2023,1,January,26,Afternoon,,Not caused by the pedestrian,Motorcycle,Man,28,Driver,Desconegut,Unknown,Commuting,Minor injury: Hospitalization up to 24 hours,428888.97,4578390.79,2.148801757,41.352030518,2023-01-26 15:00:00
2023S000507    ,Eixample,el Fort Pienc,Ribes,Thursday,2023,1,January,26,Afternoon,,Not caused by the pedestrian,Veh. mobilitat personal amb motor,Woman,30,Driver,A la vorera / Andana,Unknown,Leisure and entertainment,Minor injury: Hospitalization up to 24 hours,431811.38,4583154.27,2.18319719,41.395186863,2023-01-26 14:00:00
2023S000508    ,Sarrià-Sant Gervasi,Sant Gervasi - Galvany,Modolell,Thursday,2023,1,January,26,Morning,,Not caused by the pedestrian,Motorcycle,Man,53,Driver,Desconegut,Unknown,Unknown,Minor injury: Refused medical assistance,427986.52,4583479.44,2.137410019,41.397781944,2023-01-26 13:00:00
2023S000509    ,Eixample,la Dreta de l'Eixample,Bailèn,Thursday,2023,1,January,26,Morning,,Not caused by the pedestrian,Ciclomotor,Woman,22,Driver,Desconegut,Unknown,Commuting,Minor injury: Hospitalization up to 24 hours,430451.69,4583688.77,2.16687266,41.399884424,2023-01-26 12:00:00
2023S000510    ,Eixample,la Dreta de l'Eixample,Corts Catalanes,Thursday,2023,1,January,26,Afternoon,,Not caused by the pedestrian,Motorcycle,Woman,36,Passenger,Desconegut,Unknown,Unknown,Serious injury: Hospitalization over 24 hours,430762.27,4582690.25,2.170701971,41.390917887,2023-01-26 14:00:00
2023S000511    ,Eixample,l'Antiga Esquerra de l'Eixample,Corts Catalanes,Thursday,2023,1,January,26,Afternoon,,Not caused by the pedestrian,Bus,Woman,35,Passenger,Desconegut,Unknown,Unknown,Minor injury: Medical assistance at accident site,430121.36,4582099.83,2.163104777,41.385544703,2023-01-26 14:00:00
2023S000512    ,Les Corts,les Corts,Reina Maria Cristina,Thursday,2023,1,January,26,Afternoon,,Not caused by the pedestrian,Motorcycle,Man,56,Driver,Desconegut,Unknown,Commuting,Minor injury: Medical assistance at accident site,427207.0,4582445.17,2.128210374,41.38839647,2023-01-26 14:00:00
2023S000513    ,Sant Andreu,el Congrés i els Indians,Felip II,Thursday,2023,1,January,26,Morning,,Not caused by the pedestrian,Veh. mobilitat personal amb motor,Man,73,Pedestrian,En pas regulat per semàfor,Unknown,Unknown,Minor injury: Refused medical assistance,431624.31,4586491.29,2.180582366,41.425226466,2023-01-26 13:00:00
2023S000514    ,Eixample,la Dreta de l'Eixample,Aragó,Thursday,2023,1,January,26,Afternoon,,Not caused by the pedestrian,Motorcycle,Man,36,Driver,Desconegut,Unknown,Commuting,Minor injury: Medical assistance at accident site,430991.25,4583556.03,2.17334188,41.398735393,2023-01-26 15:00:00
2023S000515    ,Sarrià-Sant Gervasi,Sant Gervasi - Galvany,Balmes,Thursday,2023,1,January,26,Afternoon,,Not caused by the pedestrian,Motorcycle,Woman,54,Driver,Desconegut,Unknown,Unknown,Minor injury: Medical assistance at accident site,428958.42,4583740.53,2.14900454,41.400219985,2023-01-26 16:00:00
2023S000516    ,Sarrià-Sant Gervasi,Sarrià,Manuel Girona,Thursday,2023,1,January,26,Afternoon,,Not caused by the pedestrian,Motorcycle,Man,23,Driver,Desconegut,Unknown,Other activities,Minor injury: Hospitalization up to 24 hours,427116.27,4582826.05,2.127079434,41.391818681,2023-01-26 17:00:00
2023S000517    ,Nou Barris,Porta,Doctor Pi i Molist,Thursday,2023,1,January,26,Afternoon,,Crossing outside the pedestrian crossing,Bus,Man,25,Pedestrian,Fora del pas,Leisure and entertainment,Unknown,Serious injury: Hospitalization over 24 hours,431107.97,4587195.59,2.174323322,41.431525706,2023-01-26 18:00:00
2023S000518    ,Sants-Montjuïc,el Poble-sec,Espanya,Thursday,2023,1,January,26,Afternoon,,Not caused by the pedestrian,Motorcycle,Man,24,Driver,Desconegut,Unknown,Other activities,Minor injury: Hospitalization up to 24 hours,428903.84,4580824.31,2.148694096,41.373949787,2023-01-26 17:00:00
2023S000519    ,Horta-Guinardó,la Vall d'Hebron,Jorge Manrique,Thursday,2023,1,January,26,Afternoon,,Not caused by the pedestrian,Car,Man,29,Driver,Desconegut,Unknown,Other activities,Minor injury: Hospitalization up to 24 hours,429109.48,4587196.43,2.150406269,41.431359267,2023-01-26 21:00:00
2023S000520    ,Eixample,la Nova Esquerra de l'Eixample,Roma,Thursday,2023,1,January,26,Afternoon,,Not caused by the pedestrian,Veh. mobilitat personal amb motor,Man,28,Driver,Desconegut,Unknown,Leisure and entertainment,Minor injury: Hospitalization up to 24 hours,429030.0,4581874.03,2.150079593,41.383415407,2023-01-26 17:00:00
2023S000521    ,Sants-Montjuïc,el Poble-sec,Lleida,Thursday,2023,1,January,26,Afternoon,,Not caused by the pedestrian,Motorcycle,Man,34,Driver,Desconegut,Unknown,Leisure and entertainment,Minor injury: Hospitalization up to 24 hours,429475.82,4580613.37,2.15555778,41.372100271,2023-01-26 21:00:00
2023S000523    ,Ciutat Vella,la Barceloneta,Ginebra,Friday,2023,1,January,27,Night,,Not caused by the pedestrian,Motorcycle,Woman,29,Driver,Desconegut,Unknown,Commuting,Minor injury: Medical assistance at accident site,432169.34,4581624.91,2.187650073,41.381442611,2023-01-27 01:00:00
2023S000524    ,Les Corts,la Maternitat i Sant Ramon,Diagonal,Monday,2023,1,January,30,Morning,,Not caused by the pedestrian,Veh. mobilitat personal amb motor,Man,30,Driver,Desconegut,Unknown,Unknown,Minor injury: Medical assistance at accident site,426270.62,4582154.02,2.117047205,41.385688877,2023-01-30 08:00:00
2023S000525    ,Gràcia,el Camp d'en Grassot i Gràcia Nova,Sant Joan,Friday,2023,1,January,27,Morning,,Crossing outside the pedestrian crossing,Motorcycle,Man,20,Passenger,Fora del pas,Unknown,Unknown,Minor injury: Refused medical assistance,430411.16,4583904.05,2.16636309,41.401819871,2023-01-27 06:00:00
2023S000526    ,Sant Andreu,el Congrés i els Indians,Maragall,Thursday,2023,1,January,26,Afternoon,,Not caused by the pedestrian,Car,Woman,25,Driver,Desconegut,Unknown,Unknown,Minor injury: Medical assistance at accident site,431528.01,4586133.97,2.179470483,41.421999998,2023-01-26 21:00:00
2023S000527    ,Sant Martí,la Verneda i la Pau,Guipúscoa,Friday,2023,1,January,27,Morning,,Not caused by the pedestrian,Motorcycle,Man,49,Driver,Desconegut,Unknown,Unknown,Minor injury: Hospitalization up to 24 hours,433983.96,4586430.89,2.208825686,41.42487995,2023-01-27 09:00:00
2023S000529    ,Eixample,l'Antiga Esquerra de l'Eixample,Aragó,Friday,2023,1,January,27,Morning,,Not caused by the pedestrian,Motorcycle,Man,57,Driver,Desconegut,Unknown,Unknown,Minor injury: Hospitalization up to 24 hours,429735.29,4582301.52,2.158464328,41.387327612,2023-01-27 13:00:00
2023S000531    ,Eixample,l'Antiga Esquerra de l'Eixample,Diagonal,Friday,2023,1,January,27,Morning,,Not caused by the pedestrian,Bicicleta,Man,28,Driver,Desconegut,Unknown,On a mission,Minor injury: Refused medical assistance,429001.92,4583052.43,2.149605603,41.394026363,2023-01-27 13:00:00
2023S000533    ,Eixample,la Sagrada Família,Padilla,Friday,2023,1,January,27,Afternoon,,Not caused by the pedestrian,Motorcycle,Woman,52,Driver,Desconegut,Unknown,Leisure and entertainment,Minor injury: Refused medical assistance,431087.38,4584563.89,2.174376938,41.407821118,2023-01-27 14:00:00
2023S000534    ,Ciutat Vella,el Raval,Pelai,Friday,2023,1,January,27,Morning,,Not caused by the pedestrian,Motorcycle,Man,31,Driver,Desconegut,Unknown,Commuting,Minor injury: Medical assistance at accident site,430704.97,4582088.39,2.170085544,41.385492178,2023-01-27 12:00:00
2023S000535    ,Eixample,el Fort Pienc,Marina,Friday,2023,1,January,27,Afternoon,,Crossing outside the pedestrian crossing,Bus,Man,20,Pedestrian,Fora del pas,Leisure and entertainment,Unknown,Minor injury: Hospitalization up to 24 hours,431672.65,4583534.27,2.181494946,41.398597631,2023-01-27 14:00:00
2023S000537    ,Les Corts,la Maternitat i Sant Ramon,Sabino Arana,Friday,2023,1,January,27,Afternoon,,Not caused by the pedestrian,Car,Man,28,Driver,Desconegut,Unknown,On a mission,Minor injury: Hospitalization up to 24 hours,426871.94,4582155.28,2.124238235,41.385755142,2023-01-27 17:00:00
2023S000538    ,Sant Andreu,el Congrés i els Indians,Garcilaso,Friday,2023,1,January,27,Afternoon,,Not caused by the pedestrian,Motorcycle,Man,52,Driver,Desconegut,Unknown,Unknown,Minor injury: Hospitalization up to 24 hours,431684.3,4586289.8,2.181323009,41.423416819,2023-01-27 18:00:00
2023S000539    ,Sants-Montjuïc,Sants,Brasil,Friday,2023,1,January,27,Afternoon,,Not caused by the pedestrian,Motorcycle,Woman,56,Passenger,Desconegut,Unknown,Unknown,Minor injury: Medical assistance at accident site,427334.3,4581216.56,2.129880237,41.377342373,2023-01-27 20:00:00
2023S000540    ,Sarrià-Sant Gervasi,el Putxet i el Farró,Balmes,Friday,2023,1,January,27,Afternoon,,Not caused by the pedestrian,Motorcycle,Man,71,Driver,Desconegut,Unknown,Unknown,Minor injury: Hospitalization up to 24 hours,428121.24,4584455.67,2.13890546,41.40658652,2023-01-27 19:00:00
2023S000541    ,Gràcia,el Camp d'en Grassot i Gràcia Nova,Sant Joan,Friday,2023,1,January,27,Afternoon,,Not caused by the pedestrian,Bus,Woman,45,Passenger,Desconegut,Unknown,Unknown,Minor injury: Hospitalization up to 24 hours,430147.6,4584137.6,2.163183398,41.403900508,2023-01-27 20:00:00
2023S000543    ,Eixample,el Fort Pienc,Marina,Friday,2023,1,January,27,Afternoon,,Not caused by the pedestrian,Motorcycle,Man,32,Driver,Desconegut,Unknown,Unknown,Minor injury: Medical assistance at accident site,431735.89,4583543.37,2.182250368,41.398684966,2023-01-27 21:00:00
2023S000544    ,Eixample,la Nova Esquerra de l'Eixample,Entença,Friday,2023,1,January,27,Afternoon,,Not caused by the pedestrian,Motorcycle,Man,30,Driver,Desconegut,Unknown,Leisure and entertainment,Minor injury: Medical assistance at accident site,428690.81,4581838.58,2.14602751,41.383066112,2023-01-27 21:00:00
2023S000546    ,Nou Barris,la Trinitat Nova,Meridiana,Friday,2023,1,January,27,Night,,Not caused by the pedestrian,Motorcycle,Woman,24,Driver,Desconegut,Unknown,On a mission,Minor injury: Medical assistance at accident site,432378.64,4589412.75,2.18928188,41.451602957,2023-01-27 22:00:00
2023S000547    ,Sants-Montjuïc,la Marina del Prat Vermell,Litoral (Besòs),Saturday,2023,1,January,28,Morning,,Not caused by the pedestrian,Car,Woman,34,Driver,Desconegut,Unknown,Commuting,Minor injury: Hospitalization up to 24 hours,427843.56,4577637.92,2.136395635,41.345156627,2023-01-28 06:00:00
2023S000548    ,Eixample,la Dreta de l'Eixample,Gràcia,Saturday,2023,1,January,28,Morning,,Walking on the road,Bus,Woman,33,Pedestrian,Fora del pas,Leisure and entertainment,Unknown,Minor injury: Medical assistance at accident site,430001.61,4583089.87,2.161558201,41.394451255,2023-01-28 12:00:00
2023S000549    ,Sarrià-Sant Gervasi,Sant Gervasi - la Bonanova,Dalt (Llobregat),Saturday,2023,1,January,28,Morning,,Not caused by the pedestrian,Car,Woman,40,Passenger,Desconegut,Unknown,Unknown,Minor injury: Hospitalization up to 24 hours,427350.84,4585168.98,2.12960359,41.412941704,2023-01-28 13:00:00
2023S000551    ,Sant Martí,la Verneda i la Pau,Puigcerdà,Saturday,2023,1,January,28,Afternoon,,Not caused by the pedestrian,Veh. mobilitat personal amb motor,Man,28,Driver,Desconegut,Unknown,Leisure and entertainment,Minor injury: Hospitalization up to 24 hours,433751.6,4585648.82,2.206130886,41.41781692,2023-01-28 16:00:00
2023S000552    ,Sant Martí,la Verneda i la Pau,Verneda,Saturday,2023,1,January,28,Afternoon,,Not caused by the pedestrian,Veh. mobilitat personal amb motor,Man,25,Driver,Desconegut,Unknown,Leisure and entertainment,Minor injury: Hospitalization up to 24 hours,433722.46,4586795.27,2.205656494,41.428140273,2023-01-28 18:00:00
2023S000553    ,Les Corts,les Corts,Berlín,Saturday,2023,1,January,28,Afternoon,,Not caused by the pedestrian,Motorcycle,Man,78,Driver,Desconegut,Unknown,Other activities,Minor injury: Hospitalization up to 24 hours,428193.92,4581940.5,2.140073328,41.383939849,2023-01-28 14:00:00
2023S000554    ,Eixample,la Dreta de l'Eixample,Gràcia,Saturday,2023,1,January,28,Afternoon,,Not caused by the pedestrian,Motorcycle,Man,45,Driver,Desconegut,Unknown,Unknown,Minor injury: Medical assistance at accident site,430005.45,4583130.22,2.161599464,41.394815009,2023-01-28 19:00:00
2023S000555    ,Sarrià-Sant Gervasi,Sant Gervasi - Galvany,Ferran Valls i Taberner,Saturday,2023,1,January,28,Afternoon,,Not caused by the pedestrian,Car,Man,51,Pedestrian,Fora del pas,Unknown,Unknown,Minor injury: Hospitalization up to 24 hours,428230.49,4584078.6,2.14025714,41.403200168,2023-01-28 21:00:00
2023S000557    ,Sants-Montjuïc,Hostafrancs,Béjar,Saturday,2023,1,January,28,Night,,Walking on the road,Car,Man,47,Pedestrian,Altres,Unknown,Unknown,Minor injury: Hospitalization up to 24 hours,428686.73,4581072.65,2.146068896,41.376167282,2023-01-28 23:00:00
2023S000558    ,Les Corts,Pedralbes,Esplugues,Sunday,2023,1,January,29,Night,,Not caused by the pedestrian,Car,Woman,29,Driver,Desconegut,Unknown,Other activities,Minor injury: Hospitalization up to 24 hours,425622.2,4582655.72,2.109231145,41.390147744,2023-01-29 03:00:00
2023S000559    ,Eixample,el Fort Pienc,Diputació,Sunday,2023,1,January,29,Night,,Not caused by the pedestrian,Car,Woman,39,Passenger,Desconegut,Unknown,Unknown,Minor injury: Hospitalization up to 24 hours,431451.65,4583605.7,2.178843354,41.399222159,2023-01-29 04:00:00
2023S000560    ,Unknown,Unknown,Unknown,Sunday,2023,1,January,29,Morning,,Not caused by the pedestrian,Motorcycle,Woman,25,Passenger,Desconegut,Unknown,Unknown,Minor injury: Hospitalization up to 24 hours,430428.31,4585222.71,2.166416561,41.413698077,2023-01-29 10:00:00
2023S000561    ,Eixample,l'Antiga Esquerra de l'Eixample,Balmes,Sunday,2023,1,January,29,Morning,,Not caused by the pedestrian,Motorcycle,Man,21,Driver,Desconegut,Unknown,Unknown,Minor injury: Hospitalization up to 24 hours,430246.52,4582370.04,2.164570449,41.387989268,2023-01-29 13:00:00
2023S000562    ,Gràcia,la Salut,Dalt,Sunday,2023,1,January,29,Morning,,Not caused by the pedestrian,Car,Man,41,Driver,Desconegut,Unknown,Commuting,Minor injury: Hospitalization up to 24 hours,429688.64,4584955.16,2.157598074,41.411223945,2023-01-29 13:00:00
2023S000563    ,Sarrià-Sant Gervasi,Sant Gervasi - Galvany,Molina,Sunday,2023,1,January,29,Afternoon,,Not caused by the pedestrian,Bicicleta,Man,18,Driver,Desconegut,Unknown,Leisure and entertainment,Minor injury: Hospitalization up to 24 hours,428840.58,4583848.34,2.147582289,41.401180563,2023-01-29 16:00:00
2023S000564    ,Sants-Montjuïc,la Marina de Port,Mineria,Sunday,2023,1,January,29,Afternoon,,Not caused by the pedestrian,Veh. mobilitat personal amb motor,Man,37,Driver,Desconegut,Unknown,Unknown,Serious injury: Hospitalization over 24 hours,427875.3,4579689.31,2.136531021,41.36363567,2023-01-29 18:00:00
2023S000565    ,Sants-Montjuïc,la Marina de Port,Corts Catalanes,Sunday,2023,1,January,29,Afternoon,,Not caused by the pedestrian,Car,Woman,17,Passenger,Desconegut,Unknown,Unknown,Minor injury: Hospitalization up to 24 hours,428132.8,4580116.76,2.139558755,41.367508608,2023-01-29 19:00:00
2023S000566    ,Sant Andreu,el Bon Pastor,Santander,Sunday,2023,1,January,29,Afternoon,,Not caused by the pedestrian,Car,Man,26,Passenger,Desconegut,Unknown,Unknown,Minor injury: Medical assistance at accident site,434014.78,4587640.93,2.209062326,41.435780974,2023-01-29 20:00:00
2023S000567    ,Sants-Montjuïc,la Bordeta,Blanca,Sunday,2023,1,January,29,Afternoon,,Not caused by the pedestrian,Ciclomotor,Man,20,Driver,Desconegut,Unknown,Commuting,Minor injury: Hospitalization up to 24 hours,427486.92,4580161.19,2.13183149,41.367850818,2023-01-29 21:00:00
2023S000568    ,Sants-Montjuïc,el Poble-sec,Litoral (Llobregat),Sunday,2023,1,January,29,Night,,Not caused by the pedestrian,Motorcycle,Woman,51,Driver,Desconegut,Unknown,Leisure and entertainment,Minor injury: Hospitalization up to 24 hours,430613.07,4579536.42,2.169278766,41.362499379,2023-01-29 23:00:00
2023S000569    ,Eixample,la Dreta de l'Eixample,Casp,Sunday,2023,1,January,29,Afternoon,,Not caused by the pedestrian,Motorcycle,Man,22,Driver,Desconegut,Unknown,Commuting,Minor injury: Hospitalization up to 24 hours,431275.84,4583019.17,2.176806984,41.393924444,2023-01-29 21:00:00
2023S000570    ,Nou Barris,Canyelles,Dalt (Besòs),Monday,2023,1,January,30,Morning,,Not caused by the pedestrian,Motorcycle,Man,41,Driver,Desconegut,Unknown,Unknown,Minor injury: Hospitalization up to 24 hours,430808.39,4588463.43,2.170592827,41.442918895,2023-01-30 08:00:00
2023S000571    ,Eixample,el Fort Pienc,Alí Bei,Monday,2023,1,January,30,Morning,,Not caused by the pedestrian,Motorcycle,Man,39,Driver,Desconegut,Unknown,Unknown,Minor injury: Medical assistance at accident site,431937.24,4583291.59,2.184687148,41.396434334,2023-01-30 09:00:00
2023S000572    ,Ciutat Vella,el Barri Gòtic,Catalunya,Monday,2023,1,January,30,Morning,,Disobeying the traffic light signal,Autobús articulat,Man,85,Pedestrian,En pas regulat per semàfor,Leisure and entertainment,Unknown,Minor injury: Hospitalization up to 24 hours,430704.97,4582088.39,2.170085544,41.385492178,2023-01-30 10:00:00
2023S000573    ,Horta-Guinardó,Montbau,Dalt (Besòs),Monday,2023,1,January,30,Morning,,Not caused by the pedestrian,Autobús articulat,Woman,80,Passenger,Desconegut,Unknown,Unknown,Minor injury: Medical assistance at accident site,428817.02,4587609.98,2.146857535,41.435058054,2023-01-30 10:00:00
2023S000574    ,Eixample,Sant Antoni,Comte Borrell,Monday,2023,1,January,30,Morning,,Not caused by the pedestrian,Motorcycle,Man,33,Driver,Desconegut,Unknown,On a mission,Minor injury: Refused medical assistance,429783.87,4581503.0,2.159137904,41.380139843,2023-01-30 11:00:00