Case_Number,District_Name,Neighborhood_Name,Street_Name,Day_of_Week,Year,Month_Code,Month_Name,Day_of_Month,Shift_Description,Hour_of_Day,Pedestrian_Cause_Description,Involved_Vehicle_Type,Gender_Description,Age,Person_Type_Description,Pedestrian_Accident_Location_Description,Pedestrian_Movement_Reason_Description,Driver_Movement_Reason_Description,Victimization_Description,UTM_X_Coordinate,UTM_Y_Coordinate,Longitude,Latitude,datetime
2023S000773    ,Sants-Montjuïc,Sants,Sants,Wednesday,2023,2,February,8,Morning,,Not caused by the pedestrian,Bus,Woman,3,Passenger,Desconegut,Unknown,Unknown,Minor injury: Medical assistance at accident site,427872.97,4580982.36,2.13634927,41.375281508,2023-02-08 07:00:00
2023S000774    ,Sants-Montjuïc,la Marina del Prat Vermell,Litoral (Besòs),Wednesday,2023,2,February,8,Morning,,Not caused by the pedestrian,Motorcycle,Man,40,Driver,Desconegut,Unknown,Commuting,Minor injury: Hospitalization up to 24 hours,428568.96,4577976.12,2.145025537,41.348267377,2023-02-08 07:00:00
2023S000775    ,Sant Martí,Sant Martí de Provençals,Guipúscoa,Wednesday,2023,2,February,8,Morning,,Not caused by the pedestrian,Bicicleta,Woman,35,Driver,Desconegut,Unknown,Unknown,Minor injury: Hospitalization up to 24 hours,432904.84,4585434.15,2.196023125,41.415813151,2023-02-08 08:00:00
2023S000776    ,Eixample,la Dreta de l'Eixample,Aragó,Wednesday,2023,2,February,8,Morning,,Not caused by the pedestrian,Motorcycle,Man,55,Driver,Desconegut,Unknown,Unknown,Minor injury: Hospitalization up to 24 hours,430181.9,4582762.7,2.163752338,41.391520222,2023-02-08 11:00:00
2023S000777    ,Horta-Guinardó,Horta,Dalt (Besòs),Wednesday,2023,2,February,8,Morning,,Not caused by the pedestrian,Car,Man,42,Driver,Desconegut,Unknown,Unknown,Minor injury: Refused medical assistance,428986.4,4587888.0,2.148852008,41.437577066,2023-02-08 07:00:00
2023S000778    ,Horta-Guinardó,la Vall d'Hebron,Estatut de Catalunya,Wednesday,2023,2,February,8,Afternoon,,Not caused by the pedestrian,Furgoneta,Man,29,Passenger,Desconegut,Unknown,Unknown,Minor injury: Refused medical assistance,429350.45,4587439.72,2.153261616,41.433571724,2023-02-08 14:00:00
2023S000779    ,Eixample,la Dreta de l'Eixample,Sant Joan,Wednesday,2023,2,February,8,Afternoon,,Not caused by the pedestrian,Motorcycle,Woman,46,Driver,Desconegut,Unknown,On a mission,Minor injury: Hospitalization up to 24 hours,430880.87,4583424.29,2.172036613,41.397539366,2023-02-08 14:00:00
2023S000780    ,Sant Martí,Diagonal Mar i el Front Marítim del Poblenou,Diagonal,Wednesday,2023,2,February,8,Afternoon,,Not caused by the pedestrian,Car,Woman,4,Passenger,Desconegut,Unknown,Unknown,Minor injury: Medical assistance at accident site,434276.76,4584807.99,2.212505906,41.410286925,2023-02-08 16:00:00
2023S000781    ,Nou Barris,Vilapicina i la Torre Llobeta,Arnau d'Oms,Wednesday,2023,2,February,8,Afternoon,,Not caused by the pedestrian,Bus,Man,76,Passenger,Desconegut,Unknown,Unknown,Minor injury: Hospitalization up to 24 hours,431368.74,4586941.82,2.177472935,41.429262427,2023-02-08 17:00:00
2023S000782    ,Eixample,l'Antiga Esquerra de l'Eixample,París,Wednesday,2023,2,February,8,Afternoon,,Not caused by the pedestrian,Motorcycle,Man,53,Driver,Desconegut,Unknown,Commuting,Minor injury: Hospitalization up to 24 hours,429173.98,4582876.38,2.151684146,41.392455923,2023-02-08 18:00:00
2023S000783    ,Eixample,Sant Antoni,Sepúlveda,Wednesday,2023,2,February,8,Afternoon,,Not caused by the pedestrian,Car,Man,62,Driver,Desconegut,Unknown,Unknown,Minor injury: Hospitalization up to 24 hours,430096.37,4581852.04,2.162834524,41.383310764,2023-02-08 19:00:00
2023S000785    ,Eixample,la Dreta de l'Eixample,Aragó,Wednesday,2023,2,February,8,Afternoon,,Not caused by the pedestrian,Motorcycle,Woman,24,Passenger,Desconegut,Unknown,Unknown,Minor injury: Medical assistance at accident site,430215.73,4582751.32,2.164158264,41.391420664,2023-02-08 20:00:00
2023S000786    ,Nou Barris,la Trinitat Nova,Meridiana,Wednesday,2023,2,February,8,Afternoon,,Others,Motorcycle,Man,28,Driver,En zona peatonal,Unknown,Unknown,Minor injury: Medical assistance at accident site,432297.78,4589328.4,2.188323344,41.450836426,2023-02-08 19:00:00
2023S000787    ,Sants-Montjuïc,Sants - Badal,Munné,Wednesday,2023,2,February,8,Night,,Not caused by the pedestrian,Ciclomotor,Man,24,Driver,Desconegut,Unknown,Leisure and entertainment,Minor injury: Hospitalization up to 24 hours,426776.57,4580944.14,2.123244121,41.374838208,2023-02-08 22:00:00
2023S000788    ,Sarrià-Sant Gervasi,Sant Gervasi - Galvany,Augusta,Wednesday,2023,2,February,8,Night,,Not caused by the pedestrian,Veh. mobilitat personal amb motor,Man,22,Passenger,Desconegut,Unknown,Unknown,Minor injury: Hospitalization up to 24 hours,427815.43,4583480.39,2.135363454,41.397775152,2023-02-08 23:00:00
2023S000789    ,Sarrià-Sant Gervasi,Sarrià,Sant Joan Bosco,Thursday,2023,2,February,9,Morning,,Not caused by the pedestrian,Motorcycle,Man,50,Driver,Desconegut,Unknown,Commuting,Minor injury: Hospitalization up to 24 hours,427149.49,4583108.67,2.127442735,41.394367135,2023-02-09 07:00:00
2023S000790    ,Nou Barris,Canyelles,Dalt (Besòs),Thursday,2023,2,February,9,Morning,,Not caused by the pedestrian,Motorcycle,Man,67,Driver,Desconegut,Unknown,Leisure and entertainment,Minor injury: Medical assistance at accident site,430538.22,4588335.49,2.167373709,41.441743247,2023-02-09 10:00:00
2023S000791    ,Eixample,la Sagrada Família,Padilla,Thursday,2023,2,February,9,Morning,,Not caused by the pedestrian,Car,Man,28,Passenger,Desconegut,Unknown,Unknown,Minor injury: Hospitalization up to 24 hours,431148.92,4584518.15,2.175118361,41.407414429,2023-02-09 10:00:00
2023S000793    ,Sant Martí,el Parc i la Llacuna del Poblenou,Badajoz,Wednesday,2023,2,February,8,Morning,,Not caused by the pedestrian,Bus,Woman,59,Passenger,Desconegut,Unknown,Unknown,Minor injury: Refused medical assistance,432300.34,4584050.97,2.188945282,41.403304527,2023-02-08 13:00:00
2023S000794    ,Sarrià-Sant Gervasi,Sant Gervasi - la Bonanova,Reus,Thursday,2023,2,February,9,Morning,,Not caused by the pedestrian,Motorcycle,Man,54,Driver,Desconegut,Unknown,Leisure and entertainment,Minor injury: Refused medical assistance,427708.53,4584235.24,2.133994608,41.40456417,2023-02-09 10:00:00
2023S000795    ,Eixample,el Fort Pienc,Alí Bei,Thursday,2023,2,February,9,Afternoon,,Not caused by the pedestrian,Taxi,Man,43,Driver,Desconegut,Unknown,Taxi,Minor injury: Hospitalization up to 24 hours,431845.69,4583203.18,2.183602061,41.395630292,2023-02-09 19:00:00
2023S000796    ,Les Corts,la Maternitat i Sant Ramon,Diagonal,Thursday,2023,2,February,9,Afternoon,,Not caused by the pedestrian,Motorcycle,Man,56,Driver,Desconegut,Unknown,Unknown,Minor injury: Hospitalization up to 24 hours,425818.02,4582082.48,2.111643341,41.385002917,2023-02-09 19:00:00
2023S000797    ,Sants-Montjuïc,la Marina del Prat Vermell,Litoral (Besòs),Thursday,2023,2,February,9,Afternoon,,Not caused by the pedestrian,Ambulància,Woman,56,Driver,Desconegut,Unknown,"Bombers, policia, ambulància",Minor injury: Refused medical assistance,430757.36,4579771.81,2.170976851,41.364631905,2023-02-09 19:00:00
2023S000799    ,Sant Martí,Provençals del Poblenou,C-31,Thursday,2023,2,February,9,Afternoon,,Not caused by the pedestrian,Car,Man,53,Driver,Desconegut,Unknown,Unknown,Minor injury: Hospitalization up to 24 hours,433372.35,4585277.86,2.201633992,41.41444441,2023-02-09 21:00:00
2023S000800    ,Horta-Guinardó,Horta,Dalt (Besòs),Thursday,2023,2,February,9,Afternoon,,Not caused by the pedestrian,Car,Woman,36,Driver,Desconegut,Unknown,Other activities,Minor injury: Hospitalization up to 24 hours,429136.59,4587872.79,2.150651358,41.437453351,2023-02-09 21:00:00
2023S000801    ,Sants-Montjuïc,la Marina de Port,Corts Catalanes,Thursday,2023,2,February,9,Afternoon,,Not caused by the pedestrian,Bus,Woman,49,Passenger,Desconegut,Unknown,Unknown,Minor injury: Hospitalization up to 24 hours,428011.32,4579996.61,2.138120645,41.366415597,2023-02-09 20:00:00
2023S000804    ,Eixample,la Nova Esquerra de l'Eixample,Entença,Friday,2023,2,February,10,Morning,,Not caused by the pedestrian,Motorcycle,Man,31,Driver,Desconegut,Unknown,Unknown,Minor injury: Hospitalization up to 24 hours,429156.52,4581362.4,2.151652449,41.378818483,2023-02-10 07:00:00
2023S000805    ,Sarrià-Sant Gervasi,el Putxet i el Farró,General Mitre,Friday,2023,2,February,10,Morning,,Not caused by the pedestrian,Ciclomotor,Man,20,Driver,Desconegut,Unknown,Leisure and entertainment,Minor injury: Hospitalization up to 24 hours,428559.02,4584322.86,2.14415826,41.405429399,2023-02-10 09:00:00
2023S000806    ,Sant Martí,Diagonal Mar i el Front Marítim del Poblenou,Litoral (Llobregat),Friday,2023,2,February,10,Morning,,Not caused by the pedestrian,Motorcycle,Man,28,Driver,Desconegut,Unknown,Commuting,Minor injury: Hospitalization up to 24 hours,434227.97,4583837.28,2.212027746,41.401539977,2023-02-10 09:00:00
2023S000808    ,Sant Martí,el Parc i la Llacuna del Poblenou,Bolívia,Friday,2023,2,February,10,Morning,,Not caused by the pedestrian,Motorcycle,Man,48,Driver,Desconegut,Unknown,Unknown,Minor injury: Hospitalization up to 24 hours,432328.1,4583858.49,2.18929889,41.401573252,2023-02-10 07:00:00
2023S000809    ,Les Corts,la Maternitat i Sant Ramon,Diagonal,Friday,2023,2,February,10,Morning,,Not caused by the pedestrian,Furgoneta,Woman,54,Passenger,Desconegut,Unknown,Unknown,Minor injury: Hospitalization up to 24 hours,425238.83,4581781.81,2.10475403,41.382241273,2023-02-10 08:00:00
2023S000810    ,Eixample,la Dreta de l'Eixample,Mallorca,Tuesday,2023,2,February,7,Morning,,Not caused by the pedestrian,Ciclomotor,Man,18,Driver,Desconegut,Unknown,Leisure and entertainment,Minor injury: Hospitalization up to 24 hours,430246.37,4583194.88,2.164473606,41.395418325,2023-02-07 08:00:00
2023S000812    ,Horta-Guinardó,la Clota,Estatut,Friday,2023,2,February,10,Morning,,Not caused by the pedestrian,Motorcycle,Woman,28,Driver,Desconegut,Unknown,Unknown,Minor injury: Hospitalization up to 24 hours,429578.3,4586995.75,2.156040252,41.429593088,2023-02-10 12:00:00
2023S000813    ,Sant Martí,Provençals del Poblenou,Selva de Mar,Friday,2023,2,February,10,Morning,,Not caused by the pedestrian,Motorcycle,Man,31,Driver,Desconegut,Unknown,Unknown,Minor injury: Hospitalization up to 24 hours,433465.73,4585204.84,2.202759274,41.41379448,2023-02-10 13:00:00
2023S000814    ,Eixample,la Sagrada Família,Lepant,Friday,2023,2,February,10,Afternoon,,Not caused by the pedestrian,Motorcycle,Woman,44,Driver,Desconegut,Unknown,Unknown,Minor injury: Hospitalization up to 24 hours,431557.65,4583899.32,2.180078076,41.401875741,2023-02-10 14:00:00
2023S000815    ,Sant Martí,el Clot,Meridiana,Friday,2023,2,February,10,Afternoon,,Not caused by the pedestrian,Motorcycle,Man,27,Driver,Desconegut,Unknown,Unknown,Minor injury: Hospitalization up to 24 hours,432127.7,4584285.31,2.186853797,41.405400594,2023-02-10 14:00:00
2023S000816    ,Les Corts,les Corts,Corts,Friday,2023,2,February,10,Morning,,Crossing outside the pedestrian crossing,Motorcycle,Man,38,Driver,Fora del pas,Unknown,Unknown,Minor injury: Hospitalization up to 24 hours,427274.86,4581827.27,2.129096158,41.38283743,2023-02-10 13:00:00
2023S000817    ,Nou Barris,Torre Baró,Escolapi Càncer,Friday,2023,2,February,10,Afternoon,,Not caused by the pedestrian,Motorcycle,Woman,25,Passenger,Desconegut,Unknown,Unknown,Minor injury: Medical assistance at accident site,431383.08,4590036.1,2.177292875,41.457132683,2023-02-10 15:00:00
2023S000818    ,Sant Andreu,Navas,Sant Antoni Maria Claret,Friday,2023,2,February,10,Afternoon,,Not caused by the pedestrian,Veh. mobilitat personal amb motor,Man,20,Driver,Desconegut,Unknown,Unknown,Minor injury: Hospitalization up to 24 hours,432147.88,4585942.07,2.186909296,41.420324234,2023-02-10 14:00:00
2023S000819    ,Ciutat Vella,el Raval,Josep Carner,Friday,2023,2,February,10,Morning,,Not caused by the pedestrian,Motorcycle,Man,32,Driver,Desconegut,Unknown,Unknown,Minor injury: Medical assistance at accident site,431242.62,4580854.67,2.176655418,41.37442656,2023-02-10 13:00:00
2023S000820    ,Eixample,l'Antiga Esquerra de l'Eixample,Aragó,Friday,2023,2,February,10,Afternoon,,Not caused by the pedestrian,Motorcycle,Man,40,Driver,Desconegut,Unknown,Commuting,Minor injury: Medical assistance at accident site,429845.9,4582433.84,2.159771826,41.388529035,2023-02-10 15:00:00
2023S000821    ,Eixample,la Nova Esquerra de l'Eixample,Vilamarí,Friday,2023,2,February,10,Afternoon,,Not caused by the pedestrian,Veh. mobilitat personal amb motor,Woman,18,Driver,Desconegut,Unknown,Unknown,Minor injury: Hospitalization up to 24 hours,428947.83,4581402.34,2.149152286,41.379159798,2023-02-10 16:00:00
2023S000822    ,Eixample,la Dreta de l'Eixample,Catalunya,Friday,2023,2,February,10,Afternoon,,Not caused by the pedestrian,Motorcycle,Man,35,Passenger,Desconegut,Unknown,Unknown,Minor injury: Medical assistance at accident site,430577.54,4582299.78,2.168537358,41.387385111,2023-02-10 14:00:00
2023S000823    ,Sarrià-Sant Gervasi,Sant Gervasi - la Bonanova,Mandri,Friday,2023,2,February,10,Afternoon,,Not caused by the pedestrian,Motorcycle,Man,17,Driver,Desconegut,Unknown,Unknown,Minor injury: Medical assistance at accident site,427694.18,4584086.28,2.13384075,41.403221257,2023-02-10 20:00:00
2023S000824    ,Sarrià-Sant Gervasi,el Putxet i el Farró,Guillem Tell,Friday,2023,2,February,10,Afternoon,,Others,Motorcycle,Man,45,Driver,Desconegut,Unknown,On a mission,Minor injury: Medical assistance at accident site,428816.64,4583901.99,2.147289609,41.401661649,2023-02-10 20:00:00
2023S000825    ,Gràcia,la Vila de Gràcia,Bonavista,Monday,2023,2,February,20,Night,,Not caused by the pedestrian,Bicicleta,Man,31,Driver,Desconegut,Unknown,Leisure and entertainment,Minor injury: Refused medical assistance,429833.99,4583500.91,2.159505689,41.398138738,2023-02-20 22:00:00
2023S000827    ,Sarrià-Sant Gervasi,Sant Gervasi - la Bonanova,Tibidabo,Friday,2023,2,February,10,Afternoon,,Not caused by the pedestrian,Car,Woman,1,Pedestrian,A la vorera / Andana,Unknown,Unknown,Minor injury: Medical assistance at accident site,427358.67,4585496.79,2.129657886,41.415894853,2023-02-10 21:00:00
2023S000828    ,Eixample,la Nova Esquerra de l'Eixample,Tarragona,Friday,2023,2,February,10,Afternoon,,Not caused by the pedestrian,Motorcycle,Woman,23,Passenger,Desconegut,Unknown,Unknown,Minor injury: Medical assistance at accident site,428769.74,4581177.12,2.147049191,41.377115564,2023-02-10 21:00:00
2023S000829    ,Nou Barris,Verdun,Júlia,Friday,2023,2,February,10,Afternoon,,Not caused by the pedestrian,Bus,Man,74,Passenger,Desconegut,Unknown,Unknown,Minor injury: Hospitalization up to 24 hours,431504.41,4588688.47,2.178898422,41.445005465,2023-02-10 21:00:00
2023S000831    ,Sarrià-Sant Gervasi,Sant Gervasi - Galvany,Escoles Pies,Friday,2023,2,February,10,Night,,Not caused by the pedestrian,Motorcycle,Woman,28,Driver,Desconegut,Unknown,Leisure and entertainment,Minor injury: Hospitalization up to 24 hours,427819.41,4583268.09,2.135436381,41.395863407,2023-02-10 23:00:00
2023S000835    ,Les Corts,Pedralbes,Miret i Sans,Saturday,2023,2,February,11,Morning,,Not caused by the pedestrian,Motorcycle,Woman,30,Passenger,Desconegut,Unknown,Unknown,Minor injury: Hospitalization up to 24 hours,425635.67,4582914.9,2.109360405,41.392483308,2023-02-11 12:00:00
2023S000836    ,Sant Martí,el Poblenou,Bilbao,Saturday,2023,2,February,11,Morning,,Not caused by the pedestrian,Bicicleta,Woman,28,Driver,Desconegut,Unknown,Leisure and entertainment,Minor injury: Hospitalization up to 24 hours,433600.64,4583893.63,2.204517341,41.401995913,2023-02-11 09:00:00
2023S000837    ,Sant Andreu,la Trinitat Vella,B-10 (Llobregat),Saturday,2023,2,February,11,Afternoon,,Not caused by the pedestrian,Motorcycle,Man,56,Driver,Desconegut,Unknown,Leisure and entertainment,Minor injury: Hospitalization up to 24 hours,433072.09,4589234.17,2.197603194,41.450052707,2023-02-11 15:00:00
2023S000838    ,Ciutat Vella,"Sant Pere, Santa Caterina i la Ribera",Trafalgar,Saturday,2023,2,February,11,Afternoon,,Disobeying the traffic light signal,Motorcycle,Woman,37,Pedestrian,En pas regulat per semàfor,Unknown,Unknown,Minor injury: Hospitalization up to 24 hours,431205.64,4582467.76,2.176030011,41.388952051,2023-02-11 15:00:00
2023S000839    ,Eixample,Sant Antoni,Comte d'Urgell,Saturday,2023,2,February,11,Morning,,Not caused by the pedestrian,Bicicleta,Man,25,Driver,Desconegut,Unknown,Unknown,Minor injury: Hospitalization up to 24 hours,429898.34,4581539.92,2.160502474,41.380482357,2023-02-11 13:00:00
2023S000840    ,Eixample,la Sagrada Família,Rosselló,Saturday,2023,2,February,11,Afternoon,,Not caused by the pedestrian,Motorcycle,Woman,26,Driver,Desconegut,Unknown,Unknown,Minor injury: Medical assistance at accident site,431274.06,4584558.52,2.176610842,41.407788743,2023-02-11 14:00:00
2023S000841    ,Sarrià-Sant Gervasi,"Vallvidrera, el Tibidabo i les Planes",Sarrià a Vallvidrera,Saturday,2023,2,February,11,Afternoon,,Not caused by the pedestrian,Taxi,Man,80,Passenger,Desconegut,Unknown,Unknown,Minor injury: Hospitalization up to 24 hours,425369.97,4584458.95,2.105992153,41.406365214,2023-02-11 18:00:00
2023S000842    ,Sarrià-Sant Gervasi,Sant Gervasi - Galvany,Francesc Macià,Saturday,2023,2,February,11,Afternoon,,Not caused by the pedestrian,Motorcycle,Man,26,Driver,Desconegut,Unknown,Commuting,Minor injury: Hospitalization up to 24 hours,428560.64,4582872.87,2.144348823,41.392370033,2023-02-11 16:00:00
2023S000843    ,Horta-Guinardó,la Vall d'Hebron,Dalt (Llobregat),Saturday,2023,2,February,11,Afternoon,,Not caused by the pedestrian,Motorcycle,Man,28,Driver,Desconegut,Unknown,Leisure and entertainment,Minor injury: Hospitalization up to 24 hours,428462.82,4586546.94,2.142744299,41.425452221,2023-02-11 18:00:00
2023S000844    ,Les Corts,les Corts,Sarrià,Saturday,2023,2,February,11,Morning,,Not caused by the pedestrian,Car,Man,36,Driver,Desconegut,Unknown,On a mission,Minor injury: Hospitalization up to 24 hours,427558.75,4582878.72,2.132365256,41.392333056,2023-02-11 13:00:00
2023S000845    ,Eixample,Sant Antoni,Corts Catalanes,Saturday,2023,2,February,11,Afternoon,,Not caused by the pedestrian,Ciclomotor,Man,23,Driver,Desconegut,Unknown,Leisure and entertainment,Minor injury: Hospitalization up to 24 hours,429834.07,4581818.31,2.15970167,41.382984122,2023-02-11 20:00:00
2023S000846    ,Eixample,la Dreta de l'Eixample,Aragó,Saturday,2023,2,February,11,Afternoon,,Not caused by the pedestrian,Motorcycle,Man,22,Driver,Desconegut,Unknown,Commuting,Minor injury: Hospitalization up to 24 hours,430577.16,4583105.99,2.168440355,41.394646361,2023-02-11 18:00:00
2023S000847    ,Sarrià-Sant Gervasi,el Putxet i el Farró,General Mitre,Saturday,2023,2,February,11,Afternoon,,Not caused by the pedestrian,Motorcycle,Woman,26,Driver,Desconegut,Unknown,On a mission,Minor injury: Medical assistance at accident site,428997.48,4584396.97,2.149394724,41.406135747,2023-02-11 17:00:00
2023S000848    ,Sarrià-Sant Gervasi,Sant Gervasi - la Bonanova,Balmes,Saturday,2023,2,February,11,Night,,Not caused by the pedestrian,Motorcycle,Man,25,Driver,Desconegut,Unknown,Leisure and entertainment,Minor injury: Hospitalization up to 24 hours,428204.64,4584253.59,2.139927149,41.404773924,2023-02-11 23:00:00
2023S000849    ,Nou Barris,la Prosperitat,Valldaura,Wednesday,2023,2,February,15,Afternoon,,Not caused by the pedestrian,Motorcycle,Man,59,Driver,Desconegut,Unknown,Leisure and entertainment,Minor injury: Hospitalization up to 24 hours,431288.21,4587995.12,2.176389401,41.438742233,2023-02-15 19:00:00
2023S000850    ,Gràcia,el Camp d'en Grassot i Gràcia Nova,Indústria,Sunday,2023,2,February,12,Night,,Not caused by the pedestrian,Bicicleta,Man,24,Driver,Desconegut,Unknown,Leisure and entertainment,Minor injury: Hospitalization up to 24 hours,430511.14,4584187.85,2.167526463,41.404384616,2023-02-12 05:00:00
2023S000851    ,Horta-Guinardó,el Baix Guinardó,Guinardó,Saturday,2023,2,February,11,Night,,Not caused by the pedestrian,Motorcycle,Man,61,Driver,Desconegut,Unknown,On a mission,Minor injury: Hospitalization up to 24 hours,430521.69,4585050.34,2.16755359,41.412153683,2023-02-11 23:00:00
2023S000852    ,Eixample,la Sagrada Família,Padilla,Saturday,2023,2,February,11,Night,,Not caused by the pedestrian,Motorcycle,Woman,24,Pedestrian,Desconegut,Unknown,Unknown,Minor injury: Refused medical assistance,431087.38,4584563.89,2.174376938,41.407821118,2023-02-11 22:00:00
2023S000854    ,Sarrià-Sant Gervasi,Sant Gervasi - Galvany,Sarrià,Sunday,2023,2,February,12,Morning,,Not caused by the pedestrian,Motorcycle,Man,30,Driver,Desconegut,Unknown,Other activities,Minor injury: Hospitalization up to 24 hours,427892.33,4582795.84,2.13636483,41.391616581,2023-02-12 08:00:00
2023S000856    ,Les Corts,les Corts,Diagonal,Sunday,2023,2,February,12,Morning,,Not caused by the pedestrian,Motorcycle,Man,17,Driver,Desconegut,Unknown,Unknown,Minor injury: Hospitalization up to 24 hours,427954.95,4582701.1,2.137125048,41.390768909,2023-02-12 10:00:00
2023S000858    ,Eixample,l'Antiga Esquerra de l'Eixample,Diagonal,Sunday,2023,2,February,12,Morning,,Not caused by the pedestrian,Car,Woman,66,Pedestrian,En pas regulat per semàfor,Other activities,Unknown,Minor injury: Hospitalization up to 24 hours,429144.63,4583098.78,2.151307076,41.394456414,2023-02-12 11:00:00
2023S000859    ,Gràcia,la Vila de Gràcia,Siracusa,Sunday,2023,2,February,12,Afternoon,,Not caused by the pedestrian,Motorcycle,Man,33,Driver,Desconegut,Unknown,Unknown,Minor injury: Hospitalization up to 24 hours,429998.01,4583935.06,2.16141737,41.402063282,2023-02-12 14:00:00
2023S000861    ,Sants-Montjuïc,Hostafrancs,Corts Catalanes,Sunday,2023,2,February,12,Morning,,Not caused by the pedestrian,Veh. mobilitat personal amb motor,Man,21,Driver,Desconegut,Unknown,Unknown,Minor injury: Hospitalization up to 24 hours,428691.28,4580704.77,2.146166601,41.372854314,2023-02-12 12:00:00
2023S000862    ,Eixample,la Nova Esquerra de l'Eixample,Rocafort,Sunday,2023,2,February,12,Afternoon,,Not caused by the pedestrian,Bicicleta,Man,29,Driver,Desconegut,Unknown,On a mission,Minor injury: Medical assistance at accident site,428665.12,4582042.51,2.145696272,41.384900559,2023-02-12 15:00:00
2023S000863    ,Horta-Guinardó,Horta,Scala Dei,Sunday,2023,2,February,12,Afternoon,,Not caused by the pedestrian,Motorcycle,Man,27,Driver,Desconegut,Unknown,Unknown,Minor injury: Hospitalization up to 24 hours,429549.07,4588168.13,2.155553708,41.440149671,2023-02-12 16:00:00
2023S000864    ,Sants-Montjuïc,la Bordeta,Constitució,Sunday,2023,2,February,12,Afternoon,,Not caused by the pedestrian,Car,Man,55,Pedestrian,A la vorera / Andana,Unknown,Unknown,Serious injury: Hospitalization over 24 hours,427949.35,4580391.97,2.13733276,41.36997092,2023-02-12 14:00:00
2023S000865    ,Sants-Montjuïc,el Poble-sec,Litoral (Llobregat),Sunday,2023,2,February,12,Afternoon,,Not caused by the pedestrian,Motorcycle,Man,18,Passenger,Desconegut,Unknown,Unknown,Minor injury: Hospitalization up to 24 hours,429453.56,4578421.99,2.155546634,41.352361207,2023-02-12 17:00:00
2023S000866    ,Sarrià-Sant Gervasi,les Tres Torres,Calatrava,Sunday,2023,2,February,12,Afternoon,,Not caused by the pedestrian,Car,Woman,52,Pedestrian,En pas sense regular,Unknown,Unknown,Minor injury: Hospitalization up to 24 hours,427462.68,4583577.13,2.13113253,41.398614689,2023-02-12 14:00:00
2023S000867    ,Sarrià-Sant Gervasi,Sant Gervasi - Galvany,Balmes,Sunday,2023,2,February,12,Afternoon,,Not caused by the pedestrian,Motorcycle,Woman,36,Driver,Desconegut,Unknown,Unknown,Minor injury: Hospitalization up to 24 hours,429197.14,4583444.59,2.151894676,41.397575629,2023-02-12 16:00:00
2023S000868    ,Ciutat Vella,la Barceloneta,Pau Vila,Sunday,2023,2,February,12,Afternoon,,Others,Bicicleta,Woman,28,Pedestrian,Altres,Unknown,Unknown,Minor injury: Hospitalization up to 24 hours,432011.36,4581589.21,2.18576489,41.381107728,2023-02-12 18:00:00
2023S000869    ,Les Corts,les Corts,Reina Maria Cristina,Sunday,2023,2,February,12,Night,,Not caused by the pedestrian,Car,Woman,27,Passenger,Desconegut,Unknown,Unknown,Minor injury: Hospitalization up to 24 hours,427207.0,4582445.17,2.128210374,41.38839647,2023-02-12 23:00:00
2023S000870    ,Sant Andreu,Navas,Meridiana,Monday,2023,2,February,13,Night,,Not caused by the pedestrian,Motorcycle,Man,34,Driver,Desconegut,Unknown,Leisure and entertainment,Minor injury: Hospitalization up to 24 hours,432174.02,4585878.71,2.187229185,41.419755779,2023-02-13 02:00:00
2023S000871    ,Nou Barris,Ciutat Meridiana,C-17 (Barcelona),Monday,2023,2,February,13,Morning,,Not caused by the pedestrian,Motorcycle,Woman,42,Driver,Desconegut,Unknown,Commuting,Minor injury: Medical assistance at accident site,432306.01,4589737.0,2.188376031,41.454517233,2023-02-13 07:00:00
2023S000872    ,Sants-Montjuïc,Hostafrancs,Mallorca,Saturday,2023,2,February,11,Morning,,Not caused by the pedestrian,Motorcycle,Man,43,Driver,Desconegut,Unknown,Unknown,Minor injury: Hospitalization up to 24 hours,428494.09,4581458.79,2.143719857,41.379628007,2023-02-11 13:00:00
2023S000873    ,Eixample,la Sagrada Família,Padilla,Monday,2023,2,February,13,Morning,,Not caused by the pedestrian,Motorcycle,Man,33,Driver,Desconegut,Unknown,Unknown,Minor injury: Hospitalization up to 24 hours,431273.03,4584371.26,2.176619797,41.406102064,2023-02-13 09:00:00
2023S000875    ,Eixample,el Fort Pienc,Sant Joan,Friday,2023,2,February,10,Afternoon,,Not caused by the pedestrian,Motorcycle,Woman,32,Passenger,Desconegut,Unknown,Unknown,Minor injury: Hospitalization up to 24 hours,431582.27,4582754.76,2.180501983,41.391569121,2023-02-10 21:00:00
2023S000876    ,Eixample,l'Antiga Esquerra de l'Eixample,Sarrià,Monday,2023,2,February,13,Morning,,Not caused by the pedestrian,Motorcycle,Woman,41,Driver,Desconegut,Unknown,On a mission,Minor injury: Medical assistance at accident site,428499.73,4582666.13,2.143644741,41.390502587,2023-02-13 12:00:00
2023S000877    ,Eixample,la Sagrada Família,Sardenya,Monday,2023,2,February,13,Morning,,Not caused by the pedestrian,Motorcycle,Man,23,Driver,Desconegut,Unknown,Other activities,Minor injury: Hospitalization up to 24 hours,431264.72,4583795.85,2.176585763,41.400918815,2023-02-13 10:00:00