Case_Number,District_Name,Neighborhood_Name,Street_Name,Day_of_Week,Year,Month_Code,Month_Name,Day_of_Month,Shift_Description,Hour_of_Day,Pedestrian_Cause_Description,Involved_Vehicle_Type,Gender_Description,Age,Person_Type_Description,Pedestrian_Accident_Location_Description,Pedestrian_Movement_Reason_Description,Driver_Movement_Reason_Description,Victimization_Description,UTM_X_Coordinate,UTM_Y_Coordinate,Longitude,Latitude,datetime
2023S000880    ,Eixample,el Fort Pienc,Corts Catalanes,Monday,2023,2,February,13,Morning,,Not caused by the pedestrian,Furgoneta,Man,62,Driver,Desconegut,Unknown,On a mission,Minor injury: Hospitalization up to 24 hours,431455.99,4583368.44,2.178922143,41.397085599,2023-02-13 13:00:00
2023S000881    ,Eixample,la Dreta de l'Eixample,Corts Catalanes,Monday,2023,2,February,13,Morning,,Not caused by the pedestrian,Veh. mobilitat personal amb motor,Man,32,Driver,Desconegut,Unknown,Unknown,Minor injury: Hospitalization up to 24 hours,431044.09,4582965.88,2.174041171,41.393424628,2023-02-13 13:00:00
2023S000882    ,Les Corts,les Corts,Diagonal,Monday,2023,2,February,13,Afternoon,,Not caused by the pedestrian,Motorcycle,Woman,27,Driver,Desconegut,Unknown,Unknown,Minor injury: Hospitalization up to 24 hours,427557.22,4582526.09,2.132389155,41.389156919,2023-02-13 15:00:00
2023S000883    ,Les Corts,la Maternitat i Sant Ramon,Corts,Monday,2023,2,February,13,Afternoon,,Not caused by the pedestrian,Bicicleta,Woman,66,Pedestrian,A la vorera / Andana,Leisure and entertainment,Unknown,Minor injury: Refused medical assistance,426465.78,4581177.17,2.11949972,41.376908663,2023-02-13 16:00:00
2023S000884    ,Sant Martí,el Camp de l'Arpa del Clot,Nació,Monday,2023,2,February,13,Afternoon,,Not caused by the pedestrian,Motorcycle,Woman,58,Passenger,Desconegut,Unknown,Unknown,Minor injury: Hospitalization up to 24 hours,431998.91,4585133.19,2.185217773,41.413026304,2023-02-13 16:00:00
2023S000885    ,Sants-Montjuïc,la Marina de Port,Mare de Déu de Port,Monday,2023,2,February,13,Afternoon,,Not caused by the pedestrian,Car,Man,67,Pedestrian,A la vorera / Andana,Leisure and entertainment,Unknown,Minor injury: Hospitalization up to 24 hours,428136.79,4579538.28,2.13967504,41.362298789,2023-02-13 18:00:00
2023S000886    ,Eixample,la Dreta de l'Eixample,Diputació,Monday,2023,2,February,13,Afternoon,,Others,Motorcycle,Woman,32,Driver,Desconegut,Unknown,Leisure and entertainment,Minor injury: Hospitalization up to 24 hours,430876.43,4583046.5,2.172026654,41.394136346,2023-02-13 17:00:00
2023S000887    ,Eixample,l'Antiga Esquerra de l'Eixample,Diputació,Monday,2023,2,February,13,Afternoon,,Not caused by the pedestrian,Car,Man,42,Driver,Desconegut,Unknown,Unknown,Minor injury: Hospitalization up to 24 hours,429696.1,4581906.18,2.158041539,41.383763488,2023-02-13 17:00:00
2023S000890    ,Sant Martí,la Verneda i la Pau,Prim,Monday,2023,2,February,13,Afternoon,,Not caused by the pedestrian,Motorcycle,Man,40,Driver,Desconegut,Unknown,Commuting,Minor injury: Medical assistance at accident site,433653.97,4586136.52,2.204909198,41.422201441,2023-02-13 18:00:00
2023S000892    ,Sant Martí,el Camp de l'Arpa del Clot,Meridiana,Tuesday,2023,2,February,14,Morning,,Not caused by the pedestrian,Veh. mobilitat personal amb motor,Woman,37,Driver,Desconegut,Unknown,Unknown,Minor injury: Medical assistance at accident site,432141.03,4585382.64,2.186890129,41.415285043,2023-02-14 06:00:00
2023S000893    ,Sarrià-Sant Gervasi,el Putxet i el Farró,General Mitre,Tuesday,2023,2,February,14,Morning,,Not caused by the pedestrian,Motorcycle,Woman,31,Driver,Desconegut,Unknown,Unknown,Minor injury: Hospitalization up to 24 hours,428273.21,4584231.67,2.14075002,41.404582623,2023-02-14 08:00:00
2023S000894    ,Eixample,el Fort Pienc,Consell de Cent,Tuesday,2023,2,February,14,Morning,,Not caused by the pedestrian,Motorcycle,Man,43,Driver,Desconegut,Unknown,Unknown,Minor injury: Refused medical assistance,431230.39,4583594.47,2.176197997,41.39910211,2023-02-14 09:00:00
2023S000895    ,Horta-Guinardó,la Font d'en Fargues,Verema,Tuesday,2023,2,February,14,Morning,,Not caused by the pedestrian,Motorcycle,Woman,54,Driver,Desconegut,Unknown,Unknown,Minor injury: Hospitalization up to 24 hours,430182.07,4586474.44,2.163325906,41.424950584,2023-02-14 08:00:00
2023S000896    ,Ciutat Vella,el Raval,Aurora,Tuesday,2023,2,February,14,Morning,,Not caused by the pedestrian,Veh. mobilitat personal amb motor,Man,17,Driver,Desconegut,Unknown,Unknown,Minor injury: Hospitalization up to 24 hours,430509.14,4581315.0,2.167832333,41.378509583,2023-02-14 07:00:00
2023S000897    ,Sants-Montjuïc,la Bordeta,Ildefons Cerdà,Tuesday,2023,2,February,14,Morning,,Not caused by the pedestrian,Motorcycle,Man,42,Driver,Desconegut,Unknown,Unknown,Minor injury: Refused medical assistance,427718.43,4579750.57,2.134648336,41.364173341,2023-02-14 09:00:00
2023S000898    ,Sant Martí,el Parc i la Llacuna del Poblenou,Meridiana,Tuesday,2023,2,February,14,Morning,,Not caused by the pedestrian,Motorcycle,Woman,50,Driver,Desconegut,Unknown,Unknown,Minor injury: Hospitalization up to 24 hours,432116.2,4582922.61,2.186869104,41.393126169,2023-02-14 08:00:00
2023S000899    ,Sant Andreu,Sant Andreu,Dublín,Tuesday,2023,2,February,14,Morning,,Not caused by the pedestrian,Motorcycle,Woman,28,Driver,Desconegut,Unknown,Unknown,Minor injury: Medical assistance at accident site,431926.84,4586869.18,2.184159998,41.428655703,2023-02-14 08:00:00
2023S000900    ,Ciutat Vella,el Barri Gòtic,Duc de Medinaceli,Tuesday,2023,2,February,14,Morning,,Not caused by the pedestrian,Motorcycle,Woman,42,Driver,Desconegut,Unknown,Unknown,Minor injury: Hospitalization up to 24 hours,431420.9,4581318.27,2.178734648,41.378617304,2023-02-14 10:00:00
2023S000901    ,Les Corts,la Maternitat i Sant Ramon,Diagonal,Tuesday,2023,2,February,14,Morning,,Not caused by the pedestrian,Motorcycle,Man,20,Driver,Desconegut,Unknown,On a mission,Minor injury: Hospitalization up to 24 hours,425755.73,4581989.81,2.110909787,41.384162529,2023-02-14 10:00:00
2023S000903    ,Eixample,l'Antiga Esquerra de l'Eixample,París,Tuesday,2023,2,February,14,Morning,,Not caused by the pedestrian,Bicicleta,Man,26,Driver,Desconegut,Unknown,Unknown,Minor injury: Hospitalization up to 24 hours,429173.98,4582876.38,2.151684146,41.392455923,2023-02-14 13:00:00
2023S000904    ,Sants-Montjuïc,la Marina del Prat Vermell,Zona Franca,Tuesday,2023,2,February,14,Morning,,Not caused by the pedestrian,Veh. mobilitat personal amb motor,Man,16,Driver,Desconegut,Unknown,Unknown,Minor injury: Hospitalization up to 24 hours,428495.23,4578479.06,2.144085014,41.352790659,2023-02-14 13:00:00
2023S000905    ,Gràcia,la Vila de Gràcia,Sant Lluís,Tuesday,2023,2,February,14,Morning,,Not caused by the pedestrian,Motorcycle,Man,30,Driver,Desconegut,Unknown,On a mission,Minor injury: Hospitalization up to 24 hours,429941.66,4584339.31,2.160696489,41.40569931,2023-02-14 11:00:00
2023S000906    ,Ciutat Vella,"Sant Pere, Santa Caterina i la Ribera",Sota Muralla,Tuesday,2023,2,February,14,Morning,,Not caused by the pedestrian,Bicicleta,Man,41,Driver,Desconegut,Unknown,Leisure and entertainment,Minor injury: Hospitalization up to 24 hours,431876.16,4581706.1,2.184134973,41.382149083,2023-02-14 10:00:00
2023S000907    ,Sarrià-Sant Gervasi,Sarrià,B-20 (Llobregat),Tuesday,2023,2,February,14,Afternoon,,Not caused by the pedestrian,Car,Man,28,Driver,Desconegut,Unknown,Commuting,Minor injury: Hospitalization up to 24 hours,425886.72,4583460.91,2.112296156,41.39742416,2023-02-14 15:00:00
2023S000908    ,Eixample,la Dreta de l'Eixample,Gràcia,Tuesday,2023,2,February,14,Morning,,Not caused by the pedestrian,Motorcycle,Man,42,Driver,Desconegut,Unknown,Unknown,Minor injury: Hospitalization up to 24 hours,430187.73,4582930.63,2.163802698,41.39303322,2023-02-14 12:00:00
2023S000909    ,Eixample,el Fort Pienc,Ausiàs Marc,Tuesday,2023,2,February,14,Afternoon,,Not caused by the pedestrian,Motorcycle,Woman,37,Driver,Desconegut,Unknown,Commuting,Minor injury: Hospitalization up to 24 hours,431844.57,4583386.88,2.183567976,41.39728473,2023-02-14 14:00:00
2023S000910    ,Sants-Montjuïc,el Poble-sec,Paral·lel,Tuesday,2023,2,February,14,Afternoon,,Not caused by the pedestrian,Veh. mobilitat personal amb motor,Woman,53,Pedestrian,En pas regulat per semàfor,Unknown,Unknown,Minor injury: Hospitalization up to 24 hours,430316.25,4580904.02,2.165573065,41.374791317,2023-02-14 15:00:00
2023S000911    ,Sants-Montjuïc,Hostafrancs,Mallorca,Tuesday,2023,2,February,14,Afternoon,,Not caused by the pedestrian,Veh. mobilitat personal amb motor,Woman,46,Driver,Desconegut,Unknown,Commuting,Minor injury: Hospitalization up to 24 hours,428494.09,4581458.79,2.143719857,41.379628007,2023-02-14 15:00:00
2023S000912    ,Sarrià-Sant Gervasi,Sant Gervasi - la Bonanova,Dalt (Besòs),Tuesday,2023,2,February,14,Afternoon,,Not caused by the pedestrian,Motorcycle,Man,53,Driver,Desconegut,Unknown,Unknown,Minor injury: Hospitalization up to 24 hours,427097.08,4584894.92,2.126600642,41.410450375,2023-02-14 15:00:00
2023S000913    ,Sant Martí,Diagonal Mar i el Front Marítim del Poblenou,Litoral,Tuesday,2023,2,February,14,Afternoon,,Not caused by the pedestrian,Motorcycle,Man,34,Driver,Desconegut,Unknown,Other activities,Minor injury: Hospitalization up to 24 hours,434131.96,4583677.31,2.210896674,41.400091299,2023-02-14 16:00:00
2023S000914    ,Sant Martí,el Poblenou,Litoral (Llobregat),Wednesday,2023,2,February,15,Afternoon,,Not caused by the pedestrian,Car,Woman,24,Passenger,Desconegut,Unknown,Unknown,Minor injury: Hospitalization up to 24 hours,433776.65,4583174.38,2.206701532,41.395532324,2023-02-15 16:00:00
2023S000915    ,Ciutat Vella,el Barri Gòtic,Litoral (Llobregat),Tuesday,2023,2,February,14,Afternoon,,Not caused by the pedestrian,Motorcycle,Man,41,Driver,Desconegut,Unknown,Leisure and entertainment,Minor injury: Hospitalization up to 24 hours,431520.59,4581243.79,2.179935149,41.377954977,2023-02-14 17:00:00
2023S000916    ,Nou Barris,Porta,Verdum,Tuesday,2023,2,February,14,Afternoon,,Not caused by the pedestrian,Car,Woman,51,Pedestrian,Desconegut,Leisure and entertainment,Unknown,Minor injury: Hospitalization up to 24 hours,431098.55,4587882.22,2.174132262,41.437709123,2023-02-14 17:00:00
2023S000917    ,Sants-Montjuïc,la Marina de Port,Foneria,Tuesday,2023,2,February,14,Afternoon,,Not caused by the pedestrian,Motorcycle,Man,34,Driver,Desconegut,Unknown,Commuting,Minor injury: Hospitalization up to 24 hours,428057.24,4579344.4,2.138747045,41.360545468,2023-02-14 17:00:00
2023S000918    ,Sant Martí,el Camp de l'Arpa del Clot,València,Tuesday,2023,2,February,14,Afternoon,,Not caused by the pedestrian,Bus,Woman,36,Passenger,Desconegut,Unknown,Unknown,Minor injury: Medical assistance at accident site,432059.39,4584748.99,2.185984533,41.409571049,2023-02-14 17:00:00
2023S000919    ,Horta-Guinardó,la Vall d'Hebron,Dalt (Llobregat),Tuesday,2023,2,February,14,Afternoon,,Not caused by the pedestrian,Motorcycle,Man,34,Driver,Desconegut,Unknown,Other activities,Minor injury: Hospitalization up to 24 hours,428543.18,4586839.61,2.143671306,41.428095331,2023-02-14 20:00:00
2023S000920    ,Eixample,Sant Antoni,Sant Antoni,Tuesday,2023,2,February,14,Afternoon,,Not caused by the pedestrian,Autobús articulat,Woman,73,Passenger,Desconegut,Unknown,Unknown,Minor injury: Medical assistance at accident site,430180.58,4581946.73,2.163830648,41.384170924,2023-02-14 19:00:00
2023S000921    ,Sant Andreu,la Trinitat Vella,Dalt (Besòs),Tuesday,2023,2,February,14,Afternoon,,Not caused by the pedestrian,Motorcycle,Man,39,Driver,Desconegut,Unknown,Unknown,Minor injury: Hospitalization up to 24 hours,432720.04,4588904.37,2.193425555,41.447052863,2023-02-14 16:00:00
2023S000922    ,Gràcia,Vallcarca i els Penitents,Lesseps,Tuesday,2023,2,February,14,Afternoon,,Not caused by the pedestrian,Motorcycle,Man,38,Driver,Desconegut,Unknown,Leisure and entertainment,Minor injury: Hospitalization up to 24 hours,428967.21,4584479.36,2.149022934,41.406875127,2023-02-14 20:00:00
2023S000923    ,Eixample,el Fort Pienc,Corts Catalanes,Wednesday,2023,2,February,15,Morning,,Not caused by the pedestrian,Motorcycle,Man,27,Driver,Desconegut,Unknown,Unknown,Minor injury: Medical assistance at accident site,431752.09,4583696.66,2.182426855,41.400066981,2023-02-15 08:00:00
2023S000924    ,Les Corts,les Corts,Corts,Tuesday,2023,2,February,14,Afternoon,,Not caused by the pedestrian,Motorcycle,Woman,25,Passenger,Desconegut,Unknown,Unknown,Minor injury: Hospitalization up to 24 hours,427447.75,4582017.56,2.131140865,41.384566916,2023-02-14 21:00:00
2023S000925    ,Sant Andreu,la Sagrera,Gran de la Sagrera,Wednesday,2023,2,February,15,Morning,,Not caused by the pedestrian,Motorcycle,Man,53,Driver,Desconegut,Unknown,Unknown,Minor injury: Hospitalization up to 24 hours,432507.43,4586441.07,2.191155786,41.424848874,2023-02-15 08:00:00
2023S000926    ,Eixample,l'Antiga Esquerra de l'Eixample,Aragó,Wednesday,2023,2,February,15,Morning,,Not caused by the pedestrian,Motorcycle,Woman,58,Driver,Desconegut,Unknown,Other activities,Serious injury: Hospitalization over 24 hours,429817.13,4582361.22,2.159436166,41.387872459,2023-02-15 08:00:00
2023S000927    ,Eixample,la Dreta de l'Eixample,Aragó,Wednesday,2023,2,February,15,Morning,,Not caused by the pedestrian,Motorcycle,Man,34,Driver,Desconegut,Unknown,Unknown,Minor injury: Hospitalization up to 24 hours,430022.75,4582583.06,2.16186964,41.389888424,2023-02-15 10:00:00
2023S000928    ,Eixample,la Dreta de l'Eixample,Roger de Llúria,Wednesday,2023,2,February,15,Morning,,Crossing outside the pedestrian crossing,Veh. mobilitat personal amb motor,Woman,70,Pedestrian,Fora del pas,Unknown,Unknown,Minor injury: Medical assistance at accident site,430826.84,4582699.69,2.171473157,41.391008469,2023-02-15 12:00:00
2023S000929    ,Eixample,el Fort Pienc,Sicília,Wednesday,2023,2,February,15,Morning,,Not caused by the pedestrian,Motorcycle,Man,36,Driver,Desconegut,Unknown,Other activities,Minor injury: Hospitalization up to 24 hours,431167.04,4583702.85,2.175427899,41.400072831,2023-02-15 12:00:00
2023S000930    ,Les Corts,la Maternitat i Sant Ramon,Carles III,Wednesday,2023,2,February,15,Morning,,Not caused by the pedestrian,Motorcycle,Woman,35,Driver,Desconegut,Unknown,Other activities,Minor injury: Refused medical assistance,427163.85,4581781.7,2.127774126,41.382416951,2023-02-15 11:00:00
2023S000931    ,Sarrià-Sant Gervasi,el Putxet i el Farró,General Mitre,Wednesday,2023,2,February,15,Morning,,Not caused by the pedestrian,Car,Man,35,Driver,Desconegut,Unknown,Leisure and entertainment,Minor injury: Medical assistance at accident site,428362.88,4584282.82,2.141816642,41.405051311,2023-02-15 13:00:00
2023S000932    ,Sants-Montjuïc,Sants,Joan Güell,Monday,2023,2,February,13,Afternoon,,Others,Veh. mobilitat personal amb motor,Woman,53,Pedestrian,En pas regulat per semàfor,Unknown,Unknown,Minor injury: Hospitalization up to 24 hours,427756.38,4581051.22,2.134946977,41.375891241,2023-02-13 16:00:00
2023S000933    ,Horta-Guinardó,el Baix Guinardó,Alfons el Savi,Wednesday,2023,2,February,15,Morning,,Not caused by the pedestrian,Motorcycle,Man,58,Driver,Desconegut,Unknown,Unknown,Minor injury: Hospitalization up to 24 hours,430397.3,4585071.83,2.166062916,41.412336467,2023-02-15 13:00:00
2023S000934    ,Les Corts,les Corts,Diagonal,Wednesday,2023,2,February,15,Afternoon,,Disobeying the traffic light signal,Car,Woman,42,Pedestrian,En pas regulat per semàfor,Leisure and entertainment,Unknown,Minor injury: Hospitalization up to 24 hours,427666.32,4582685.53,2.133674904,41.390602757,2023-02-15 15:00:00
2023S000935    ,Sarrià-Sant Gervasi,Sant Gervasi - Galvany,Tuset,Wednesday,2023,2,February,15,Morning,,Others,Motorcycle,Man,55,Driver,Desconegut,Unknown,Leisure and entertainment,Minor injury: Hospitalization up to 24 hours,429142.75,4583335.07,2.151256926,41.396584428,2023-02-15 13:00:00
2023S000936    ,Sant Martí,el Poblenou,Litoral (Llobregat),Wednesday,2023,2,February,15,Morning,,Not caused by the pedestrian,Motorcycle,Man,42,Driver,Desconegut,Unknown,Commuting,Minor injury: Hospitalization up to 24 hours,433777.75,4583199.54,2.206711936,41.395759025,2023-02-15 06:00:00
2023S000937    ,Eixample,la Nova Esquerra de l'Eixample,Calàbria,Wednesday,2023,2,February,15,Afternoon,,Not caused by the pedestrian,Veh. mobilitat personal amb motor,Man,55,Driver,Desconegut,Unknown,Leisure and entertainment,Minor injury: Medical assistance at accident site,429347.93,4581549.1,2.15391952,41.380516868,2023-02-15 15:00:00
2023S000938    ,Sants-Montjuïc,Sants,Sants,Wednesday,2023,2,February,15,Afternoon,,Not caused by the pedestrian,Bicicleta,Man,28,Driver,Desconegut,Unknown,Unknown,Minor injury: Hospitalization up to 24 hours,427512.14,4581019.39,2.132030351,41.375582585,2023-02-15 16:00:00
2023S000939    ,Eixample,la Nova Esquerra de l'Eixample,Josep Tarradellas,Wednesday,2023,2,February,15,Afternoon,,Not caused by the pedestrian,Motorcycle,Man,37,Driver,Desconegut,Unknown,Unknown,Minor injury: Hospitalization up to 24 hours,428409.41,4582129.0,2.142628031,41.385656815,2023-02-15 15:00:00
2023S000940    ,Sant Martí,la Vila Olímpica del Poblenou,Arquitecte Sert,Wednesday,2023,2,February,15,Afternoon,,Not caused by the pedestrian,Car,Man,54,Passenger,Desconegut,Unknown,Unknown,Minor injury: Hospitalization up to 24 hours,433331.93,4582763.2,2.201427507,41.391792158,2023-02-15 15:00:00
2023S000941    ,Ciutat Vella,la Barceloneta,Marítim de la Barceloneta,Wednesday,2023,2,February,15,Afternoon,,Not caused by the pedestrian,Veh. mobilitat personal amb motor,Man,23,Driver,Desconegut,Unknown,Unknown,Minor injury: Hospitalization up to 24 hours,432758.38,4581836.02,2.194670628,41.383393501,2023-02-15 17:00:00
2023S000942    ,Sarrià-Sant Gervasi,Sant Gervasi - Galvany,Ganduxer,Wednesday,2023,2,February,15,Afternoon,,Not caused by the pedestrian,Bicicleta,Woman,41,Driver,Desconegut,Unknown,Commuting,Minor injury: Hospitalization up to 24 hours,428081.11,4582993.06,2.138599231,41.393409778,2023-02-15 15:00:00
2023S000943    ,Eixample,Sant Antoni,Corts Catalanes,Wednesday,2023,2,February,15,Afternoon,,Not caused by the pedestrian,Bus,Woman,63,Passenger,Desconegut,Unknown,Unknown,Minor injury: Hospitalization up to 24 hours,430025.03,4582004.98,2.161963719,41.384682041,2023-02-15 19:00:00
2023S000945    ,Sants-Montjuïc,la Marina del Prat Vermell,A Zona Franca,Wednesday,2023,2,February,15,Afternoon,,Not caused by the pedestrian,Car,Man,52,Driver,Desconegut,Unknown,Commuting,Minor injury: Hospitalization up to 24 hours,428497.71,4577319.47,2.144251323,41.342346799,2023-02-15 21:00:00
2023S000947    ,Ciutat Vella,el Raval,Sant Rafael,Wednesday,2023,2,February,15,Afternoon,,Not caused by the pedestrian,Car,Woman,48,Pedestrian,A la vorera / Andana,Other activities,Unknown,Minor injury: Hospitalization up to 24 hours,430647.69,4581382.29,2.169481386,41.379127605,2023-02-15 19:00:00
2023S000948    ,Sant Martí,el Besòs i el Maresme,C-31,Wednesday,2023,2,February,15,Afternoon,,Not caused by the pedestrian,Car,Woman,32,Driver,Desconegut,Unknown,Commuting,Minor injury: Hospitalization up to 24 hours,434078.33,4585946.2,2.210007828,41.420522231,2023-02-15 20:00:00
2023S000950    ,Eixample,la Dreta de l'Eixample,Pau Claris,Wednesday,2023,2,February,15,Night,,Not caused by the pedestrian,Motorcycle,Man,33,Driver,Desconegut,Unknown,Commuting,Minor injury: Medical assistance at accident site,430215.57,4583149.45,2.164110449,41.395006478,2023-02-15 23:00:00
2023S000951    ,Eixample,la Sagrada Família,Indústria,Wednesday,2023,2,February,15,Afternoon,,Crossing outside the pedestrian crossing,Motorcycle,Man,50,Pedestrian,Fora del pas,Leisure and entertainment,Unknown,Minor injury: Hospitalization up to 24 hours,430810.78,4584480.49,2.171077455,41.407046187,2023-02-15 18:00:00
2023S000952    ,Sant Andreu,la Trinitat Vella,B-10 (Llobregat),Wednesday,2023,2,February,15,Afternoon,,Not caused by the pedestrian,Car,Man,22,Passenger,Desconegut,Unknown,Unknown,Minor injury: Hospitalization up to 24 hours,433363.25,4582786.07,2.201799588,41.39200074,2023-02-15 19:00:00
2023S000953    ,Horta-Guinardó,Sant Genís dels Agudells,Dalt (Besòs),Thursday,2023,2,February,16,Night,,Not caused by the pedestrian,Car,Woman,38,Driver,Desconegut,Unknown,Unknown,Minor injury: Hospitalization up to 24 hours,428773.49,4587500.25,2.146349502,41.434065902,2023-02-16 05:00:00
2023S000954    ,Horta-Guinardó,Horta,Dalt (Besòs),Thursday,2023,2,February,16,Morning,,Not caused by the pedestrian,Motorcycle,Woman,48,Driver,Desconegut,Unknown,Unknown,Minor injury: Medical assistance at accident site,429224.55,4587887.44,2.151702397,41.437593059,2023-02-16 06:00:00
2023S000955    ,Ciutat Vella,el Raval,Aurora,Thursday,2023,2,February,16,Morning,,Not caused by the pedestrian,Ciclomotor,Man,28,Driver,Desconegut,Unknown,Leisure and entertainment,Minor injury: Hospitalization up to 24 hours,430509.14,4581315.0,2.167832333,41.378509583,2023-02-16 06:00:00
2023S000956    ,Eixample,el Fort Pienc,Marina,Thursday,2023,2,February,16,Morning,,Not caused by the pedestrian,Motorcycle,Man,37,Driver,Desconegut,Unknown,On a mission,Minor injury: Medical assistance at accident site,431575.46,4583633.92,2.180321135,41.39948688,2023-02-16 10:00:00
2023S000957    ,Sant Martí,el Camp de l'Arpa del Clot,Indústria,Wednesday,2023,2,February,15,Afternoon,,Not caused by the pedestrian,Motorcycle,Woman,27,Driver,Desconegut,Unknown,Leisure and entertainment,Minor injury: Medical assistance at accident site,431634.8,4585306.27,2.180841921,41.414554272,2023-02-15 21:00:00
2023S000958    ,Sarrià-Sant Gervasi,Sarrià,Augusta,Thursday,2023,2,February,16,Morning,,Not caused by the pedestrian,Motorcycle,Man,32,Driver,Desconegut,Unknown,Unknown,Minor injury: Hospitalization up to 24 hours,426886.36,4583717.97,2.124221932,41.39983095,2023-02-16 10:00:00
2023S000959    ,Sant Andreu,la Sagrera,Pacífic,Thursday,2023,2,February,16,Morning,,Not caused by the pedestrian,Motorcycle,Man,47,Driver,Desconegut,Unknown,Leisure and entertainment,Minor injury: Hospitalization up to 24 hours,432268.28,4586590.42,2.188277285,41.426173882,2023-02-16 09:00:00
2023S000960    ,Gràcia,el Camp d'en Grassot i Gràcia Nova,Providència,Thursday,2023,2,February,16,Morning,,Others,Motorcycle,Woman,37,Driver,Desconegut,Unknown,Unknown,Minor injury: Hospitalization up to 24 hours,429926.53,4584662.93,2.160478001,41.408612721,2023-02-16 10:00:00
2023S000961    ,Unknown,Unknown,Unknown,Saturday,2023,1,January,28,Afternoon,,Not caused by the pedestrian,Motorcycle,Woman,57,Pedestrian,En pas sense regular,Unknown,Unknown,Minor injury: Refused medical assistance,430955.45,4586335.1,2.172596357,41.423762477,2023-01-28 14:00:00
2023S000962    ,Ciutat Vella,el Barri Gòtic,Laietana,Thursday,2023,2,February,16,Morning,,Not caused by the pedestrian,Motorcycle,Woman,50,Passenger,Desconegut,Unknown,Unknown,Minor injury: Hospitalization up to 24 hours,431474.86,4581846.76,2.1793201,41.38338187,2023-02-16 13:00:00
2023S000963    ,Gràcia,el Camp d'en Grassot i Gràcia Nova,Nàpols,Thursday,2023,2,February,16,Morning,,Not caused by the pedestrian,Furgoneta,Man,39,Pedestrian,Altres,Unknown,Unknown,Minor injury: Hospitalization up to 24 hours,430603.22,4584092.49,2.168638915,41.403533698,2023-02-16 13:00:00
2023S000964    ,Eixample,Sant Antoni,Paral·lel,Thursday,2023,2,February,16,Afternoon,,Not caused by the pedestrian,Motorcycle,Man,46,Driver,Desconegut,Unknown,Leisure and entertainment,Minor injury: Hospitalization up to 24 hours,429362.65,4580936.13,2.154167022,41.374997338,2023-02-16 14:00:00
2023S000965    ,Gràcia,el Camp d'en Grassot i Gràcia Nova,Sant Joan,Thursday,2023,2,February,16,Afternoon,,Not caused by the pedestrian,Motorcycle,Man,65,Driver,Desconegut,Unknown,Leisure and entertainment,Minor injury: Hospitalization up to 24 hours,430411.16,4583904.05,2.16636309,41.401819871,2023-02-16 14:00:00
2023S000967    ,Ciutat Vella,el Raval,Sant Pau,Thursday,2023,2,February,16,Afternoon,,Not caused by the pedestrian,Motorcycle,Man,41,Driver,Desconegut,Unknown,Unknown,Minor injury: Hospitalization up to 24 hours,430358.15,4581066.85,2.166055351,41.376261508,2023-02-16 17:00:00
2023S000968    ,Gràcia,la Vila de Gràcia,Joan Blanques,Thursday,2023,2,February,16,Afternoon,,Not caused by the pedestrian,Bicicleta,Woman,40,Driver,Desconegut,Unknown,Unknown,Minor injury: Hospitalization up to 24 hours,429985.11,4584188.75,2.161233699,41.404347056,2023-02-16 17:00:00
2023S000969    ,Sants-Montjuïc,Sants - Badal,Mig (Descendent),Thursday,2023,2,February,16,Afternoon,,Not caused by the pedestrian,Motorcycle,Woman,43,Passenger,Desconegut,Unknown,Unknown,Minor injury: Hospitalization up to 24 hours,427419.84,4580846.47,2.130947419,41.374016835,2023-02-16 19:00:00
2023S000970    ,Eixample,la Dreta de l'Eixample,Sant Joan,Thursday,2023,2,February,16,Afternoon,,Not caused by the pedestrian,Motorcycle,Man,33,Driver,Desconegut,Unknown,Unknown,Minor injury: Hospitalization up to 24 hours,431017.98,4583247.09,2.173696829,41.39595516,2023-02-16 16:00:00
2023S000971    ,Nou Barris,el Turó de la Peira,Fabra i Puig,Thursday,2023,2,February,16,Afternoon,,Not caused by the pedestrian,Motorcycle,Woman,43,Driver,Desconegut,Unknown,Commuting,Minor injury: Hospitalization up to 24 hours,430517.23,4587099.73,2.167264637,41.430611414,2023-02-16 20:00:00
2023S000972    ,Gràcia,la Vila de Gràcia,Sant Lluís,Thursday,2023,2,February,16,Afternoon,,Not caused by the pedestrian,Motorcycle,Woman,33,Driver,Desconegut,Unknown,On a mission,Minor injury: Medical assistance at accident site,429784.33,4584208.27,2.158829596,41.404505345,2023-02-16 20:00:00
2023S000974    ,Horta-Guinardó,Sant Genís dels Agudells,Dalt (Besòs),Thursday,2023,2,February,16,Afternoon,,Not caused by the pedestrian,Motorcycle,Woman,23,Passenger,Desconegut,Unknown,Unknown,Minor injury: Hospitalization up to 24 hours,428373.45,4586366.57,2.141696244,41.423819737,2023-02-16 21:00:00
2023S000976    ,Sant Andreu,la Trinitat Vella,Bàrcino,Friday,2023,2,February,17,Night,,Not caused by the pedestrian,Motorcycle,Man,37,Driver,Desconegut,Unknown,Unknown,Minor injury: Hospitalization up to 24 hours,432748.74,4589533.0,2.193699061,41.452717122,2023-02-17 00:00:00