Case_Number,District_Name,Neighborhood_Name,Street_Name,Day_of_Week,Year,Month_Code,Month_Name,Day_of_Month,Shift_Description,Hour_of_Day,Pedestrian_Cause_Description,Involved_Vehicle_Type,Gender_Description,Age,Person_Type_Description,Pedestrian_Accident_Location_Description,Pedestrian_Movement_Reason_Description,Driver_Movement_Reason_Description,Victimization_Description,UTM_X_Coordinate,UTM_Y_Coordinate,Longitude,Latitude,datetime
2023S001177    ,Eixample,la Nova Esquerra de l'Eixample,València,Monday,2023,2,February,27,Morning,,Not caused by the pedestrian,Veh. mobilitat personal amb motor,Woman,26,Driver,Desconegut,Unknown,Commuting,Minor injury: Hospitalization up to 24 hours,428876.92,4581648.35,2.148275464,41.381369259,2023-02-27 08:00:00
2023S001178    ,Les Corts,Pedralbes,Til·lers,Tuesday,2023,2,February,28,Morning,,Not caused by the pedestrian,Motorcycle,Man,23,Driver,Desconegut,Unknown,Unknown,Minor injury: Hospitalization up to 24 hours,426486.53,4582585.53,2.119576877,41.389595076,2023-02-28 07:00:00
2023S001179    ,Sant Martí,Sant Martí de Provençals,Selva de Mar,Tuesday,2023,2,February,28,Morning,,Not caused by the pedestrian,Motorcycle,Man,53,Driver,Desconegut,Unknown,Leisure and entertainment,Minor injury: Hospitalization up to 24 hours,433297.39,4585331.9,2.200731171,41.414924912,2023-02-28 07:00:00
2023S001180    ,Sarrià-Sant Gervasi,les Tres Torres,General Mitre,Tuesday,2023,2,February,28,Morning,,Not caused by the pedestrian,Motorcycle,Woman,31,Driver,Desconegut,Unknown,Unknown,Minor injury: Hospitalization up to 24 hours,427655.06,4583522.62,2.13344018,41.39814108,2023-02-28 09:00:00
2023S001181    ,Gràcia,el Camp d'en Grassot i Gràcia Nova,Roger de Flor,Tuesday,2023,2,February,28,Morning,,Not caused by the pedestrian,Motorcycle,Man,50,Driver,Desconegut,Unknown,Unknown,Minor injury: Hospitalization up to 24 hours,430321.69,4584187.34,2.165260215,41.404363616,2023-02-28 07:00:00
2023S001182    ,Eixample,la Sagrada Família,Sant Antoni Maria Claret,Tuesday,2023,2,February,28,Morning,,Not caused by the pedestrian,Motorcycle,Man,57,Driver,Desconegut,Unknown,Unknown,Minor injury: Medical assistance at accident site,431087.05,4584936.71,2.174330508,41.411178957,2023-02-28 10:00:00
2023S001183    ,Eixample,el Fort Pienc,Lepant,Tuesday,2023,2,February,28,Morning,,Not caused by the pedestrian,Motorcycle,Man,35,Driver,Desconegut,Unknown,Leisure and entertainment,Minor injury: Hospitalization up to 24 hours,431648.46,4583800.82,2.181175486,41.400996311,2023-02-28 09:00:00
2023S001184    ,Horta-Guinardó,el Baix Guinardó,Alfons el Savi,Tuesday,2023,2,February,28,Morning,,Not caused by the pedestrian,Motorcycle,Woman,33,Driver,Desconegut,Unknown,Leisure and entertainment,Minor injury: Medical assistance at accident site,430098.71,4585104.04,2.162486859,41.412600642,2023-02-28 08:00:00
2023S001185    ,Eixample,la Dreta de l'Eixample,Corts Catalanes,Tuesday,2023,2,February,28,Morning,,Not caused by the pedestrian,Furgoneta,Woman,39,Pedestrian,En pas regulat per semàfor,Unknown,Unknown,Minor injury: Hospitalization up to 24 hours,430886.26,4582847.07,2.172167,41.392340987,2023-02-28 12:00:00
2023S001186    ,Sarrià-Sant Gervasi,el Putxet i el Farró,República Argentina,Tuesday,2023,2,February,28,Morning,,Not caused by the pedestrian,Car,Man,61,Pedestrian,A la vorera / Andana,Unknown,Unknown,Minor injury: Medical assistance at accident site,428138.09,4585168.47,2.139022338,41.413007926,2023-02-28 13:00:00
2023S001187    ,Unknown,Unknown,Unknown,Tuesday,2023,2,February,28,Morning,,Not caused by the pedestrian,Motorcycle,Man,35,Driver,Desconegut,Unknown,On a mission,Minor injury: Hospitalization up to 24 hours,427857.18,4579829.6,2.1362977,41.364897589,2023-02-28 13:00:00
2023S001188    ,Les Corts,les Corts,Joan Güell,Tuesday,2023,2,February,28,Morning,,Not caused by the pedestrian,Veh. mobilitat personal amb motor,Man,26,Driver,Desconegut,Unknown,Leisure and entertainment,Minor injury: Refused medical assistance,427356.39,4582166.03,2.130030496,41.385895879,2023-02-28 08:00:00
2023S001189    ,Sants-Montjuïc,la Marina del Prat Vermell,Litoral (Besòs),Tuesday,2023,2,February,28,Afternoon,,Not caused by the pedestrian,Car,Man,46,Driver,Desconegut,Unknown,Leisure and entertainment,Minor injury: Hospitalization up to 24 hours,429959.63,4578877.12,2.161543132,41.356504634,2023-02-28 17:00:00
2023S001190    ,Ciutat Vella,"Sant Pere, Santa Caterina i la Ribera",Lluís Companys,Tuesday,2023,2,February,28,Afternoon,,Not caused by the pedestrian,Bus,Woman,51,Passenger,Desconegut,Unknown,Unknown,Minor injury: Hospitalization up to 24 hours,431734.23,4582471.91,2.18235136,41.389034489,2023-02-28 17:00:00
2023S001191    ,Les Corts,la Maternitat i Sant Ramon,Mig (Descendent),Tuesday,2023,2,February,28,Afternoon,,Not caused by the pedestrian,Motorcycle,Man,36,Driver,Desconegut,Unknown,Unknown,Minor injury: Hospitalization up to 24 hours,427119.02,4582149.08,2.127193816,41.385721735,2023-02-28 17:00:00
2023S001194    ,Eixample,la Sagrada Família,Sant Antoni Maria Claret,Wednesday,2023,3,March,1,Morning,,Not caused by the pedestrian,Veh. mobilitat personal amb motor,Man,20,Driver,Desconegut,Unknown,Other activities,Minor injury: Medical assistance at accident site,431137.14,4584985.62,2.174924207,41.411623769,2023-03-01 08:00:00
2023S001195    ,Ciutat Vella,el Barri Gòtic,Portal de la Pau,Wednesday,2023,3,March,1,Morning,,Not caused by the pedestrian,Motorcycle,Woman,36,Driver,Desconegut,Unknown,Commuting,Minor injury: Medical assistance at accident site,431308.23,4581076.48,2.177414774,41.37642995,2023-03-01 09:00:00
2023S001196    ,Sant Martí,el Clot,Clot,Wednesday,2023,3,March,1,Morning,,Not caused by the pedestrian,Motorcycle,Man,60,Driver,Desconegut,Unknown,Unknown,Minor injury: Medical assistance at accident site,432295.56,4584834.57,2.18880039,41.410361782,2023-03-01 12:00:00
2023S001197    ,Eixample,la Dreta de l'Eixample,Roger de Llúria,Wednesday,2023,3,March,1,Morning,,Not caused by the pedestrian,Motorcycle,Man,52,Driver,Desconegut,Unknown,On a mission,Minor injury: Medical assistance at accident site,430893.12,4582647.56,2.172271825,41.39054465,2023-03-01 10:00:00
2023S001198    ,Sant Martí,la Verneda i la Pau,Menorca,Wednesday,2023,3,March,1,Morning,,Not caused by the pedestrian,Car,Woman,25,Driver,Desconegut,Unknown,Leisure and entertainment,Minor injury: Hospitalization up to 24 hours,433331.57,4586193.84,2.201045057,41.422691001,2023-03-01 11:00:00
2023S001199    ,Sarrià-Sant Gervasi,Sant Gervasi - la Bonanova,Bonanova,Wednesday,2023,3,March,1,Morning,,Not caused by the pedestrian,Ciclomotor,Man,29,Driver,Desconegut,Unknown,Unknown,Minor injury: Hospitalization up to 24 hours,427330.07,4584235.49,2.129467257,41.404532282,2023-03-01 13:00:00
2023S001201    ,Sant Martí,la Vila Olímpica del Poblenou,Marina,Tuesday,2023,2,February,28,Afternoon,,Not caused by the pedestrian,Taxi,Man,31,Pedestrian,En pas regulat per semàfor,Unknown,Unknown,Minor injury: Hospitalization up to 24 hours,433107.15,4582066.16,2.198816078,41.38549541,2023-02-28 21:00:00
2023S001202    ,Horta-Guinardó,la Vall d'Hebron,Vall d'Hebron,Wednesday,2023,3,March,1,Afternoon,,Not caused by the pedestrian,Autobús articulat,Man,62,Passenger,Desconegut,Unknown,Unknown,Minor injury: Hospitalization up to 24 hours,428734.65,4587227.45,2.14591685,41.431605461,2023-03-01 15:00:00
2023S001203    ,Eixample,la Dreta de l'Eixample,Catalunya,Wednesday,2023,3,March,1,Morning,,Not caused by the pedestrian,Motorcycle,Woman,42,Driver,Desconegut,Unknown,Unknown,Minor injury: Medical assistance at accident site,430189.39,4582703.59,2.163848737,41.390988488,2023-03-01 13:00:00
2023S001204    ,Sarrià-Sant Gervasi,Sant Gervasi - Galvany,Reina Victòria,Wednesday,2023,3,March,1,Afternoon,,Not caused by the pedestrian,Ciclomotor,Man,21,Driver,Desconegut,Unknown,Leisure and entertainment,Minor injury: Medical assistance at accident site,428095.12,4583389.74,2.13871967,41.396983775,2023-03-01 14:00:00
2023S001205    ,Eixample,l'Antiga Esquerra de l'Eixample,Aribau,Wednesday,2023,3,March,1,Morning,,Not caused by the pedestrian,Motorcycle,Man,43,Driver,Desconegut,Unknown,Leisure and entertainment,Minor injury: Hospitalization up to 24 hours,429269.91,4582970.53,2.152820499,41.393312346,2023-03-01 13:00:00
2023S001206    ,Eixample,el Fort Pienc,Diputació,Wednesday,2023,3,March,1,Afternoon,,Not caused by the pedestrian,Bicicleta,Man,19,Driver,Desconegut,Unknown,Unknown,Minor injury: Hospitalization up to 24 hours,431355.12,4583511.92,2.177699335,41.398369271,2023-03-01 15:00:00
2023S001207    ,Eixample,l'Antiga Esquerra de l'Eixample,Balmes,Wednesday,2023,3,March,1,Afternoon,,Not caused by the pedestrian,Motorcycle,Man,46,Driver,Desconegut,Unknown,Leisure and entertainment,Minor injury: Medical assistance at accident site,429649.26,4582966.26,2.15735821,41.393307179,2023-03-01 15:00:00
2023S001208    ,Nou Barris,la Guineueta,Valldaura,Wednesday,2023,3,March,1,Afternoon,,Crossing outside the pedestrian crossing,Motorcycle,Woman,82,Pedestrian,Fora del pas,Unknown,Unknown,Minor injury: Hospitalization up to 24 hours,430422.9,4588088.04,2.166021908,41.439504571,2023-03-01 18:00:00
2023S001210    ,Sarrià-Sant Gervasi,Sant Gervasi - Galvany,Diagonal,Wednesday,2023,3,March,1,Afternoon,,Not caused by the pedestrian,Motorcycle,Woman,51,Driver,Desconegut,Unknown,Unknown,Minor injury: Medical assistance at accident site,429165.67,4583133.11,2.151554711,41.394767467,2023-03-01 17:00:00
2023S001211    ,Sant Martí,el Poblenou,Litoral (Llobregat),Wednesday,2023,3,March,1,Afternoon,,Not caused by the pedestrian,Car,Woman,22,Driver,Desconegut,Unknown,Unknown,Minor injury: Medical assistance at accident site,433545.58,4582976.4,2.203959431,41.393730092,2023-03-01 15:00:00
2023S001212    ,Sarrià-Sant Gervasi,Sarrià,Dalt (Llobregat),Wednesday,2023,3,March,1,Afternoon,,Not caused by the pedestrian,Motorcycle,Man,26,Driver,Desconegut,Unknown,Unknown,Minor injury: Hospitalization up to 24 hours,425926.91,4583547.96,2.112766218,41.398211885,2023-03-01 19:00:00
2023S001213    ,Eixample,l'Antiga Esquerra de l'Eixample,Comte d'Urgell,Wednesday,2023,3,March,1,Afternoon,,Not caused by the pedestrian,Veh. mobilitat personal amb motor,Man,32,Driver,Desconegut,Unknown,Unknown,Minor injury: Hospitalization up to 24 hours,428841.03,4582663.44,2.147726989,41.390508643,2023-03-01 18:00:00
2023S001214    ,Eixample,Sant Antoni,Paral·lel,Wednesday,2023,3,March,1,Afternoon,,Not caused by the pedestrian,Motorcycle,Man,51,Driver,Desconegut,Unknown,Leisure and entertainment,Minor injury: Refused medical assistance,429230.33,4580913.82,2.15258746,41.374784768,2023-03-01 17:00:00
2023S001215    ,Sants-Montjuïc,Sants,Badal,Wednesday,2023,3,March,1,Afternoon,,Not caused by the pedestrian,Motorcycle,Man,39,Driver,Desconegut,Unknown,Unknown,Minor injury: Hospitalization up to 24 hours,427518.76,4580549.61,2.132165705,41.371352046,2023-03-01 20:00:00
2023S001217    ,Sarrià-Sant Gervasi,Sant Gervasi - la Bonanova,Dalt (Besòs),Thursday,2023,3,March,2,Morning,,Not caused by the pedestrian,Car,Man,29,Driver,Desconegut,Unknown,Unknown,Minor injury: Hospitalization up to 24 hours,427143.16,4584946.47,2.127145712,41.410918844,2023-03-02 07:00:00
2023S001218    ,Sants-Montjuïc,la Marina del Prat Vermell,Litoral (Llobregat),Thursday,2023,3,March,2,Morning,,Not caused by the pedestrian,Car,Woman,44,Driver,Desconegut,Unknown,Unknown,Minor injury: Medical assistance at accident site,430993.73,4580287.98,2.173743955,41.369301221,2023-03-02 09:00:00
2023S001219    ,Les Corts,la Maternitat i Sant Ramon,Diagonal,Thursday,2023,3,March,2,Morning,,Not caused by the pedestrian,Motorcycle,Man,29,Driver,Desconegut,Unknown,Commuting,Minor injury: Medical assistance at accident site,425960.02,4582013.56,2.113349923,41.384395273,2023-03-02 10:00:00
2023S001220    ,Gràcia,la Vila de Gràcia,Pérez Galdós,Thursday,2023,3,March,2,Morning,,Not caused by the pedestrian,Bicicleta,Man,32,Driver,Desconegut,Unknown,Unknown,Minor injury: Hospitalization up to 24 hours,429128.89,4584439.44,2.150961784,41.406529861,2023-03-02 08:00:00
2023S001221    ,Ciutat Vella,el Raval,Paral·lel,Thursday,2023,3,March,2,Morning,,Not caused by the pedestrian,Motorcycle,Woman,54,Driver,Desconegut,Unknown,Unknown,Minor injury: Hospitalization up to 24 hours,430783.34,4580931.82,2.171154952,41.375082036,2023-03-02 10:00:00
2023S001222    ,Eixample,l'Antiga Esquerra de l'Eixample,Diputació,Thursday,2023,3,March,2,Morning,,Not caused by the pedestrian,Motorcycle,Woman,29,Driver,Desconegut,Unknown,Unknown,Minor injury: Hospitalization up to 24 hours,429922.08,4582109.9,2.160720404,41.385618056,2023-03-02 11:00:00
2023S001224    ,Ciutat Vella,la Barceloneta,Marítim de la Barceloneta,Thursday,2023,3,March,2,Afternoon,,Not caused by the pedestrian,Taxi,Woman,24,Pedestrian,En pas sense regular,Commuting,Unknown,Serious injury: Hospitalization over 24 hours,432850.0,4581986.52,2.195749604,41.384756676,2023-03-02 14:00:00
2023S001225    ,Sants-Montjuïc,el Poble-sec,Paral·lel,Thursday,2023,3,March,2,Afternoon,,Not caused by the pedestrian,Autobús articulat,Woman,75,Passenger,Desconegut,Unknown,Unknown,Minor injury: Hospitalization up to 24 hours,429837.24,4580910.41,2.159844744,41.374807226,2023-03-02 15:00:00
2023S001227    ,Eixample,la Sagrada Família,Provença,Thursday,2023,3,March,2,Afternoon,,Not caused by the pedestrian,Car,Man,48,Driver,Desconegut,Unknown,Unknown,Minor injury: Medical assistance at accident site,431273.03,4584371.26,2.176619797,41.406102064,2023-03-02 17:00:00
2023S001228    ,Eixample,la Dreta de l'Eixample,Bailèn,Thursday,2023,3,March,2,Afternoon,,Not caused by the pedestrian,Motorcycle,Woman,38,Driver,Desconegut,Unknown,Leisure and entertainment,Minor injury: Hospitalization up to 24 hours,430598.6,4583522.16,2.168649068,41.398396523,2023-03-02 17:00:00
2023S001229    ,Sarrià-Sant Gervasi,Sant Gervasi - la Bonanova,Dalt (Besòs),Thursday,2023,3,March,2,Afternoon,,Not caused by the pedestrian,Motorcycle,Man,24,Driver,Desconegut,Unknown,Other activities,Minor injury: Hospitalization up to 24 hours,427706.4,4585327.86,2.133838523,41.414404747,2023-03-02 18:00:00
2023S001230    ,Les Corts,les Corts,Diagonal,Thursday,2023,3,March,2,Afternoon,,Not caused by the pedestrian,Motorcycle,Man,19,Driver,Desconegut,Unknown,Unknown,Minor injury: Medical assistance at accident site,427954.95,4582701.1,2.137125048,41.390768909,2023-03-02 19:00:00
2023S001232    ,Eixample,l'Antiga Esquerra de l'Eixample,Balmes,Thursday,2023,3,March,2,Afternoon,,Not caused by the pedestrian,Motorcycle,Woman,30,Passenger,Desconegut,Unknown,Unknown,Minor injury: Medical assistance at accident site,429430.09,4583191.25,2.154710596,41.395314373,2023-03-02 20:00:00
2023S001233    ,Eixample,la Nova Esquerra de l'Eixample,Rocafort,Thursday,2023,3,March,2,Afternoon,,Not caused by the pedestrian,Motorcycle,Man,49,Driver,Desconegut,Unknown,Leisure and entertainment,Minor injury: Hospitalization up to 24 hours,428909.27,4581807.57,2.148643625,41.382806159,2023-03-02 20:00:00
2023S001236    ,Nou Barris,la Guineueta,Caçador,Thursday,2023,3,March,2,Afternoon,,Not caused by the pedestrian,Motorcycle,Man,39,Driver,Desconegut,Unknown,Unknown,Serious injury: Hospitalization over 24 hours,430471.16,4588315.38,2.166573355,41.441556316,2023-03-02 21:00:00
2023S001237    ,Eixample,l'Antiga Esquerra de l'Eixample,València,Friday,2023,3,March,3,Morning,,Not caused by the pedestrian,Car,Woman,56,Passenger,Desconegut,Unknown,Unknown,Minor injury: Refused medical assistance,429929.89,4582678.07,2.160748048,41.39073606,2023-03-03 06:00:00
2023S001240    ,Gràcia,el Camp d'en Grassot i Gràcia Nova,Sant Antoni Maria Claret,Thursday,2023,3,March,2,Afternoon,,Not caused by the pedestrian,Furgoneta,Man,53,Driver,Desconegut,Unknown,Unknown,Minor injury: Hospitalization up to 24 hours,430455.01,4584334.58,2.166838135,41.405701307,2023-03-02 19:00:00
2023S001241    ,Sants-Montjuïc,Sants - Badal,Madrid,Wednesday,2023,3,March,1,Morning,,Not caused by the pedestrian,Bus,Woman,74,Passenger,Desconegut,Unknown,Unknown,Minor injury: Hospitalization up to 24 hours,427216.45,4581384.09,2.128450919,41.378840595,2023-03-01 11:00:00
2023S001242    ,Gràcia,la Vila de Gràcia,Gràcia,Thursday,2023,3,March,2,Afternoon,,Not caused by the pedestrian,Bicicleta,Man,49,Driver,Desconegut,Unknown,Other activities,Minor injury: Refused medical assistance,429486.47,4583668.21,2.155329373,41.399615133,2023-03-02 20:00:00
2023S001243    ,Horta-Guinardó,Horta,Estatut,Friday,2023,3,March,3,Morning,,Not caused by the pedestrian,Motorcycle,Man,54,Driver,Desconegut,Unknown,Commuting,Minor injury: Hospitalization up to 24 hours,429578.3,4586995.75,2.156040252,41.429593088,2023-03-03 08:00:00
2023S001245    ,Gràcia,Vallcarca i els Penitents,Maignon,Friday,2023,3,March,3,Morning,,Not caused by the pedestrian,Motorcycle,Man,30,Driver,Desconegut,Unknown,Commuting,Minor injury: Medical assistance at accident site,429042.62,4584625.18,2.149907954,41.408195136,2023-03-03 08:00:00
2023S001247    ,Horta-Guinardó,el Baix Guinardó,Guinardó,Friday,2023,3,March,3,Morning,,Not caused by the pedestrian,Motorcycle,Man,36,Driver,Desconegut,Unknown,Unknown,Minor injury: Hospitalization up to 24 hours,430432.84,4585050.82,2.166490535,41.412150316,2023-03-03 09:00:00
2023S001248    ,Sarrià-Sant Gervasi,Sant Gervasi - Galvany,Muntaner,Friday,2023,3,March,3,Morning,,Not caused by the pedestrian,Motorcycle,Woman,53,Driver,Desconegut,Unknown,Unknown,Minor injury: Hospitalization up to 24 hours,428591.72,4583490.1,2.144647725,41.397931956,2023-03-03 10:00:00
2023S001249    ,Eixample,la Nova Esquerra de l'Eixample,Diputació,Friday,2023,3,March,3,Morning,,Not caused by the pedestrian,Motorcycle,Man,41,Driver,Desconegut,Unknown,Unknown,Minor injury: Hospitalization up to 24 hours,429539.89,4581737.49,2.15619309,41.382230478,2023-03-03 09:00:00
2023S001250    ,Sarrià-Sant Gervasi,Sant Gervasi - Galvany,Gràcia,Friday,2023,3,March,3,Morning,,Not caused by the pedestrian,Motorcycle,Woman,37,Driver,Desconegut,Unknown,On a mission,Minor injury: Hospitalization up to 24 hours,428847.87,4583171.57,2.147749066,41.395085792,2023-03-03 11:00:00
2023S001251    ,Ciutat Vella,la Barceloneta,Litoral (Llobregat),Friday,2023,3,March,3,Morning,,Not caused by the pedestrian,Motorcycle,Man,29,Passenger,Desconegut,Unknown,Unknown,Minor injury: Hospitalization up to 24 hours,432683.81,4582138.32,2.193745254,41.386110004,2023-03-03 13:00:00
2023S001252    ,Eixample,l'Antiga Esquerra de l'Eixample,Diagonal,Friday,2023,3,March,3,Morning,,Not caused by the pedestrian,Ciclomotor,Man,28,Driver,Desconegut,Unknown,Commuting,Minor injury: Hospitalization up to 24 hours,429144.63,4583098.78,2.151307076,41.394456414,2023-03-03 13:00:00
2023S001253    ,Sant Andreu,Sant Andreu,Sant Adrià,Thursday,2023,3,March,2,Afternoon,,Not caused by the pedestrian,Bicicleta,Man,26,Driver,Desconegut,Unknown,Unknown,Minor injury: Hospitalization up to 24 hours,432802.29,4587594.8,2.19455587,41.435264892,2023-03-02 21:00:00
2023S001254    ,Nou Barris,Porta,Malgrat,Friday,2023,3,March,3,Morning,,Not caused by the pedestrian,Veh. mobilitat personal amb motor,Man,50,Driver,Desconegut,Unknown,Unknown,Minor injury: Hospitalization up to 24 hours,431574.84,4587181.36,2.179912237,41.431437475,2023-03-03 13:00:00
2023S001255    ,Gràcia,Vallcarca i els Penitents,República Argentina,Friday,2023,3,March,3,Afternoon,,Not caused by the pedestrian,Bus,Woman,82,Passenger,Desconegut,Unknown,Unknown,Minor injury: Hospitalization up to 24 hours,428299.95,4585022.26,2.140976177,41.411705537,2023-03-03 14:00:00
2023S001257    ,Sant Martí,la Verneda i la Pau,Guipúscoa,Friday,2023,3,March,3,Afternoon,,Not caused by the pedestrian,Motorcycle,Man,67,Driver,Desconegut,Unknown,Leisure and entertainment,Serious injury: Hospitalization over 24 hours,433747.09,4586199.04,2.206016613,41.42277223,2023-03-03 15:00:00
2023S001258    ,Eixample,el Fort Pienc,Casp,Friday,2023,3,March,3,Afternoon,,Not caused by the pedestrian,Motorcycle,Man,47,Driver,Desconegut,Unknown,Unknown,Minor injury: Medical assistance at accident site,431464.86,4583206.91,2.179046532,41.395631502,2023-03-03 17:00:00
2023S001259    ,Eixample,la Nova Esquerra de l'Eixample,Tarragona,Friday,2023,3,March,3,Afternoon,,Not caused by the pedestrian,Bus,Woman,56,Passenger,Desconegut,Unknown,Unknown,Minor injury: Hospitalization up to 24 hours,428769.74,4581177.12,2.147049191,41.377115564,2023-03-03 17:00:00
2023S001260    ,Sant Martí,el Besòs i el Maresme,C-31,Friday,2023,3,March,3,Afternoon,,Not caused by the pedestrian,Furgoneta,Woman,52,Passenger,Desconegut,Unknown,Unknown,Minor injury: Hospitalization up to 24 hours,434078.33,4585946.2,2.210007828,41.420522231,2023-03-03 16:00:00
2023S001261    ,Nou Barris,Vilapicina i la Torre Llobeta,Escòcia,Friday,2023,3,March,3,Afternoon,,Crossing outside the pedestrian crossing,Motorcycle,Woman,24,Pedestrian,Fora del pas,Leisure and entertainment,Unknown,Minor injury: Medical assistance at accident site,431897.58,4586858.7,2.183811023,41.428558832,2023-03-03 17:00:00
2023S001262    ,Nou Barris,el Turó de la Peira,Sant Iscle,Friday,2023,3,March,3,Afternoon,,Not caused by the pedestrian,Motorcycle,Man,45,Driver,Desconegut,Unknown,Other activities,Minor injury: Hospitalization up to 24 hours,430719.98,4587528.65,2.169641832,41.434492061,2023-03-03 21:00:00
2023S001263    ,Horta-Guinardó,la Teixonera,Dalt (Llobregat),Friday,2023,3,March,3,Afternoon,,Not caused by the pedestrian,Motorcycle,Man,29,Driver,Desconegut,Unknown,Leisure and entertainment,Minor injury: Medical assistance at accident site,428435.52,4586389.61,2.142436248,41.424032783,2023-03-03 21:00:00
2023S001264    ,Eixample,el Fort Pienc,Marina,Friday,2023,3,March,3,Afternoon,,Not caused by the pedestrian,Car,Woman,53,Driver,Desconegut,Unknown,Unknown,Minor injury: Hospitalization up to 24 hours,431945.45,4583251.92,2.18478981,41.396077733,2023-03-03 21:00:00
2023S001266    ,Nou Barris,Vilapicina i la Torre Llobeta,Teide,Saturday,2023,3,March,4,Morning,,Disobeying the traffic light signal,Motorcycle,Man,24,Pedestrian,En pas regulat per semàfor,Leisure and entertainment,Unknown,Serious injury: Hospitalization over 24 hours,430664.81,4587074.55,2.169033673,41.430397388,2023-03-04 08:00:00
2023S001268    ,Sant Martí,Sant Martí de Provençals,Guipúscoa,Saturday,2023,3,March,4,Morning,,Not caused by the pedestrian,Bicicleta,Man,60,Driver,Desconegut,Unknown,On a mission,Minor injury: Hospitalization up to 24 hours,432792.64,4585292.45,2.194696433,41.414527519,2023-03-04 08:00:00
2023S001269    ,Sant Andreu,Sant Andreu,Torras i Bages,Saturday,2023,3,March,4,Morning,,Not caused by the pedestrian,Car,Woman,32,Driver,Desconegut,Unknown,Leisure and entertainment,Minor injury: Medical assistance at accident site,432483.55,4588310.59,2.190661065,41.441685023,2023-03-04 12:00:00
2023S001270    ,Sant Martí,Provençals del Poblenou,Diagonal,Saturday,2023,3,March,4,Morning,,Not caused by the pedestrian,Tren o tramvia,Man,58,Driver,Desconegut,Unknown,Other activities,Minor injury: Hospitalization up to 24 hours,432706.68,4584237.28,2.193785375,41.405016704,2023-03-04 13:00:00
2023S001272    ,Eixample,la Dreta de l'Eixample,Rosselló,Saturday,2023,3,March,4,Afternoon,,Not caused by the pedestrian,Ciclomotor,Woman,45,Driver,Desconegut,Unknown,On a mission,Minor injury: Hospitalization up to 24 hours,430028.14,4583341.24,2.161846456,41.396717571,2023-03-04 15:00:00
2023S001273    ,Eixample,la Dreta de l'Eixample,Reina Victòria,Saturday,2023,3,March,4,Afternoon,,Not caused by the pedestrian,Motorcycle,Woman,32,Passenger,Desconegut,Unknown,Unknown,Minor injury: Hospitalization up to 24 hours,430531.07,4582463.6,2.167962805,41.388856573,2023-03-04 16:00:00
2023S001275    ,Eixample,la Sagrada Família,Lepant,Saturday,2023,3,March,4,Afternoon,,Not caused by the pedestrian,Motorcycle,Woman,17,Passenger,Desconegut,Unknown,Unknown,Minor injury: Hospitalization up to 24 hours,430992.2,4584476.26,2.173248277,41.407023693,2023-03-04 19:00:00
2023S001276    ,Sant Andreu,la Trinitat Vella,Dalt (Besòs),Saturday,2023,3,March,4,Afternoon,,Not caused by the pedestrian,Car,Woman,52,Passenger,Desconegut,Unknown,Unknown,Minor injury: Hospitalization up to 24 hours,432697.0,4588930.46,2.193146846,41.447285914,2023-03-04 19:00:00
2023S001277    ,Sant Andreu,Sant Andreu,Ribes,Saturday,2023,3,March,4,Afternoon,,Not caused by the pedestrian,Motorcycle,Woman,27,Passenger,Desconegut,Unknown,Unknown,Minor injury: Medical assistance at accident site,432356.44,4588770.96,2.189088044,41.44582071,2023-03-04 20:00:00
2023S001278    ,Eixample,la Sagrada Família,València,Saturday,2023,3,March,4,Afternoon,,Not caused by the pedestrian,Motorcycle,Woman,54,Passenger,Desconegut,Unknown,Unknown,Minor injury: Hospitalization up to 24 hours,431156.75,4583866.96,2.17528614,41.401550038,2023-03-04 20:00:00
2023S001279    ,Eixample,l'Antiga Esquerra de l'Eixample,Diputació,Saturday,2023,3,March,4,Afternoon,,Not caused by the pedestrian,Motorcycle,Man,26,Driver,Desconegut,Unknown,Leisure and entertainment,Minor injury: Medical assistance at accident site,429887.54,4582093.8,2.160309201,41.385470037,2023-03-04 20:00:00
2023S001280    ,Eixample,la Dreta de l'Eixample,València,Saturday,2023,3,March,4,Afternoon,,Not caused by the pedestrian,Ciclomotor,Woman,37,Driver,Desconegut,Unknown,Leisure and entertainment,Minor injury: Hospitalization up to 24 hours,430647.07,4583400.23,2.169242815,41.397302523,2023-03-04 21:00:00
2023S001281    ,Sant Andreu,el Bon Pastor,Sant Adrià,Sunday,2023,3,March,5,Night,,Not caused by the pedestrian,Motorcycle,Man,26,Driver,Desconegut,Unknown,Leisure and entertainment,Minor injury: Hospitalization up to 24 hours,432802.29,4587594.8,2.19455587,41.435264892,2023-03-05 00:00:00
2023S001282    ,Sants-Montjuïc,la Marina del Prat Vermell,Litoral (Besòs),Saturday,2023,3,March,4,Night,,Not caused by the pedestrian,Motorcycle,Man,33,Driver,Desconegut,Unknown,Commuting,Minor injury: Hospitalization up to 24 hours,430774.47,4579826.64,2.171175144,41.365127217,2023-03-04 23:00:00
2023S001283    ,Sants-Montjuïc,Sants - Badal,Badal,Sunday,2023,3,March,5,Morning,,Not caused by the pedestrian,Car,Woman,26,Passenger,Desconegut,Unknown,Unknown,Minor injury: Hospitalization up to 24 hours,427380.7,4580912.45,2.130471518,41.37460756,2023-03-05 06:00:00