Case_Number,District_Name,Neighborhood_Name,Street_Name,Day_of_Week,Year,Month_Code,Month_Name,Day_of_Month,Shift_Description,Hour_of_Day,Pedestrian_Cause_Description,Involved_Vehicle_Type,Gender_Description,Age,Person_Type_Description,Pedestrian_Accident_Location_Description,Pedestrian_Movement_Reason_Description,Driver_Movement_Reason_Description,Victimization_Description,UTM_X_Coordinate,UTM_Y_Coordinate,Longitude,Latitude,datetime
2023S001285    ,Sant Martí,el Poblenou,Litoral,Sunday,2023,3,March,5,Morning,,Not caused by the pedestrian,Car,Man,73,Driver,Desconegut,Unknown,Unknown,Minor injury: Medical assistance at accident site,433600.12,4582986.31,2.204610681,41.393823857,2023-03-05 11:00:00
2023S001286    ,Sant Martí,el Poblenou,Litoral (Besòs),Sunday,2023,3,March,5,Morning,,Not caused by the pedestrian,Car,Woman,58,Passenger,Desconegut,Unknown,Unknown,Minor injury: Refused medical assistance,433705.19,4583102.38,2.205854682,41.394877946,2023-03-05 11:00:00
2023S001287    ,Sant Martí,el Poblenou,Litoral (Llobregat),Sunday,2023,3,March,5,Morning,,Not caused by the pedestrian,Car,Woman,41,Passenger,Desconegut,Unknown,Unknown,Minor injury: Medical assistance at accident site,433705.19,4583102.38,2.205854682,41.394877946,2023-03-05 11:00:00
2023S001288    ,Sarrià-Sant Gervasi,Sant Gervasi - Galvany,Augusta,Sunday,2023,3,March,5,Morning,,Not caused by the pedestrian,Motorcycle,Man,21,Driver,Desconegut,Unknown,Leisure and entertainment,Minor injury: Hospitalization up to 24 hours,428713.85,4583795.76,2.146072551,41.400695763,2023-03-05 10:00:00
2023S001289    ,Ciutat Vella,el Raval,Raval,Sunday,2023,3,March,5,Morning,,Not caused by the pedestrian,Car,Woman,59,Driver,Desconegut,Unknown,Unknown,Minor injury: Hospitalization up to 24 hours,430645.89,4581367.68,2.169461534,41.378995862,2023-03-05 12:00:00
2023S001290    ,Eixample,la Sagrada Família,Padilla,Sunday,2023,3,March,5,Afternoon,,Not caused by the pedestrian,Motorcycle,Woman,40,Passenger,Desconegut,Unknown,Unknown,Minor injury: Hospitalization up to 24 hours,431553.57,4584083.99,2.180008377,41.40353866,2023-03-05 14:00:00
2023S001292    ,Nou Barris,la Trinitat Nova,Llosa,Sunday,2023,3,March,5,Morning,,Not caused by the pedestrian,Motorcycle,Man,18,Driver,Desconegut,Unknown,Unknown,Minor injury: Hospitalization up to 24 hours,432310.95,4589160.32,2.188499855,41.449323702,2023-03-05 13:00:00
2023S001293    ,Les Corts,la Maternitat i Sant Ramon,Albert Bastardas,Sunday,2023,3,March,5,Afternoon,,Not caused by the pedestrian,Motorcycle,Man,44,Driver,Desconegut,Unknown,On a mission,Minor injury: Hospitalization up to 24 hours,425508.34,4581563.21,2.108003801,41.38029745,2023-03-05 18:00:00
2023S001294    ,Ciutat Vella,el Raval,Drassanes,Sunday,2023,3,March,5,Afternoon,,Not caused by the pedestrian,Motorcycle,Man,39,Driver,Desconegut,Unknown,Unknown,Minor injury: Hospitalization up to 24 hours,430949.91,4581096.04,2.173127947,41.376575438,2023-03-05 14:00:00
2023S001295    ,Eixample,la Dreta de l'Eixample,Universitat,Sunday,2023,3,March,5,Night,,Not caused by the pedestrian,Motorcycle,Man,37,Driver,Desconegut,Unknown,Commuting,Minor injury: Hospitalization up to 24 hours,430251.51,4582138.13,2.164656842,41.385900961,2023-03-05 23:00:00
2023S001297    ,Sant Andreu,el Bon Pastor,La Barcelonesa,Monday,2023,3,March,6,Night,,Not caused by the pedestrian,Motorcycle,Man,27,Driver,Desconegut,Unknown,Leisure and entertainment,Serious injury: Hospitalization over 24 hours,432932.5,4587713.32,2.196101103,41.436343255,2023-03-06 05:00:00
2023S001298    ,Gràcia,la Vila de Gràcia,Riera de Cassoles,Monday,2023,3,March,6,Morning,,Not caused by the pedestrian,Bus,Man,15,Pedestrian,En pas regulat per semàfor,Unknown,Unknown,Minor injury: Medical assistance at accident site,429033.99,4584119.1,2.149864084,41.403636302,2023-03-06 07:00:00
2023S001299    ,Sarrià-Sant Gervasi,Sant Gervasi - la Bonanova,Sant Gervasi,Monday,2023,3,March,6,Morning,,Crossing outside the pedestrian crossing,Car,Man,53,Pedestrian,Fora del pas,Unknown,Unknown,Minor injury: Hospitalization up to 24 hours,427970.87,4584863.31,2.137058057,41.410244499,2023-03-06 07:00:00
2023S001301    ,Eixample,l'Antiga Esquerra de l'Eixample,Diagonal,Monday,2023,3,March,6,Morning,,Not caused by the pedestrian,Motorcycle,Man,28,Driver,Desconegut,Unknown,Commuting,Minor injury: Hospitalization up to 24 hours,429366.4,4583143.68,2.15395436,41.394880332,2023-03-06 09:00:00
2023S001302    ,Sant Martí,el Parc i la Llacuna del Poblenou,Marina,Monday,2023,3,March,6,Morning,,Not caused by the pedestrian,Bicicleta,Woman,27,Driver,Desconegut,Unknown,Unknown,Minor injury: Refused medical assistance,432301.89,4582921.06,2.189090234,41.393127869,2023-03-06 07:00:00
2023S001303    ,Eixample,el Fort Pienc,Corts Catalanes,Monday,2023,3,March,6,Morning,,Not caused by the pedestrian,Veh. mobilitat personal amb motor,Woman,26,Driver,Desconegut,Unknown,Leisure and entertainment,Minor injury: Hospitalization up to 24 hours,431553.84,4583500.42,2.180077624,41.398282643,2023-03-06 08:00:00
2023S001304    ,Sant Andreu,Navas,Meridiana,Monday,2023,3,March,6,Morning,,Not caused by the pedestrian,Furgoneta,Woman,58,Passenger,Desconegut,Unknown,Unknown,Minor injury: Medical assistance at accident site,432121.88,4585817.68,2.18661216,41.419201695,2023-03-06 10:00:00
2023S001306    ,Sants-Montjuïc,la Marina del Prat Vermell,Zona Franca,Monday,2023,3,March,6,Morning,,Not caused by the pedestrian,Motorcycle,Man,49,Driver,Desconegut,Unknown,Unknown,Minor injury: Hospitalization up to 24 hours,428571.92,4578313.01,2.145021247,41.351301906,2023-03-06 11:00:00
2023S001307    ,Les Corts,les Corts,Diagonal,Sunday,2023,3,March,5,Night,,Not caused by the pedestrian,Car,Woman,28,Passenger,Desconegut,Unknown,Unknown,Minor injury: Medical assistance at accident site,427954.95,4582701.1,2.137125048,41.390768909,2023-03-05 22:00:00
2023S001308    ,Gràcia,Vallcarca i els Penitents,Vallcarca,Monday,2023,3,March,6,Morning,,Not caused by the pedestrian,Motorcycle,Woman,32,Passenger,Desconegut,Unknown,Unknown,Minor injury: Hospitalization up to 24 hours,428461.6,4585247.52,2.142883481,41.413748775,2023-03-06 13:00:00
2023S001309    ,Eixample,la Nova Esquerra de l'Eixample,Aragó,Monday,2023,3,March,6,Morning,,Not caused by the pedestrian,Taxi,Man,28,Pedestrian,En pas regulat per semàfor,Unknown,Unknown,Minor injury: Hospitalization up to 24 hours,429354.29,4581928.4,2.153951329,41.383933657,2023-03-06 12:00:00
2023S001310    ,Eixample,la Nova Esquerra de l'Eixample,Diputació,Monday,2023,3,March,6,Morning,,Not caused by the pedestrian,Motorcycle,Man,46,Driver,Desconegut,Unknown,On a mission,Minor injury: Hospitalization up to 24 hours,429385.75,4581571.52,2.154369163,41.38072212,2023-03-06 12:00:00
2023S001311    ,Sant Martí,Provençals del Poblenou,C-31,Monday,2023,3,March,6,Morning,,Not caused by the pedestrian,Motorcycle,Man,25,Driver,Desconegut,Unknown,On a mission,Minor injury: Hospitalization up to 24 hours,432986.83,4584903.52,2.197062924,41.411040761,2023-03-06 13:00:00
2023S001312    ,Eixample,la Nova Esquerra de l'Eixample,Corts Catalanes,Monday,2023,3,March,6,Morning,,Not caused by the pedestrian,Car,Man,29,Driver,Desconegut,Unknown,Leisure and entertainment,Minor injury: Refused medical assistance,429223.68,4581256.55,2.152467904,41.37787104,2023-03-06 10:00:00
2023S001313    ,Eixample,l'Antiga Esquerra de l'Eixample,Enric Granados,Monday,2023,3,March,6,Morning,,Not caused by the pedestrian,Bicicleta,Woman,55,Driver,Desconegut,Unknown,Unknown,Minor injury: Hospitalization up to 24 hours,429387.02,4583027.46,2.154214551,41.393835391,2023-03-06 13:00:00
2023S001314    ,Sant Martí,Provençals del Poblenou,Josep Pla,Monday,2023,3,March,6,Afternoon,,Not caused by the pedestrian,Motorcycle,Man,19,Driver,Desconegut,Unknown,Leisure and entertainment,Minor injury: Hospitalization up to 24 hours,433698.21,4585495.05,2.205508932,41.416427549,2023-03-06 16:00:00
2023S001315    ,Eixample,la Nova Esquerra de l'Eixample,Entença,Monday,2023,3,March,6,Afternoon,,Not caused by the pedestrian,Motorcycle,Man,28,Driver,Desconegut,Unknown,Unknown,Minor injury: Refused medical assistance,428876.92,4581648.35,2.148275464,41.381369259,2023-03-06 16:00:00
2023S001316    ,Sant Andreu,Navas,Felip II,Monday,2023,3,March,6,Afternoon,,Not caused by the pedestrian,Autobús articulat,Man,82,Passenger,Desconegut,Unknown,Unknown,Minor injury: Hospitalization up to 24 hours,432508.78,4585577.91,2.191268323,41.417074769,2023-03-06 15:00:00
2023S001317    ,Sants-Montjuïc,la Marina del Prat Vermell,B-10 (Besòs),Monday,2023,3,March,6,Afternoon,,Not caused by the pedestrian,Car,Woman,33,Driver,Desconegut,Unknown,Commuting,Minor injury: Hospitalization up to 24 hours,430873.62,4580015.85,2.172338941,41.366839906,2023-03-06 18:00:00
2023S001318    ,Sant Andreu,Navas,Maragall,Monday,2023,3,March,6,Afternoon,,Not caused by the pedestrian,Motorcycle,Woman,36,Driver,Desconegut,Unknown,Leisure and entertainment,Minor injury: Hospitalization up to 24 hours,431616.51,4585567.7,2.180593521,41.416907331,2023-03-06 14:00:00
2023S001319    ,Gràcia,la Vila de Gràcia,Lesseps,Monday,2023,3,March,6,Afternoon,,Disobeying the traffic light signal,Car,Woman,12,Pedestrian,En pas regulat per semàfor,Unknown,Unknown,Minor injury: Hospitalization up to 24 hours,429080.35,4584382.04,2.150387834,41.406008597,2023-03-06 17:00:00
2023S001320    ,Sarrià-Sant Gervasi,Sant Gervasi - la Bonanova,Bonanova,Monday,2023,3,March,6,Afternoon,,Not caused by the pedestrian,Motorcycle,Man,18,Driver,Desconegut,Unknown,Unknown,Minor injury: Refused medical assistance,427694.87,4584403.28,2.133811115,41.406076407,2023-03-06 17:00:00
2023S001321    ,Horta-Guinardó,Horta,Tajo,Monday,2023,3,March,6,Afternoon,,Not caused by the pedestrian,Ciclomotor,Woman,33,Driver,Desconegut,Unknown,Unknown,Minor injury: Refused medical assistance,430061.56,4586971.82,2.161826275,41.429419807,2023-03-06 17:00:00
2023S001322    ,Eixample,el Fort Pienc,Corts Catalanes,Monday,2023,3,March,6,Afternoon,,Not caused by the pedestrian,Motorcycle,Man,54,Driver,Desconegut,Unknown,Unknown,Minor injury: Hospitalization up to 24 hours,431752.74,4583658.63,2.18243892,41.399724511,2023-03-06 18:00:00
2023S001323    ,Gràcia,Vallcarca i els Penitents,Vallcarca,Monday,2023,3,March,6,Afternoon,,Not caused by the pedestrian,Motorcycle,Man,35,Driver,Desconegut,Unknown,Unknown,Minor injury: Hospitalization up to 24 hours,429028.69,4584584.14,2.149746123,41.407824274,2023-03-06 21:00:00
2023S001324    ,Eixample,l'Antiga Esquerra de l'Eixample,Mallorca,Monday,2023,3,March,6,Afternoon,,Not caused by the pedestrian,Ciclomotor,Woman,52,Driver,Desconegut,Unknown,Unknown,Minor injury: Medical assistance at accident site,429356.73,4582306.06,2.153936448,41.387335328,2023-03-06 20:00:00
2023S001325    ,Sant Martí,Sant Martí de Provençals,Guipúscoa,Monday,2023,3,March,6,Afternoon,,Not caused by the pedestrian,Car,Man,45,Driver,Desconegut,Unknown,Leisure and entertainment,Minor injury: Hospitalization up to 24 hours,432877.17,4585348.9,2.195701525,41.415043017,2023-03-06 19:00:00
2023S001326    ,Horta-Guinardó,Montbau,Vall d'Hebron,Monday,2023,3,March,6,Afternoon,,Not caused by the pedestrian,Ciclomotor,Woman,50,Driver,Desconegut,Unknown,Unknown,Minor injury: Medical assistance at accident site,428793.34,4587907.42,2.146539062,41.437734867,2023-03-06 20:00:00
2023S001327    ,Sarrià-Sant Gervasi,Sant Gervasi - la Bonanova,Alacant,Monday,2023,3,March,6,Afternoon,,Not caused by the pedestrian,Ciclomotor,Woman,20,Driver,Desconegut,Unknown,Unknown,Minor injury: Medical assistance at accident site,427843.38,4583906.46,2.135646963,41.401615103,2023-03-06 20:00:00
2023S001328    ,Sant Martí,el Poblenou,Ramon Turró,Monday,2023,3,March,6,Afternoon,,Not caused by the pedestrian,Motorcycle,Woman,24,Driver,Desconegut,Unknown,Commuting,Minor injury: Refused medical assistance,433364.06,4583561.24,2.201723924,41.398982575,2023-03-06 18:00:00
2023S001329    ,Sarrià-Sant Gervasi,Sant Gervasi - la Bonanova,Dalt (Besòs),Monday,2023,3,March,6,Afternoon,,Not caused by the pedestrian,Car,Woman,21,Driver,Desconegut,Unknown,Unknown,Minor injury: Hospitalization up to 24 hours,427607.67,4585312.48,2.13265913,41.414257334,2023-03-06 20:00:00
2023S001331    ,Eixample,l'Antiga Esquerra de l'Eixample,Muntaner,Tuesday,2023,3,March,7,Night,,Not caused by the pedestrian,Ciclomotor,Man,55,Driver,Desconegut,Unknown,Commuting,Minor injury: Hospitalization up to 24 hours,429548.35,4582493.34,2.156206316,41.389038911,2023-03-07 01:00:00
2023S001332    ,Sant Martí,el Poblenou,Litoral (Besòs),Tuesday,2023,3,March,7,Morning,,Not caused by the pedestrian,Car,Man,35,Driver,Desconegut,Unknown,Commuting,Minor injury: Medical assistance at accident site,433600.12,4582986.31,2.204610681,41.393823857,2023-03-07 06:00:00
2023S001333    ,Sant Martí,el Besòs i el Maresme,Josep Narcís Roca,Monday,2023,3,March,6,Afternoon,,Not caused by the pedestrian,Motorcycle,Woman,24,Driver,Desconegut,Unknown,Other activities,Minor injury: Hospitalization up to 24 hours,435012.77,4585164.65,2.221273049,41.413559163,2023-03-06 19:00:00
2023S001334    ,Sant Martí,Sant Martí de Provençals,Bac de Roda,Monday,2023,3,March,6,Afternoon,,Not caused by the pedestrian,Motorcycle,Man,52,Driver,Desconegut,Unknown,Commuting,Minor injury: Hospitalization up to 24 hours,432699.04,4585390.07,2.193565689,41.415398916,2023-03-06 18:00:00
2023S001335    ,Eixample,el Fort Pienc,Corts Catalanes,Tuesday,2023,3,March,7,Morning,,Not caused by the pedestrian,Motorcycle,Woman,45,Driver,Desconegut,Unknown,Unknown,Minor injury: Medical assistance at accident site,431778.91,4583757.15,2.182740851,41.400614074,2023-03-07 10:00:00
2023S001336    ,Sant Martí,Sant Martí de Provençals,Espronceda,Tuesday,2023,3,March,7,Morning,,Not caused by the pedestrian,Veh. mobilitat personal amb motor,Man,12,Passenger,Desconegut,Unknown,Unknown,Minor injury: Medical assistance at accident site,432695.3,4585200.75,2.193542015,41.413693452,2023-03-07 10:00:00
2023S001337    ,Eixample,la Dreta de l'Eixample,Aragó,Tuesday,2023,3,March,7,Morning,,Not caused by the pedestrian,Motorcycle,Man,50,Driver,Desconegut,Unknown,Unknown,Minor injury: Medical assistance at accident site,430498.67,4583050.27,2.167507952,41.394137725,2023-03-07 09:00:00
2023S001338    ,Sants-Montjuïc,la Marina del Prat Vermell,Número 6 Zona Franca,Wednesday,2023,2,February,15,Morning,,Not caused by the pedestrian,Motorcycle,Man,23,Driver,Desconegut,Unknown,Commuting,Minor injury: Hospitalization up to 24 hours,426247.25,4575440.61,2.117584159,41.325221571,2023-02-15 08:00:00
2023S001339    ,Sants-Montjuïc,el Poble-sec,Jocs del 92,Tuesday,2023,3,March,7,Morning,,Not caused by the pedestrian,Motorcycle,Man,53,Driver,Desconegut,Unknown,Unknown,Minor injury: Hospitalization up to 24 hours,428670.26,4579620.55,2.146042877,41.363087235,2023-03-07 11:00:00
2023S001340    ,Eixample,l'Antiga Esquerra de l'Eixample,Aribau,Tuesday,2023,3,March,7,Morning,,Not caused by the pedestrian,Motorcycle,Man,54,Driver,Desconegut,Unknown,Unknown,Minor injury: Hospitalization up to 24 hours,429175.76,4583066.92,2.15168314,41.394172206,2023-03-07 12:00:00
2023S001341    ,Eixample,la Dreta de l'Eixample,Aragó,Tuesday,2023,3,March,7,Morning,,Not caused by the pedestrian,Motorcycle,Man,45,Driver,Desconegut,Unknown,Unknown,Minor injury: Hospitalization up to 24 hours,430977.58,4583518.03,2.1731827,41.398391964,2023-03-07 10:00:00
2023S001342    ,Sant Andreu,el Congrés i els Indians,Pinar del Río,Tuesday,2023,3,March,7,Morning,,Not caused by the pedestrian,Bicicleta,Man,18,Driver,Desconegut,Unknown,Leisure and entertainment,Minor injury: Hospitalization up to 24 hours,431817.68,4586165.14,2.182933111,41.422305384,2023-03-07 10:00:00
2023S001343    ,Sant Andreu,Navas,Maragall,Monday,2023,3,March,6,Afternoon,,Not caused by the pedestrian,Bus,Man,87,Passenger,Desconegut,Unknown,Unknown,Serious injury: Hospitalization over 24 hours,431617.26,4585588.82,2.180600106,41.417097616,2023-03-06 18:00:00
2023S001344    ,Eixample,la Dreta de l'Eixample,Aragó,Tuesday,2023,3,March,7,Morning,,Not caused by the pedestrian,Motorcycle,Man,25,Driver,Desconegut,Unknown,Unknown,Minor injury: Hospitalization up to 24 hours,430498.67,4583050.27,2.167507952,41.394137725,2023-03-07 13:00:00
2023S001345    ,Eixample,la Dreta de l'Eixample,Aragó,Friday,2023,2,February,17,Afternoon,,Not caused by the pedestrian,Bicicleta,Man,41,Driver,Desconegut,Unknown,Unknown,Serious injury: Hospitalization over 24 hours,430109.98,4582647.64,2.162905446,41.390477664,2023-02-17 15:00:00
2023S001346    ,Nou Barris,les Roquetes,Torres,Tuesday,2023,3,March,7,Afternoon,,Not caused by the pedestrian,Car,Man,10,Pedestrian,En pas sense regular,Unknown,Unknown,Minor injury: Hospitalization up to 24 hours,431204.6,4588902.84,2.175285252,41.446910563,2023-03-07 14:00:00
2023S001348    ,Gràcia,Vallcarca i els Penitents,Dalt (Llobregat),Tuesday,2023,3,March,7,Afternoon,,Not caused by the pedestrian,Motorcycle,Man,48,Driver,Desconegut,Unknown,Other activities,Minor injury: Hospitalization up to 24 hours,428210.43,4585888.55,2.139802315,41.419499855,2023-03-07 16:00:00
2023S001349    ,Sant Martí,la Vila Olímpica del Poblenou,Ramon Turró,Monday,2023,3,March,6,Afternoon,,Not caused by the pedestrian,Bicicleta,Man,46,Driver,Desconegut,Unknown,Unknown,Minor injury: Hospitalization up to 24 hours,432500.22,4582719.72,2.191484826,41.391331132,2023-03-06 19:00:00
2023S001350    ,Eixample,la Dreta de l'Eixample,Cinc d'Oros,Tuesday,2023,3,March,7,Afternoon,,Not caused by the pedestrian,Motorcycle,Man,32,Driver,Desconegut,Unknown,Leisure and entertainment,Minor injury: Hospitalization up to 24 hours,429834.22,4583321.69,2.15952922,41.396524584,2023-03-07 19:00:00
2023S001351    ,Sarrià-Sant Gervasi,Sant Gervasi - Galvany,Diagonal,Tuesday,2023,3,March,7,Afternoon,,Crossing outside the pedestrian crossing,Motorcycle,Woman,59,Pedestrian,Fora del pas,Leisure and entertainment,Unknown,Minor injury: Medical assistance at accident site,428300.11,4582870.53,2.141233088,41.392325761,2023-03-07 18:00:00
2023S001352    ,Unknown,Unknown,Unknown,Tuesday,2023,3,March,7,Afternoon,,Not caused by the pedestrian,Motorcycle,Man,50,Driver,Desconegut,Unknown,Transport professional de mercaderies,Minor injury: Hospitalization up to 24 hours,432755.06,4588382.55,2.193902886,41.442355942,2023-03-07 21:00:00
2023S001354    ,Sant Martí,el Camp de l'Arpa del Clot,Sant Antoni Maria Claret,Tuesday,2023,3,March,7,Afternoon,,Not caused by the pedestrian,Motorcycle,Woman,28,Driver,Desconegut,Unknown,Leisure and entertainment,Minor injury: Hospitalization up to 24 hours,431373.14,4585218.56,2.177721255,41.413741982,2023-03-07 21:00:00
2023S001355    ,Sant Martí,la Vila Olímpica del Poblenou,Litoral,Wednesday,2023,3,March,8,Night,,Not caused by the pedestrian,Car,Man,18,Passenger,Desconegut,Unknown,Unknown,Minor injury: Hospitalization up to 24 hours,432888.89,4582323.45,2.196177347,41.38779457,2023-03-08 05:00:00
2023S001356    ,Eixample,la Nova Esquerra de l'Eixample,Comte d'Urgell,Wednesday,2023,3,March,8,Morning,,Not caused by the pedestrian,Bicicleta,Woman,23,Driver,Desconegut,Unknown,Commuting,Minor injury: Hospitalization up to 24 hours,429447.81,4582020.17,2.155059021,41.38476841,2023-03-08 09:00:00
2023S001357    ,Eixample,el Fort Pienc,Marina,Wednesday,2023,3,March,8,Morning,,Not caused by the pedestrian,Car,Woman,43,Driver,Desconegut,Unknown,Unknown,Minor injury: Hospitalization up to 24 hours,431545.26,4583698.06,2.179952636,41.400061997,2023-03-08 11:00:00
2023S001359    ,Eixample,la Dreta de l'Eixample,Diagonal,Wednesday,2023,3,March,8,Morning,,Not caused by the pedestrian,Veh. mobilitat personal amb motor,Man,56,Driver,Desconegut,Unknown,Unknown,Minor injury: Hospitalization up to 24 hours,429990.74,4583398.96,2.161392432,41.397234179,2023-03-08 11:00:00
2023S001360    ,Eixample,la Sagrada Família,València,Wednesday,2023,3,March,8,Morning,,Others,Veh. mobilitat personal amb motor,Woman,51,Pedestrian,En pas regulat per semàfor,Unknown,Unknown,Minor injury: Medical assistance at accident site,431430.8,4584164.94,2.178530573,41.404257284,2023-03-08 07:00:00
2023S001361    ,Les Corts,les Corts,Nicaragua,Wednesday,2023,3,March,8,Morning,,Not caused by the pedestrian,Motorcycle,Woman,64,Driver,Desconegut,Unknown,On a mission,Minor injury: Hospitalization up to 24 hours,428085.94,4582094.4,2.138763748,41.385316319,2023-03-08 13:00:00
2023S001362    ,Eixample,la Dreta de l'Eixample,Reina Victòria,Wednesday,2023,3,March,8,Morning,,Not caused by the pedestrian,Ciclomotor,Woman,20,Driver,Desconegut,Unknown,Leisure and entertainment,Minor injury: Refused medical assistance,430495.65,4582501.94,2.16753479,41.389198828,2023-03-08 13:00:00
2023S001363    ,Sants-Montjuïc,Sants - Badal,Bassegoda,Wednesday,2023,3,March,8,Afternoon,,Not caused by the pedestrian,Furgoneta,Woman,44,Pedestrian,En zona peatonal,Unknown,Unknown,Minor injury: Medical assistance at accident site,427029.0,4580999.55,2.126255757,41.375360206,2023-03-08 14:00:00
2023S001364    ,Les Corts,les Corts,Madrid,Wednesday,2023,3,March,8,Morning,,Not caused by the pedestrian,Motorcycle,Man,66,Driver,Desconegut,Unknown,Unknown,Minor injury: Medical assistance at accident site,427343.61,4581494.04,2.129958279,41.379842371,2023-03-08 13:00:00
2023S001365    ,Sant Martí,Provençals del Poblenou,Perú,Wednesday,2023,3,March,8,Morning,,Not caused by the pedestrian,Motorcycle,Man,33,Passenger,Desconegut,Unknown,Unknown,Minor injury: Hospitalization up to 24 hours,433186.49,4584891.95,2.19945291,41.410953186,2023-03-08 13:00:00
2023S001367    ,Eixample,la Nova Esquerra de l'Eixample,Viladomat,Wednesday,2023,3,March,8,Afternoon,,Not caused by the pedestrian,Motorcycle,Woman,66,Driver,Desconegut,Unknown,Leisure and entertainment,Minor injury: Hospitalization up to 24 hours,429069.9,4582025.34,2.150539021,41.384781725,2023-03-08 14:00:00
2023S001368    ,Eixample,l'Antiga Esquerra de l'Eixample,Casanova,Tuesday,2023,3,March,7,Morning,,Not caused by the pedestrian,Veh. mobilitat personal amb motor,Woman,38,Driver,Desconegut,Unknown,Commuting,Minor injury: Hospitalization up to 24 hours,429827.12,4582016.53,2.159595588,41.38476882,2023-03-07 12:00:00
2023S001369    ,Sarrià-Sant Gervasi,Sant Gervasi - Galvany,Mestre Nicolau,Wednesday,2023,3,March,8,Afternoon,,Crossing outside the pedestrian crossing,Motorcycle,Man,59,Pedestrian,Fora del pas,Unknown,Unknown,Minor injury: Hospitalization up to 24 hours,428286.78,4582808.35,2.141081024,41.39176454,2023-03-08 20:00:00
2023S001370    ,Sant Andreu,la Trinitat Vella,Santa Coloma,Wednesday,2023,3,March,8,Afternoon,,Not caused by the pedestrian,Motorcycle,Man,42,Driver,Desconegut,Unknown,Leisure and entertainment,Minor injury: Hospitalization up to 24 hours,432968.51,4589200.56,2.196366967,41.449741345,2023-03-08 19:00:00
2023S001372    ,Sant Martí,Diagonal Mar i el Front Marítim del Poblenou,Litoral (Llobregat),Wednesday,2023,3,March,8,Afternoon,,Not caused by the pedestrian,Motorcycle,Woman,33,Passenger,Desconegut,Unknown,Unknown,Minor injury: Hospitalization up to 24 hours,434723.77,4584307.91,2.217907814,41.405819268,2023-03-08 20:00:00
2023S001373    ,Eixample,la Sagrada Família,Castillejos,Saturday,2023,4,April,1,Afternoon,,Not caused by the pedestrian,Bicicleta,Woman,26,Driver,Desconegut,Unknown,Commuting,Minor injury: Hospitalization up to 24 hours,431369.9,4584462.66,2.177768274,41.406933556,2023-04-01 19:00:00
2023S001374    ,Eixample,la Dreta de l'Eixample,Sant Joan,Thursday,2023,3,March,9,Night,,Not caused by the pedestrian,Car,Woman,26,Passenger,Desconegut,Unknown,Unknown,Minor injury: Medical assistance at accident site,430505.46,4583808.03,2.167502145,41.400963212,2023-03-09 02:00:00
2023S001375    ,Eixample,la Sagrada Família,Aragó,Thursday,2023,3,March,9,Morning,,Not caused by the pedestrian,Motorcycle,Man,21,Driver,Desconegut,Unknown,Commuting,Minor injury: Hospitalization up to 24 hours,431553.57,4584083.99,2.180008377,41.40353866,2023-03-09 06:00:00
2023S001376    ,Eixample,la Nova Esquerra de l'Eixample,Rosselló,Thursday,2023,3,March,9,Morning,,Not caused by the pedestrian,Veh. mobilitat personal amb motor,Woman,25,Driver,Desconegut,Unknown,Unknown,Minor injury: Hospitalization up to 24 hours,429073.81,4582402.87,2.150541557,41.388182352,2023-03-09 09:00:00
2023S001377    ,Eixample,la Nova Esquerra de l'Eixample,París,Thursday,2023,3,March,9,Morning,,Not caused by the pedestrian,Motorcycle,Man,39,Driver,Desconegut,Unknown,Unknown,Minor injury: Hospitalization up to 24 hours,428441.07,4582143.05,2.143004994,41.385786177,2023-03-09 08:00:00
2023S001378    ,Eixample,el Fort Pienc,Vilanova,Thursday,2023,3,March,9,Morning,,Not caused by the pedestrian,Motorcycle,Man,56,Driver,Desconegut,Unknown,Commuting,Minor injury: Hospitalization up to 24 hours,431498.75,4582712.9,2.1795078,41.391184987,2023-03-09 10:00:00
2023S001379    ,Sarrià-Sant Gervasi,Sant Gervasi - Galvany,Augusta,Thursday,2023,3,March,9,Morning,,Not caused by the pedestrian,Motorcycle,Woman,49,Driver,Desconegut,Unknown,Unknown,Minor injury: Hospitalization up to 24 hours,428171.82,4583499.48,2.139624062,41.397979019,2023-03-09 10:00:00
2023S001380    ,Eixample,el Fort Pienc,Tetuan,Thursday,2023,3,March,9,Morning,,Not caused by the pedestrian,Motorcycle,Man,51,Driver,Desconegut,Unknown,Unknown,Minor injury: Hospitalization up to 24 hours,431246.5,4583153.05,2.17644085,41.395127752,2023-03-09 12:00:00
2023S001381    ,Sant Andreu,Sant Andreu,Palmeres,Wednesday,2023,3,March,8,Afternoon,,Not caused by the pedestrian,Bicicleta,Man,21,Driver,Desconegut,Unknown,Leisure and entertainment,Minor injury: Hospitalization up to 24 hours,432126.89,4587346.1,2.186500429,41.432968102,2023-03-08 21:00:00
2023S001382    ,Sant Martí,Sant Martí de Provençals,Bac de Roda,Thursday,2023,3,March,9,Morning,,Not caused by the pedestrian,Veh. mobilitat personal amb motor,Man,19,Driver,Desconegut,Unknown,On a mission,Minor injury: Hospitalization up to 24 hours,432792.64,4585292.45,2.194696433,41.414527519,2023-03-09 11:00:00
2023S001383    ,Eixample,el Fort Pienc,Tetuan,Friday,2023,3,March,10,Morning,,Not caused by the pedestrian,Motorcycle,Man,48,Driver,Desconegut,Unknown,Commuting,Minor injury: Hospitalization up to 24 hours,427842.47,4582730.17,2.135776326,41.391020643,2023-03-10 12:00:00