Case_Number,District_Name,Neighborhood_Name,Street_Name,Day_of_Week,Year,Month_Code,Month_Name,Day_of_Month,Shift_Description,Hour_of_Day,Pedestrian_Cause_Description,Involved_Vehicle_Type,Gender_Description,Age,Person_Type_Description,Pedestrian_Accident_Location_Description,Pedestrian_Movement_Reason_Description,Driver_Movement_Reason_Description,Victimization_Description,UTM_X_Coordinate,UTM_Y_Coordinate,Longitude,Latitude,datetime
2023S001384    ,Les Corts,les Corts,Madrid,Thursday,2023,3,March,9,Morning,,Not caused by the pedestrian,Motorcycle,Woman,43,Driver,Desconegut,Unknown,Unknown,Minor injury: Hospitalization up to 24 hours,427587.44,4581597.92,2.132861568,41.380799971,2023-03-09 08:00:00
2023S001385    ,Les Corts,la Maternitat i Sant Ramon,Madrid,Thursday,2023,3,March,9,Morning,,Not caused by the pedestrian,Motorcycle,Man,77,Pedestrian,En pas regulat per semàfor,Unknown,Unknown,Minor injury: Hospitalization up to 24 hours,426988.51,4581237.65,2.125742918,41.377501006,2023-03-09 13:00:00
2023S001386    ,Eixample,la Dreta de l'Eixample,Diagonal,Thursday,2023,3,March,9,Morning,,Not caused by the pedestrian,Autobús articulat,Man,43,Passenger,Desconegut,Unknown,Unknown,Minor injury: Hospitalization up to 24 hours,430563.02,4583529.38,2.168222651,41.398458478,2023-03-09 13:00:00
2023S001387    ,Gràcia,el Camp d'en Grassot i Gràcia Nova,Pau Alsina,Thursday,2023,3,March,9,Afternoon,,Not caused by the pedestrian,Motorcycle,Man,38,Driver,Desconegut,Unknown,Unknown,Minor injury: Hospitalization up to 24 hours,430233.88,4584619.51,2.164159938,41.408248402,2023-03-09 15:00:00
2023S001388    ,Sant Andreu,el Bon Pastor,Litoral (Besòs),Monday,2023,2,February,20,Afternoon,,Not caused by the pedestrian,Bicicleta,Man,43,Driver,Desconegut,Unknown,Unknown,Minor injury: Refused medical assistance,433767.83,4588493.8,2.206013173,41.443442174,2023-02-20 15:00:00
2023S001389    ,Sant Martí,el Camp de l'Arpa del Clot,Independència,Thursday,2023,3,March,9,Afternoon,,Not caused by the pedestrian,Car,Woman,33,Pedestrian,En pas regulat per semàfor,Unknown,Unknown,Minor injury: Hospitalization up to 24 hours,431934.16,4584454.66,2.184519459,41.406909506,2023-03-09 15:00:00
2023S001390    ,Sarrià-Sant Gervasi,Sant Gervasi - Galvany,Balmes,Thursday,2023,3,March,9,Afternoon,,Not caused by the pedestrian,Furgoneta,Woman,86,Pedestrian,Altres,Unknown,Unknown,Minor injury: Hospitalization up to 24 hours,428585.03,4584020.96,2.144505048,41.402712615,2023-03-09 18:00:00
2023S001391    ,Nou Barris,Vilapicina i la Torre Llobeta,Pitàgores,Thursday,2023,3,March,9,Afternoon,,Not caused by the pedestrian,Car,Woman,33,Pedestrian,En pas sense regular,Unknown,Unknown,Minor injury: Hospitalization up to 24 hours,430364.02,4586837.25,2.165461369,41.42823408,2023-03-09 16:00:00
2023S001392    ,Eixample,Sant Antoni,Espanya,Thursday,2023,3,March,9,Afternoon,,Disobeying the traffic light signal,Motorcycle,Man,27,Driver,Desconegut,Unknown,Unknown,Minor injury: Hospitalization up to 24 hours,428974.33,4580977.98,2.149518925,41.37534007,2023-03-09 19:00:00
2023S001393    ,Eixample,la Sagrada Família,València,Thursday,2023,3,March,9,Afternoon,,Not caused by the pedestrian,Car,Woman,4,Pedestrian,En pas regulat per semàfor,Other activities,Unknown,Minor injury: Hospitalization up to 24 hours,431555.53,4584270.88,2.180010678,41.405222088,2023-03-09 18:00:00
2023S001394    ,Eixample,la Dreta de l'Eixample,Diputació,Thursday,2023,3,March,9,Afternoon,,Not caused by the pedestrian,Motorcycle,Man,21,Driver,Desconegut,Unknown,Other activities,Minor injury: Medical assistance at accident site,430208.68,4582391.9,2.16411538,41.38818287,2023-03-09 19:00:00
2023S001395    ,Eixample,la Dreta de l'Eixample,Aragó,Thursday,2023,3,March,9,Night,,Not caused by the pedestrian,Motorcycle,Man,32,Driver,Desconegut,Unknown,Unknown,Minor injury: Hospitalization up to 24 hours,430022.75,4582583.06,2.16186964,41.389888424,2023-03-09 22:00:00
2023S001396    ,Sarrià-Sant Gervasi,Sant Gervasi - Galvany,Balmes,Thursday,2023,3,March,9,Night,,Not caused by the pedestrian,Motorcycle,Man,45,Driver,Desconegut,Unknown,Commuting,Minor injury: Hospitalization up to 24 hours,428441.83,4584080.3,2.142785045,41.403234328,2023-03-09 23:00:00
2023S001398    ,Sarrià-Sant Gervasi,Sant Gervasi - Galvany,General Mitre,Friday,2023,3,March,10,Morning,,Not caused by the pedestrian,Motorcycle,Man,54,Driver,Desconegut,Unknown,Commuting,Minor injury: Hospitalization up to 24 hours,427714.85,4583654.89,2.134139547,41.399337763,2023-03-10 08:00:00
2023S001399    ,Eixample,la Sagrada Família,Lepant,Friday,2023,3,March,10,Morning,,Not caused by the pedestrian,Bicicleta,Woman,39,Driver,Desconegut,Unknown,Unknown,Minor injury: Hospitalization up to 24 hours,431089.06,4584377.39,2.174418284,41.406141516,2023-03-10 08:00:00
2023S001400    ,Les Corts,les Corts,Sarrià,Friday,2023,3,March,10,Morning,,Not caused by the pedestrian,Car,Woman,79,Driver,Desconegut,Unknown,On a mission,Minor injury: Hospitalization up to 24 hours,428437.93,4582692.26,2.142902528,41.390732431,2023-03-10 10:00:00
2023S001401    ,Horta-Guinardó,el Guinardó,Mare de Déu de Montserrat,Friday,2023,3,March,10,Morning,,Not caused by the pedestrian,Motorcycle,Man,39,Driver,Desconegut,Unknown,Unknown,Minor injury: Hospitalization up to 24 hours,431229.64,4586341.65,2.175876609,41.423845002,2023-03-10 10:00:00
2023S001402    ,Sarrià-Sant Gervasi,Sant Gervasi - la Bonanova,Dalt (Besòs),Friday,2023,3,March,10,Morning,,Not caused by the pedestrian,Motorcycle,Woman,58,Driver,Desconegut,Unknown,Unknown,Minor injury: Hospitalization up to 24 hours,427869.96,4585406.47,2.135786027,41.415127459,2023-03-10 11:00:00
2023S001404    ,Eixample,el Fort Pienc,Corts Catalanes,Friday,2023,3,March,10,Afternoon,,Not caused by the pedestrian,Motorcycle,Man,39,Driver,Desconegut,Unknown,Unknown,Minor injury: Hospitalization up to 24 hours,431553.84,4583500.42,2.180077624,41.398282643,2023-03-10 14:00:00
2023S001405    ,Les Corts,Pedralbes,Pius XII,Friday,2023,3,March,10,Morning,,Not caused by the pedestrian,Motorcycle,Man,52,Driver,Desconegut,Unknown,On a mission,Minor injury: Hospitalization up to 24 hours,426793.07,4582325.32,2.12327447,41.387279445,2023-03-10 13:00:00
2023S001406    ,Les Corts,la Maternitat i Sant Ramon,Diagonal,Friday,2023,3,March,10,Morning,,Not caused by the pedestrian,Car,Woman,22,Pedestrian,Desconegut,Unknown,Unknown,Minor injury: Hospitalization up to 24 hours,425818.02,4582082.48,2.111643341,41.385002917,2023-03-10 13:00:00
2023S001407    ,Sarrià-Sant Gervasi,el Putxet i el Farró,General Mitre,Friday,2023,3,March,10,Afternoon,,Not caused by the pedestrian,Motorcycle,Man,42,Driver,Desconegut,Unknown,Unknown,Minor injury: Hospitalization up to 24 hours,428457.94,4584276.82,2.142954517,41.405005741,2023-03-10 15:00:00
2023S001409    ,Eixample,la Dreta de l'Eixample,Corts Catalanes,Friday,2023,3,March,10,Afternoon,,Not caused by the pedestrian,Bus,Woman,31,Passenger,En pas regulat per semàfor,Unknown,Unknown,Minor injury: Hospitalization up to 24 hours,430452.15,4582422.95,2.167023614,41.388483628,2023-03-10 16:00:00
2023S001410    ,Sant Martí,la Vila Olímpica del Poblenou,Voluntaris Olímpics,Friday,2023,3,March,10,Afternoon,,Not caused by the pedestrian,Motorcycle,Man,44,Driver,Desconegut,Unknown,Unknown,Minor injury: Hospitalization up to 24 hours,432786.88,4582237.77,2.194966859,41.387014349,2023-03-10 16:00:00
2023S001411    ,Les Corts,les Corts,Numància,Friday,2023,3,March,10,Afternoon,,Walking on the road,Bicicleta,Man,40,Pedestrian,Fora del pas,Leisure and entertainment,Unknown,Minor injury: Refused medical assistance,427873.03,4582129.02,2.136213439,41.385609057,2023-03-10 18:00:00
2023S001412    ,Eixample,la Sagrada Família,Diagonal,Friday,2023,3,March,10,Afternoon,,Not caused by the pedestrian,Veh. mobilitat personal amb motor,Woman,54,Driver,Desconegut,Unknown,Leisure and entertainment,Minor injury: Hospitalization up to 24 hours,431167.04,4583702.85,2.175427899,41.400072831,2023-03-10 14:00:00
2023S001414    ,Eixample,l'Antiga Esquerra de l'Eixample,Balmes,Friday,2023,3,March,10,Afternoon,,Not caused by the pedestrian,Bicicleta,Woman,27,Driver,Desconegut,Unknown,Other activities,Serious injury: Hospitalization over 24 hours,429713.19,4582884.26,2.158132367,41.392574226,2023-03-10 17:00:00
2023S001415    ,Sarrià-Sant Gervasi,les Tres Torres,Orient,Friday,2023,3,March,10,Afternoon,,Not caused by the pedestrian,Motorcycle,Woman,39,Passenger,Desconegut,Unknown,Unknown,Minor injury: Hospitalization up to 24 hours,427200.37,4583487.59,2.128005711,41.397784521,2023-03-10 20:00:00
2023S001416    ,Eixample,el Fort Pienc,Marina,Friday,2023,3,March,10,Afternoon,,Not caused by the pedestrian,Veh. mobilitat personal amb motor,Man,33,Driver,Desconegut,Unknown,Unknown,Minor injury: Hospitalization up to 24 hours,431648.43,4583591.24,2.181198802,41.399108683,2023-03-10 19:00:00
2023S001417    ,Sarrià-Sant Gervasi,les Tres Torres,Sarrià,Friday,2023,3,March,10,Afternoon,,Not caused by the pedestrian,Motorcycle,Man,46,Driver,Desconegut,Unknown,Unknown,Serious injury: Hospitalization over 24 hours,427490.82,4582894.09,2.131550955,41.392465363,2023-03-10 17:00:00
2023S001418    ,Horta-Guinardó,Horta,Estatut de Catalunya,Friday,2023,3,March,10,Afternoon,,Not caused by the pedestrian,Motorcycle,Man,27,Driver,Desconegut,Unknown,Unknown,Minor injury: Medical assistance at accident site,429359.09,4587764.57,2.153327026,41.436498274,2023-03-10 16:00:00
2023S001419    ,Unknown,Unknown,Unknown,Friday,2023,3,March,10,Afternoon,,Not caused by the pedestrian,Bicicleta,Woman,2,Pedestrian,A la vorera / Andana,Other activities,Unknown,Minor injury: Hospitalization up to 24 hours,432441.12,4580997.51,2.190970111,41.37581465,2023-03-10 16:00:00
2023S001420    ,Eixample,la Sagrada Família,Padilla,Saturday,2023,3,March,11,Night,,Not caused by the pedestrian,Car,Woman,14,Passenger,Desconegut,Unknown,Unknown,Minor injury: Medical assistance at accident site,431087.38,4584563.89,2.174376938,41.407821118,2023-03-11 00:00:00
2023S001421    ,Eixample,la Dreta de l'Eixample,Tetuan,Saturday,2023,3,March,11,Night,,Not caused by the pedestrian,Motorcycle,Man,52,Driver,Desconegut,Unknown,Unknown,Minor injury: Hospitalization up to 24 hours,431096.96,4583105.03,2.174657685,41.394682444,2023-03-11 01:00:00
2023S001423    ,Sant Andreu,Navas,Meridiana,Saturday,2023,3,March,11,Night,,Not caused by the pedestrian,Ciclomotor,Man,21,Driver,Desconegut,Unknown,Unknown,Minor injury: Hospitalization up to 24 hours,432144.91,4585599.05,2.186912263,41.417234509,2023-03-11 05:00:00
2023S001426    ,Les Corts,Pedralbes,Doctor Ferran,Saturday,2023,3,March,11,Morning,,Walking on the road,Car,Woman,53,Pedestrian,Fora del pas,Leisure and entertainment,Unknown,Minor injury: Hospitalization up to 24 hours,426888.27,4582665.64,2.124371898,41.39035323,2023-03-11 11:00:00
2023S001428    ,Eixample,la Sagrada Família,Mallorca,Saturday,2023,3,March,11,Morning,,Not caused by the pedestrian,Motorcycle,Man,28,Driver,Desconegut,Unknown,Unknown,Minor injury: Hospitalization up to 24 hours,431277.27,4584186.43,2.176691518,41.404437721,2023-03-11 12:00:00
2023S001429    ,Eixample,la Nova Esquerra de l'Eixample,Corts Catalanes,Saturday,2023,3,March,11,Morning,,Not caused by the pedestrian,Motorcycle,Man,26,Driver,Desconegut,Unknown,Unknown,Minor injury: Hospitalization up to 24 hours,429223.68,4581256.55,2.152467904,41.37787104,2023-03-11 13:00:00
2023S001430    ,Sants-Montjuïc,la Marina del Prat Vermell,B-10 (Besòs),Saturday,2023,3,March,11,Afternoon,,Not caused by the pedestrian,Car,Woman,56,Passenger,Desconegut,Unknown,Unknown,Minor injury: Medical assistance at accident site,429644.79,4578490.83,2.157824421,41.352997967,2023-03-11 14:00:00
2023S001431    ,Eixample,la Dreta de l'Eixample,Gràcia,Saturday,2023,3,March,11,Morning,,Not caused by the pedestrian,Motorcycle,Man,25,Driver,Desconegut,Unknown,Unknown,Minor injury: Hospitalization up to 24 hours,430097.2,4583030.1,2.16270843,41.393921246,2023-03-11 13:00:00
2023S001432    ,Eixample,la Dreta de l'Eixample,Sant Joan,Saturday,2023,3,March,11,Afternoon,,Not caused by the pedestrian,Bicicleta,Man,28,Driver,Desconegut,Unknown,Leisure and entertainment,Minor injury: Hospitalization up to 24 hours,431068.55,4583231.96,2.174303422,41.395823228,2023-03-11 14:00:00
2023S001433    ,Sant Martí,el Parc i la Llacuna del Poblenou,Sardenya,Saturday,2023,3,March,11,Afternoon,,Not caused by the pedestrian,Bicicleta,Man,53,Pedestrian,En zona peatonal,Unknown,Unknown,Minor injury: Hospitalization up to 24 hours,432064.3,4582994.81,2.186240247,41.393772069,2023-03-11 14:00:00
2023S001434    ,Sarrià-Sant Gervasi,el Putxet i el Farró,General Mitre,Saturday,2023,3,March,11,Afternoon,,Not caused by the pedestrian,Taxi,Woman,84,Pedestrian,Fora del pas,Unknown,Unknown,Minor injury: Hospitalization up to 24 hours,428852.95,4584342.97,2.147672088,41.405636604,2023-03-11 16:00:00
2023S001436    ,Eixample,la Sagrada Família,Padilla,Saturday,2023,3,March,11,Afternoon,,Not caused by the pedestrian,Motorcycle,Man,45,Driver,Desconegut,Unknown,Leisure and entertainment,Minor injury: Medical assistance at accident site,431646.63,4583986.73,2.181132592,41.402670591,2023-03-11 16:00:00
2023S001437    ,Sant Martí,el Clot,Independència,Saturday,2023,3,March,11,Afternoon,,Not caused by the pedestrian,Car,Man,67,Driver,Desconegut,Unknown,Unknown,Minor injury: Hospitalization up to 24 hours,431934.16,4584454.66,2.184519459,41.406909506,2023-03-11 16:00:00
2023S001439    ,Sants-Montjuïc,el Poble-sec,Josep Carner,Saturday,2023,3,March,11,Night,,Not caused by the pedestrian,Motorcycle,Man,60,Driver,Desconegut,Unknown,Commuting,Minor injury: Hospitalization up to 24 hours,430885.42,4580111.93,2.172469061,41.367706287,2023-03-11 22:00:00
2023S001440    ,Sant Martí,el Clot,Meridiana,Sunday,2023,3,March,12,Night,,Not caused by the pedestrian,Motorcycle,Man,45,Driver,Desconegut,Unknown,Leisure and entertainment,Minor injury: Hospitalization up to 24 hours,432127.7,4584285.31,2.186853797,41.405400594,2023-03-12 02:00:00
2023S001441    ,Eixample,l'Antiga Esquerra de l'Eixample,Casanova,Saturday,2023,3,March,11,Night,,Others,Motorcycle,Man,41,Driver,Desconegut,Unknown,Leisure and entertainment,Minor injury: Hospitalization up to 24 hours,429894.0,4581933.58,2.160405006,41.38402755,2023-03-11 23:00:00
2023S001442    ,Ciutat Vella,el Raval,Sant Antoni,Saturday,2023,3,March,11,Night,,Not caused by the pedestrian,Motorcycle,Man,29,Driver,Desconegut,Unknown,Leisure and entertainment,Minor injury: Hospitalization up to 24 hours,430169.68,4581702.2,2.163728493,41.381967571,2023-03-11 02:00:00
2023S001443    ,Sarrià-Sant Gervasi,les Tres Torres,Pau Alcover,Sunday,2023,3,March,12,Morning,,Not caused by the pedestrian,Motorcycle,Man,60,Driver,Desconegut,Unknown,Leisure and entertainment,Minor injury: Hospitalization up to 24 hours,427298.94,4583803.69,2.129146752,41.400640425,2023-03-12 10:00:00
2023S001445    ,Sant Martí,el Poblenou,Llacuna,Sunday,2023,3,March,12,Morning,,Not caused by the pedestrian,Motorcycle,Woman,46,Driver,Desconegut,Unknown,Leisure and entertainment,Minor injury: Medical assistance at accident site,433364.06,4583561.24,2.201723924,41.398982575,2023-03-12 11:00:00
2023S001446    ,Ciutat Vella,el Barri Gòtic,Catalunya,Sunday,2023,3,March,12,Morning,,Not caused by the pedestrian,Autobús articulat,Woman,30,Passenger,Desconegut,Unknown,Unknown,Minor injury: Hospitalization up to 24 hours,430827.56,4582264.94,2.171531442,41.387092868,2023-03-12 12:00:00
2023S001447    ,Sant Martí,la Vila Olímpica del Poblenou,Litoral (Llobregat),Sunday,2023,3,March,12,Afternoon,,Not caused by the pedestrian,Motorcycle,Man,54,Driver,Desconegut,Unknown,Unknown,Minor injury: Hospitalization up to 24 hours,432869.81,4582348.98,2.195946327,41.38802292,2023-03-12 15:00:00
2023S001448    ,Eixample,el Fort Pienc,Sicília,Sunday,2023,3,March,12,Afternoon,,Not caused by the pedestrian,Motorcycle,Man,52,Driver,Desconegut,Unknown,On a mission,Minor injury: Medical assistance at accident site,431205.31,4583651.9,2.17589147,41.399617217,2023-03-12 19:00:00
2023S001450    ,Sarrià-Sant Gervasi,Sant Gervasi - la Bonanova,Aigües,Sunday,2023,3,March,12,Afternoon,,Not caused by the pedestrian,Motorcycle,Man,75,Driver,Desconegut,Unknown,Leisure and entertainment,Minor injury: Hospitalization up to 24 hours,427274.24,4585929.87,2.128595619,41.419787771,2023-03-12 19:00:00
2023S001451    ,Eixample,l'Antiga Esquerra de l'Eixample,Muntaner,Monday,2023,3,March,13,Night,,Not caused by the pedestrian,Car,Man,33,Driver,Desconegut,Unknown,On a mission,Minor injury: Hospitalization up to 24 hours,429974.63,4582073.84,2.161353025,41.385297853,2023-03-13 00:00:00
2023S001452    ,Sant Andreu,la Sagrera,Meridiana,Monday,2023,3,March,13,Morning,,Not caused by the pedestrian,Motorcycle,Woman,36,Driver,Desconegut,Unknown,Unknown,Minor injury: Medical assistance at accident site,432177.66,4586196.62,2.187237066,41.422619402,2023-03-13 07:00:00
2023S001453    ,Sant Andreu,el Bon Pastor,Foc Follet,Monday,2023,3,March,13,Morning,,Not caused by the pedestrian,Motorcycle,Woman,30,Driver,Desconegut,Unknown,Commuting,Minor injury: Refused medical assistance,433504.4,4587480.5,2.202971538,41.434293904,2023-03-13 08:00:00
2023S001455    ,Nou Barris,la Prosperitat,Valldaura,Monday,2023,3,March,13,Morning,,Not caused by the pedestrian,Car,Man,13,Passenger,Desconegut,Unknown,Unknown,Minor injury: Hospitalization up to 24 hours,431735.72,4588048.32,2.181739593,41.439259578,2023-03-13 08:00:00
2023S001456    ,Ciutat Vella,la Barceloneta,Pepe Rubianes,Monday,2023,3,March,13,Morning,,Not caused by the pedestrian,Bus,Man,10,Passenger,Desconegut,Unknown,Unknown,Minor injury: Medical assistance at accident site,432341.38,4581271.25,2.189746906,41.378271776,2023-03-13 09:00:00
2023S001457    ,Eixample,la Nova Esquerra de l'Eixample,Comte Borrell,Monday,2023,3,March,13,Morning,,Not caused by the pedestrian,Bicicleta,Woman,28,Driver,Desconegut,Unknown,Unknown,Minor injury: Medical assistance at accident site,429258.94,4582024.98,2.152799777,41.384795137,2023-03-13 10:00:00
2023S001458    ,Eixample,l'Antiga Esquerra de l'Eixample,Corts Catalanes,Monday,2023,3,March,13,Morning,,Not caused by the pedestrian,Motorcycle,Man,57,Driver,Desconegut,Unknown,Commuting,Minor injury: Hospitalization up to 24 hours,429928.15,4581911.44,2.160815961,41.383831119,2023-03-13 07:00:00
2023S001459    ,Sant Andreu,el Congrés i els Indians,Felip II,Monday,2023,3,March,13,Morning,,Not caused by the pedestrian,Motorcycle,Man,40,Driver,Desconegut,Unknown,Unknown,Minor injury: Hospitalization up to 24 hours,431750.67,4586337.22,2.182111844,41.423849559,2023-03-13 12:00:00
2023S001461    ,Sant Martí,Sant Martí de Provençals,Guipúscoa,Monday,2023,3,March,13,Morning,,Not caused by the pedestrian,Car,Woman,66,Passenger,Desconegut,Unknown,Unknown,Minor injury: Medical assistance at accident site,432801.18,4585332.98,2.194794105,41.414893275,2023-03-13 13:00:00
2023S001462    ,Sarrià-Sant Gervasi,el Putxet i el Farró,Guillem Tell,Monday,2023,3,March,13,Afternoon,,Not caused by the pedestrian,Car,Man,33,Pedestrian,En pas sense regular,Unknown,Unknown,Minor injury: Hospitalization up to 24 hours,428939.16,4583989.34,2.148744934,41.402459221,2023-03-13 15:00:00
2023S001463    ,Eixample,la Sagrada Família,Cartagena,Monday,2023,3,March,13,Afternoon,,Disobeying the traffic light signal,Bicicleta,Woman,54,Pedestrian,En pas regulat per semàfor,Unknown,Unknown,Minor injury: Hospitalization up to 24 hours,431461.53,4584551.41,2.178854392,41.407740722,2023-03-13 17:00:00
2023S001464    ,Gràcia,la Salut,Dalt,Monday,2023,3,March,13,Afternoon,,Not caused by the pedestrian,Ciclomotor,Man,26,Driver,Desconegut,Unknown,Leisure and entertainment,Minor injury: Hospitalization up to 24 hours,429180.51,4584649.1,2.151554761,41.408422741,2023-03-13 17:00:00
2023S001465    ,Sarrià-Sant Gervasi,"Vallvidrera, el Tibidabo i les Planes",Vallvidrera al Tibidabo,Monday,2023,3,March,13,Afternoon,,Not caused by the pedestrian,Car,Woman,41,Driver,Desconegut,Unknown,Unknown,Minor injury: Medical assistance at accident site,426348.32,4585889.83,2.11752164,41.419342765,2023-03-13 17:00:00
2023S001466    ,Nou Barris,la Prosperitat,Valldaura,Monday,2023,3,March,13,Afternoon,,Not caused by the pedestrian,Autobús articulat,Woman,77,Passenger,Desconegut,Unknown,Unknown,Minor injury: Hospitalization up to 24 hours,431696.92,4588060.55,2.181273812,41.439366428,2023-03-13 16:00:00
2023S001467    ,Sant Martí,el Camp de l'Arpa del Clot,Indústria,Monday,2023,3,March,13,Afternoon,,Not caused by the pedestrian,Motorcycle,Woman,46,Driver,Desconegut,Unknown,Commuting,Minor injury: Hospitalization up to 24 hours,431634.8,4585306.27,2.180841921,41.414554272,2023-03-13 16:00:00
2023S001468    ,Sant Martí,el Clot,Independència,Monday,2023,3,March,13,Afternoon,,Not caused by the pedestrian,Motorcycle,Man,29,Driver,Desconegut,Unknown,Other activities,Minor injury: Hospitalization up to 24 hours,431934.16,4584454.66,2.184519459,41.406909506,2023-03-13 20:00:00
2023S001469    ,Sants-Montjuïc,Hostafrancs,Creu Coberta,Monday,2023,3,March,13,Afternoon,,Not caused by the pedestrian,Autobús articulat,Woman,43,Passenger,Desconegut,Unknown,Unknown,Minor injury: Hospitalization up to 24 hours,428239.07,4580992.95,2.140725526,41.375409635,2023-03-13 18:00:00
2023S001470    ,Gràcia,la Vila de Gràcia,Riera de Cassoles,Monday,2023,3,March,13,Afternoon,,Not caused by the pedestrian,Motorcycle,Woman,35,Driver,Desconegut,Unknown,Unknown,Minor injury: Medical assistance at accident site,429064.87,4584035.5,2.150243285,41.402886075,2023-03-13 20:00:00
2023S001471    ,Eixample,la Dreta de l'Eixample,Catalunya,Monday,2023,3,March,13,Night,,Disobeying the traffic light signal,Motorcycle,Man,56,Pedestrian,En pas regulat per semàfor,Leisure and entertainment,Unknown,Minor injury: Hospitalization up to 24 hours,429868.7,4582996.42,2.159979329,41.393597996,2023-03-13 22:00:00
2023S001472    ,Sant Martí,el Poblenou,Poblenou,Monday,2023,3,March,13,Night,,Others,Bicicleta,Woman,60,Driver,Fora del pas,Unknown,Unknown,Minor injury: Hospitalization up to 24 hours,432809.91,4584243.69,2.195019579,41.405083077,2023-03-13 22:00:00
2023S001473    ,Eixample,la Nova Esquerra de l'Eixample,Comte d'Urgell,Tuesday,2023,3,March,14,Morning,,Not caused by the pedestrian,Veh. mobilitat personal amb motor,Woman,50,Driver,Desconegut,Unknown,Unknown,Minor injury: Hospitalization up to 24 hours,429393.43,4582076.68,2.154402106,41.385272603,2023-03-14 07:00:00
2023S001474    ,Sant Andreu,Sant Andreu,Ribes,Tuesday,2023,3,March,14,Morning,,Not caused by the pedestrian,Motorcycle,Man,82,Pedestrian,En pas sense regular,Unknown,Unknown,Minor injury: Hospitalization up to 24 hours,432400.82,4588896.1,2.189605269,41.446951543,2023-03-14 08:00:00
2023S001475    ,Horta-Guinardó,Sant Genís dels Agudells,Natzaret,Tuesday,2023,3,March,14,Morning,,Not caused by the pedestrian,Motorcycle,Woman,75,Passenger,Desconegut,Unknown,Unknown,Minor injury: Medical assistance at accident site,428036.07,4586901.63,2.137595421,41.428608622,2023-03-14 10:00:00
2023S001476    ,Eixample,la Dreta de l'Eixample,Tetuan,Tuesday,2023,3,March,14,Morning,,Not caused by the pedestrian,Bicicleta,Woman,39,Driver,Desconegut,Unknown,Unknown,Minor injury: Hospitalization up to 24 hours,431275.84,4583019.17,2.176806984,41.393924444,2023-03-14 09:00:00
2023S001477    ,Sant Martí,el Besòs i el Maresme,C-31,Tuesday,2023,3,March,14,Morning,,Not caused by the pedestrian,Motorcycle,Man,47,Driver,Desconegut,Unknown,Leisure and entertainment,Minor injury: Hospitalization up to 24 hours,434078.33,4585946.2,2.210007828,41.420522231,2023-03-14 09:00:00
2023S001478    ,Horta-Guinardó,la Vall d'Hebron,Dalt (Llobregat),Tuesday,2023,3,March,14,Morning,,Not caused by the pedestrian,Motorcycle,Man,42,Driver,Desconegut,Unknown,On a mission,Minor injury: Hospitalization up to 24 hours,428843.09,4587518.86,2.147180278,41.434239687,2023-03-14 10:00:00
2023S001480    ,Nou Barris,Vilapicina i la Torre Llobeta,Fabra i Puig,Tuesday,2023,3,March,14,Morning,,Disobeying the traffic light signal,Car,Woman,73,Pedestrian,En pas regulat per semàfor,Unknown,Unknown,Minor injury: Hospitalization up to 24 hours,431360.13,4587054.3,2.177357118,41.430274759,2023-03-14 11:00:00
2023S001481    ,Eixample,l'Antiga Esquerra de l'Eixample,Corts Catalanes,Tuesday,2023,3,March,14,Morning,,Not caused by the pedestrian,Motorcycle,Man,25,Driver,Desconegut,Unknown,Unknown,Minor injury: Hospitalization up to 24 hours,430197.26,4582210.36,2.163999731,41.386546805,2023-03-14 12:00:00
2023S001482    ,Sarrià-Sant Gervasi,Sant Gervasi - la Bonanova,Dalt (Llobregat),Tuesday,2023,3,March,14,Morning,,Not caused by the pedestrian,Ciclomotor,Woman,20,Driver,Desconegut,Unknown,Leisure and entertainment,Minor injury: Hospitalization up to 24 hours,427714.16,4585334.95,2.133930518,41.414469302,2023-03-14 13:00:00
2023S001484    ,Horta-Guinardó,Horta,Dalt (Llobregat),Tuesday,2023,3,March,14,Afternoon,,Not caused by the pedestrian,Ciclomotor,Woman,33,Driver,Desconegut,Unknown,Unknown,Minor injury: Hospitalization up to 24 hours,429874.32,4588069.4,2.159458123,41.439288938,2023-03-14 14:00:00
2023S001485    ,Horta-Guinardó,el Baix Guinardó,Gràcia,Friday,2023,3,March,17,Afternoon,,Not caused by the pedestrian,Bicicleta,Man,33,Driver,En pas regulat per semàfor,Unknown,Unknown,Minor injury: Hospitalization up to 24 hours,430728.04,4584685.02,2.170064206,41.408881191,2023-03-17 17:00:00
2023S001486    ,Sant Andreu,Sant Andreu,Palomar,Tuesday,2023,3,March,14,Afternoon,,Not caused by the pedestrian,Car,Woman,26,Pedestrian,En pas regulat per semàfor,Commuting,Unknown,Minor injury: Hospitalization up to 24 hours,432284.1,4588345.48,2.18826984,41.441982458,2023-03-14 15:00:00
2023S001487    ,Sant Martí,Sant Martí de Provençals,Bac de Roda,Tuesday,2023,3,March,14,Afternoon,,Not caused by the pedestrian,Motorcycle,Woman,30,Driver,Desconegut,Unknown,Leisure and entertainment,Minor injury: Hospitalization up to 24 hours,432757.88,4585350.78,2.194274059,41.415049971,2023-03-14 15:00:00
2023S001488    ,Gràcia,la Salut,Dalt,Tuesday,2023,3,March,14,Afternoon,,Not caused by the pedestrian,Motorcycle,Man,37,Driver,Desconegut,Unknown,Leisure and entertainment,Minor injury: Hospitalization up to 24 hours,429803.55,4585071.04,2.158959382,41.412277683,2023-03-14 17:00:00