Case_Number,District_Name,Neighborhood_Name,Street_Name,Day_of_Week,Year,Month_Code,Month_Name,Day_of_Month,Shift_Description,Hour_of_Day,Pedestrian_Cause_Description,Involved_Vehicle_Type,Gender_Description,Age,Person_Type_Description,Pedestrian_Accident_Location_Description,Pedestrian_Movement_Reason_Description,Driver_Movement_Reason_Description,Victimization_Description,UTM_X_Coordinate,UTM_Y_Coordinate,Longitude,Latitude,datetime
2023S001489    ,Gràcia,el Camp d'en Grassot i Gràcia Nova,Gràcia,Tuesday,2023,3,March,14,Afternoon,,Not caused by the pedestrian,Motorcycle,Man,37,Driver,Desconegut,Unknown,Unknown,Minor injury: Hospitalization up to 24 hours,430536.23,4584543.28,2.167785787,41.407588024,2023-03-14 17:00:00
2023S001490    ,Sant Martí,el Besòs i el Maresme,Josep Narcís Roca,Tuesday,2023,3,March,14,Afternoon,,Not caused by the pedestrian,Motorcycle,Woman,22,Driver,Desconegut,Unknown,Unknown,Minor injury: Medical assistance at accident site,435012.77,4585164.65,2.221273049,41.413559163,2023-03-14 18:00:00
2023S001491    ,Sant Andreu,el Bon Pastor,Ciutat d'Asunción,Tuesday,2023,3,March,14,Afternoon,,Not caused by the pedestrian,Car,Woman,40,Passenger,Desconegut,Unknown,Unknown,Minor injury: Medical assistance at accident site,433293.16,4588028.53,2.200382853,41.439212312,2023-03-14 21:00:00
2023S001492    ,Sant Martí,Sant Martí de Provençals,Guipúscoa,Tuesday,2023,3,March,14,Afternoon,,Not caused by the pedestrian,Veh. mobilitat personal amb motor,Woman,20,Driver,Desconegut,Unknown,Unknown,Minor injury: Medical assistance at accident site,432792.64,4585292.45,2.194696433,41.414527519,2023-03-14 19:00:00
2023S001493    ,Eixample,l'Antiga Esquerra de l'Eixample,Aragó,Tuesday,2023,3,March,14,Night,,Not caused by the pedestrian,Bicicleta,Woman,25,Pedestrian,En pas regulat per semàfor,Leisure and entertainment,Unknown,Minor injury: Hospitalization up to 24 hours,429544.56,4582114.92,2.156205024,41.385630276,2023-03-14 22:00:00
2023S001494    ,Eixample,el Fort Pienc,Corts Catalanes,Tuesday,2023,3,March,14,Afternoon,,Not caused by the pedestrian,Motorcycle,Man,21,Driver,Desconegut,Unknown,Other activities,Minor injury: Hospitalization up to 24 hours,431363.28,4583313.93,2.177819397,41.396586731,2023-03-14 21:00:00
2023S001496    ,Sant Andreu,Sant Andreu,Palomar,Wednesday,2023,3,March,15,Morning,,Not caused by the pedestrian,Motorcycle,Man,18,Driver,Desconegut,Unknown,Commuting,Minor injury: Hospitalization up to 24 hours,432681.05,4588373.47,2.193018028,41.442267956,2023-03-15 08:00:00
2023S001497    ,Sarrià-Sant Gervasi,Sant Gervasi - la Bonanova,Calvó,Wednesday,2023,3,March,15,Morning,,Not caused by the pedestrian,Motorcycle,Man,23,Driver,Desconegut,Unknown,Commuting,Minor injury: Hospitalization up to 24 hours,427500.53,4584915.38,2.131424887,41.410671162,2023-03-15 09:00:00
2023S001498    ,Sarrià-Sant Gervasi,Sant Gervasi - la Bonanova,Dalt (Besòs),Wednesday,2023,3,March,15,Morning,,Not caused by the pedestrian,Tricicle,Man,57,Driver,Desconegut,Unknown,Commuting,Minor injury: Medical assistance at accident site,427295.29,4585080.34,2.128949646,41.412138336,2023-03-15 10:00:00
2023S001499    ,Eixample,la Dreta de l'Eixample,Pau Claris,Wednesday,2023,3,March,15,Afternoon,,Not caused by the pedestrian,Veh. mobilitat personal amb motor,Woman,30,Driver,Desconegut,Unknown,Commuting,Minor injury: Hospitalization up to 24 hours,430590.23,4582764.01,2.168635898,41.391567383,2023-03-15 14:00:00
2023S001500    ,Sant Andreu,el Bon Pastor,Potosí,Wednesday,2023,3,March,15,Afternoon,,Not caused by the pedestrian,Veh. mobilitat personal amb motor,Woman,49,Pedestrian,A la vorera / Andana,Commuting,Unknown,Minor injury: Hospitalization up to 24 hours,433571.4,4588460.51,2.203665599,41.443126102,2023-03-15 16:00:00
2023S001501    ,Sarrià-Sant Gervasi,Sarrià,Vergós,Wednesday,2023,3,March,15,Afternoon,,Disobeying the traffic light signal,Car,Man,14,Pedestrian,En pas regulat per semàfor,Unknown,Unknown,Minor injury: Hospitalization up to 24 hours,427021.41,4583327.42,2.125884445,41.396325706,2023-03-15 18:00:00
2023S001503    ,Sant Martí,Diagonal Mar i el Front Marítim del Poblenou,Selva de Mar,Wednesday,2023,3,March,15,Afternoon,,Not caused by the pedestrian,Veh. mobilitat personal amb motor,Woman,49,Driver,Desconegut,Unknown,Leisure and entertainment,Minor injury: Hospitalization up to 24 hours,434338.63,4584291.82,2.213302144,41.405642964,2023-03-15 19:00:00
2023S001504    ,Gràcia,Vallcarca i els Penitents,Vallcarca,Wednesday,2023,3,March,15,Afternoon,,Not caused by the pedestrian,Motorcycle,Woman,52,Passenger,Desconegut,Unknown,Unknown,Minor injury: Hospitalization up to 24 hours,428865.75,4584800.43,2.147771411,41.409757904,2023-03-15 19:00:00
2023S001505    ,Sant Martí,Sant Martí de Provençals,Guipúscoa,Wednesday,2023,3,March,15,Afternoon,,Not caused by the pedestrian,Motorcycle,Man,60,Driver,Desconegut,Unknown,Unknown,Minor injury: Refused medical assistance,432888.0,4585390.26,2.195826511,41.415416439,2023-03-15 19:00:00
2023S001507    ,Les Corts,les Corts,Mig (Ascendent),Thursday,2023,3,March,16,Morning,,Not caused by the pedestrian,Motorcycle,Woman,39,Driver,Desconegut,Unknown,Unknown,Minor injury: Hospitalization up to 24 hours,427237.23,4581703.8,2.128660994,41.38172198,2023-03-16 08:00:00
2023S001508    ,Sant Martí,el Besòs i el Maresme,Llull,Thursday,2023,3,March,16,Morning,,Not caused by the pedestrian,Ciclomotor,Man,23,Driver,Desconegut,Unknown,Unknown,Minor injury: Hospitalization up to 24 hours,434419.1,4584784.71,2.214211356,41.410088881,2023-03-16 10:00:00
2023S001509    ,Sarrià-Sant Gervasi,Sant Gervasi - la Bonanova,Dalt (Llobregat),Thursday,2023,3,March,16,Morning,,Not caused by the pedestrian,Furgoneta,Man,42,Driver,Desconegut,Unknown,Commuting,Minor injury: Hospitalization up to 24 hours,426396.34,4584242.92,2.118296657,41.40451421,2023-03-16 09:00:00
2023S001510    ,Sant Martí,la Vila Olímpica del Poblenou,Marina,Thursday,2023,3,March,16,Morning,,Not caused by the pedestrian,Motorcycle,Man,29,Driver,Desconegut,Unknown,Unknown,Minor injury: Hospitalization up to 24 hours,432751.35,4582465.56,2.194516637,41.389063026,2023-03-16 10:00:00
2023S001512    ,Ciutat Vella,el Raval,Riera Alta,Thursday,2023,3,March,16,Morning,,Not caused by the pedestrian,Veh. mobilitat personal amb motor,Woman,33,Driver,Desconegut,Unknown,Leisure and entertainment,Minor injury: Hospitalization up to 24 hours,430279.57,4581536.36,2.165061697,41.380483436,2023-03-16 11:00:00
2023S001513    ,Eixample,l'Antiga Esquerra de l'Eixample,Corts Catalanes,Thursday,2023,3,March,16,Morning,,Not caused by the pedestrian,Car,Woman,69,Passenger,Desconegut,Unknown,Unknown,Minor injury: Hospitalization up to 24 hours,429790.86,4581812.21,2.159185646,41.38292541,2023-03-16 11:00:00
2023S001515    ,Ciutat Vella,el Raval,Sant Antoni Abat,Thursday,2023,3,March,16,Afternoon,,Not caused by the pedestrian,Furgoneta,Woman,3,Pedestrian,A la vorera / Andana,Unknown,Unknown,Minor injury: Hospitalization up to 24 hours,430308.21,4581410.08,2.16541871,41.379348553,2023-03-16 16:00:00
2023S001516    ,Eixample,la Dreta de l'Eixample,Provença,Thursday,2023,3,March,16,Morning,,Disobeying the traffic light signal,Veh. mobilitat personal amb motor,Woman,45,Driver,Desconegut,Unknown,Unknown,Minor injury: Hospitalization up to 24 hours,429910.69,4583022.27,2.16047856,41.393834481,2023-03-16 11:00:00
2023S001517    ,Horta-Guinardó,Horta,Eivissa,Thursday,2023,3,March,16,Afternoon,,Not caused by the pedestrian,Motorcycle,Man,56,Driver,Desconegut,Unknown,Unknown,Minor injury: Hospitalization up to 24 hours,430018.25,4587073.69,2.161296179,41.430333537,2023-03-16 15:00:00
2023S001519    ,Sants-Montjuïc,Hostafrancs,Tarragona,Thursday,2023,3,March,16,Afternoon,,Not caused by the pedestrian,Motorcycle,Man,26,Driver,Desconegut,Unknown,Unknown,Minor injury: Hospitalization up to 24 hours,428675.41,4581275.47,2.14590966,41.377993009,2023-03-16 15:00:00
2023S001520    ,Ciutat Vella,la Barceloneta,Litoral (Besòs),Thursday,2023,3,March,16,Afternoon,,Disobeying the traffic light signal,Car,Woman,34,Pedestrian,En zona peatonal,Leisure and entertainment,Unknown,Minor injury: Hospitalization up to 24 hours,432177.35,4581332.41,2.187778614,41.378808812,2023-03-16 18:00:00
2023S001521    ,Eixample,la Dreta de l'Eixample,Sant Joan,Thursday,2023,3,March,16,Morning,,Not caused by the pedestrian,Bicicleta,Woman,80,Pedestrian,En pas regulat per semàfor,Other activities,Unknown,Minor injury: Hospitalization up to 24 hours,431370.0,4582923.54,2.177944045,41.393071178,2023-03-16 13:00:00
2023S001522    ,Sants-Montjuïc,Hostafrancs,Elisi,Thursday,2023,3,March,16,Afternoon,,Not caused by the pedestrian,Motorcycle,Woman,56,Driver,Desconegut,Unknown,Other activities,Minor injury: Hospitalization up to 24 hours,428585.98,4581366.46,2.144829559,41.378804588,2023-03-16 17:00:00
2023S001523    ,Les Corts,les Corts,Diagonal,Wednesday,2023,3,March,8,Afternoon,,Not caused by the pedestrian,Veh. mobilitat personal amb motor,Man,17,Driver,Desconegut,Unknown,Leisure and entertainment,Minor injury: Hospitalization up to 24 hours,427954.95,4582701.1,2.137125048,41.390768909,2023-03-08 14:00:00
2023S001524    ,Eixample,la Nova Esquerra de l'Eixample,Mallorca,Thursday,2023,3,March,16,Afternoon,,Not caused by the pedestrian,Motorcycle,Man,24,Driver,Desconegut,Unknown,Leisure and entertainment,Minor injury: Hospitalization up to 24 hours,429260.74,4582212.74,2.152799369,41.386486386,2023-03-16 21:00:00
2023S001525    ,Sarrià-Sant Gervasi,les Tres Torres,Orient,Thursday,2023,3,March,16,Night,,Not caused by the pedestrian,Motorcycle,Man,31,Driver,Desconegut,Unknown,Commuting,Minor injury: Medical assistance at accident site,427200.37,4583487.59,2.128005711,41.397784521,2023-03-16 23:00:00
2023S001526    ,Horta-Guinardó,el Guinardó,Maragall,Friday,2023,3,March,17,Night,,Not caused by the pedestrian,Motorcycle,Woman,20,Passenger,Desconegut,Unknown,Unknown,Minor injury: Hospitalization up to 24 hours,431284.48,4586466.4,2.176518648,41.424973277,2023-03-17 02:00:00
2023S001527    ,Nou Barris,Vilapicina i la Torre Llobeta,Fabra i Puig,Thursday,2023,3,March,16,Night,,Not caused by the pedestrian,Veh. mobilitat personal amb motor,Man,30,Driver,Desconegut,Unknown,Unknown,Minor injury: Hospitalization up to 24 hours,431360.13,4587054.3,2.177357118,41.430274759,2023-03-16 22:00:00
2023S001528    ,Ciutat Vella,"Sant Pere, Santa Caterina i la Ribera",Picasso,Friday,2023,3,March,17,Morning,,Not caused by the pedestrian,Bicicleta,Man,31,Driver,Desconegut,Unknown,Unknown,Minor injury: Medical assistance at accident site,431805.99,4582306.49,2.183228228,41.387550687,2023-03-17 08:00:00
2023S001529    ,Horta-Guinardó,Horta,Estatut,Friday,2023,3,March,17,Morning,,Not caused by the pedestrian,Motorcycle,Woman,29,Driver,Desconegut,Unknown,Commuting,Minor injury: Hospitalization up to 24 hours,429578.3,4586995.75,2.156040252,41.429593088,2023-03-17 07:00:00
2023S001530    ,Sants-Montjuïc,el Poble-sec,Josep Carner,Friday,2023,3,March,17,Morning,,Not caused by the pedestrian,Motorcycle,Man,24,Driver,Desconegut,Unknown,Unknown,Minor injury: Hospitalization up to 24 hours,431068.13,4580535.56,2.174605329,41.371537487,2023-03-17 10:00:00
2023S001531    ,Sants-Montjuïc,la Marina del Prat Vermell,Litoral (Llobregat),Friday,2023,3,March,17,Morning,,Not caused by the pedestrian,Car,Man,46,Driver,Desconegut,Unknown,Leisure and entertainment,Minor injury: Hospitalization up to 24 hours,428249.07,4579028.48,2.141077652,41.357717206,2023-03-17 10:00:00
2023S001532    ,Horta-Guinardó,el Baix Guinardó,Sant Antoni Maria Claret,Friday,2023,3,March,17,Morning,,Not caused by the pedestrian,Veh. mobilitat personal amb motor,Woman,34,Driver,Desconegut,Unknown,Unknown,Minor injury: Medical assistance at accident site,431087.05,4584936.71,2.174330508,41.411178957,2023-03-17 12:00:00
2023S001533    ,Sarrià-Sant Gervasi,Sant Gervasi - la Bonanova,Marquesa de Vilallonga,Friday,2023,3,March,17,Morning,,Not caused by the pedestrian,Motorcycle,Man,51,Driver,Desconegut,Unknown,Commuting,Minor injury: Medical assistance at accident site,427166.23,4584303.42,2.127499147,41.405129263,2023-03-17 10:00:00
2023S001534    ,Nou Barris,Vilapicina i la Torre Llobeta,Maragall,Friday,2023,3,March,17,Morning,,Not caused by the pedestrian,Motorcycle,Man,45,Driver,Desconegut,Unknown,Commuting,Minor injury: Hospitalization up to 24 hours,430643.76,4586736.33,2.168820585,41.427349346,2023-03-17 11:00:00
2023S001535    ,Sant Andreu,Sant Andreu,Doctor Santponç,Friday,2023,3,March,17,Morning,,Not caused by the pedestrian,Car,Woman,76,Passenger,Desconegut,Unknown,Unknown,Minor injury: Medical assistance at accident site,432544.56,4587196.86,2.191515718,41.431659155,2023-03-17 11:00:00
2023S001536    ,Horta-Guinardó,la Vall d'Hebron,Dalt (Llobregat),Friday,2023,3,March,17,Morning,,Not caused by the pedestrian,Autobús articulat,Woman,79,Passenger,Desconegut,Unknown,Unknown,Minor injury: Hospitalization up to 24 hours,428602.27,4586836.15,2.144378835,41.428069426,2023-03-17 09:00:00
2023S001537    ,Eixample,l'Antiga Esquerra de l'Eixample,Balmes,Friday,2023,3,March,17,Morning,,Not caused by the pedestrian,Motorcycle,Woman,27,Driver,Desconegut,Unknown,Unknown,Minor injury: Refused medical assistance,429430.09,4583191.25,2.154710596,41.395314373,2023-03-17 11:00:00
2023S001538    ,Sants-Montjuïc,la Marina de Port,Foc,Friday,2023,3,March,17,Morning,,Not caused by the pedestrian,Veh. mobilitat personal amb motor,Man,57,Driver,Desconegut,Unknown,Unknown,Minor injury: Hospitalization up to 24 hours,428989.33,4579247.93,2.149900984,41.359759382,2023-03-17 07:00:00
2023S001539    ,Ciutat Vella,el Barri Gòtic,Colom,Friday,2023,3,March,17,Morning,,Not caused by the pedestrian,Motorcycle,Woman,56,Driver,Desconegut,Unknown,Commuting,Minor injury: Hospitalization up to 24 hours,431645.93,4581570.38,2.181397078,41.380907151,2023-03-17 08:00:00
2023S001540    ,Sant Andreu,Baró de Viver,Santa Coloma,Friday,2023,3,March,17,Morning,,Not caused by the pedestrian,Motorcycle,Woman,23,Driver,Desconegut,Unknown,Unknown,Minor injury: Hospitalization up to 24 hours,432968.51,4589200.56,2.196366967,41.449741345,2023-03-17 12:00:00
2023S001541    ,Sants-Montjuïc,el Poble-sec,Elkano,Friday,2023,3,March,17,Morning,,Not caused by the pedestrian,Car,Woman,70,Pedestrian,En pas sense regular,Unknown,Unknown,Minor injury: Hospitalization up to 24 hours,430128.96,4580715.14,2.163355397,41.373073882,2023-03-17 12:00:00
2023S001542    ,Eixample,la Dreta de l'Eixample,Gràcia,Thursday,2023,3,March,16,Morning,,Not caused by the pedestrian,Veh. mobilitat personal amb motor,Man,23,Driver,Desconegut,Unknown,Leisure and entertainment,Minor injury: Hospitalization up to 24 hours,430456.33,4582637.21,2.167048993,41.390413762,2023-03-16 10:00:00
2023S001543    ,Eixample,l'Antiga Esquerra de l'Eixample,Corts Catalanes,Friday,2023,3,March,17,Afternoon,,Not caused by the pedestrian,Motorcycle,Man,65,Driver,Desconegut,Unknown,Unknown,Serious injury: Hospitalization over 24 hours,429830.06,4581854.64,2.159649507,41.383310985,2023-03-17 16:00:00
2023S001545    ,Sant Andreu,el Bon Pastor,Lima,Thursday,2023,3,March,16,Morning,,Not caused by the pedestrian,Motorcycle,Man,34,Driver,Desconegut,Unknown,Commuting,Minor injury: Hospitalization up to 24 hours,433371.15,4588051.99,2.201313731,41.439430088,2023-03-16 13:00:00
2023S001546    ,Nou Barris,la Prosperitat,Valldaura,Friday,2023,3,March,17,Afternoon,,Not caused by the pedestrian,Furgoneta,Woman,76,Pedestrian,En pas regulat per semàfor,Unknown,Unknown,Minor injury: Hospitalization up to 24 hours,431871.63,4588069.37,2.183363927,41.439460718,2023-03-17 18:00:00
2023S001547    ,Nou Barris,la Trinitat Nova,Dalt (Besòs),Friday,2023,3,March,17,Afternoon,,Not caused by the pedestrian,Motorcycle,Woman,26,Driver,Desconegut,Unknown,Unknown,Minor injury: Medical assistance at accident site,431724.23,4588823.72,2.181514384,41.446242348,2023-03-17 14:00:00
2023S001548    ,Les Corts,la Maternitat i Sant Ramon,Diagonal,Friday,2023,3,March,17,Afternoon,,Not caused by the pedestrian,Motorcycle,Man,21,Driver,Desconegut,Unknown,Unknown,Minor injury: Hospitalization up to 24 hours,426268.3,4582116.22,2.117024063,41.385348216,2023-03-17 20:00:00
2023S001550    ,Eixample,la Dreta de l'Eixample,Diagonal,Friday,2023,3,March,17,Afternoon,,Not caused by the pedestrian,Motorcycle,Man,43,Driver,Desconegut,Unknown,Commuting,Minor injury: Refused medical assistance,429996.53,4583374.37,2.161464532,41.397013209,2023-03-17 18:00:00
2023S001551    ,Ciutat Vella,la Barceloneta,Litoral (Llobregat),Friday,2023,3,March,17,Afternoon,,Not caused by the pedestrian,Motorcycle,Man,44,Driver,Desconegut,Unknown,Leisure and entertainment,Minor injury: Hospitalization up to 24 hours,432275.46,4581857.73,2.188893064,41.383548507,2023-03-17 17:00:00
2023S001552    ,Sant Martí,el Clot,Aragó,Friday,2023,3,March,17,Afternoon,,Not caused by the pedestrian,Motorcycle,Woman,29,Driver,Desconegut,Unknown,Unknown,Minor injury: Hospitalization up to 24 hours,432504.38,4585011.18,2.191278943,41.41197003,2023-03-17 15:00:00
2023S001553    ,Sant Martí,el Camp de l'Arpa del Clot,Còrsega,Friday,2023,3,March,17,Afternoon,,Not caused by the pedestrian,Motorcycle,Man,33,Driver,En pas regulat per semàfor,Unknown,Other activities,Minor injury: Medical assistance at accident site,431466.56,4584937.05,2.178870867,41.411214488,2023-03-17 18:00:00
2023S001554    ,Eixample,la Dreta de l'Eixample,Girona,Friday,2023,3,March,17,Afternoon,,Not caused by the pedestrian,Veh. mobilitat personal amb motor,Woman,36,Driver,Desconegut,Unknown,Unknown,Minor injury: Hospitalization up to 24 hours,430240.33,4583682.16,2.16434519,41.39980657,2023-03-17 16:00:00
2023S001555    ,Eixample,la Sagrada Família,Aragó,Friday,2023,3,March,17,Afternoon,,Not caused by the pedestrian,Motorcycle,Woman,27,Driver,Desconegut,Unknown,Unknown,Minor injury: Medical assistance at accident site,431567.75,4584113.44,2.180174673,41.403805115,2023-03-17 21:00:00
2023S001556    ,Les Corts,Pedralbes,Diagonal,Friday,2023,3,March,17,Afternoon,,Not caused by the pedestrian,Motorcycle,Man,54,Driver,Desconegut,Unknown,Unknown,Minor injury: Hospitalization up to 24 hours,426879.75,4582417.88,2.124299923,41.388120983,2023-03-17 21:00:00
2023S001558    ,Sarrià-Sant Gervasi,Sant Gervasi - Galvany,Gràcia,Saturday,2023,3,March,18,Morning,,Not caused by the pedestrian,Motorcycle,Man,49,Driver,Desconegut,Unknown,Unknown,Minor injury: Medical assistance at accident site,429197.14,4583444.59,2.151894676,41.397575629,2023-03-18 09:00:00
2023S001559    ,Sant Martí,el Camp de l'Arpa del Clot,Xifré,Saturday,2023,3,March,18,Morning,,Not caused by the pedestrian,Ciclomotor,Woman,26,Passenger,Desconegut,Unknown,Unknown,Minor injury: Hospitalization up to 24 hours,431795.29,4584723.7,2.182827808,41.40932089,2023-03-18 10:00:00
2023S001560    ,Les Corts,Pedralbes,Esplugues,Saturday,2023,3,March,18,Morning,,Not caused by the pedestrian,Motorcycle,Woman,39,Driver,Desconegut,Unknown,Unknown,Minor injury: Hospitalization up to 24 hours,425229.83,4582089.59,2.104608405,41.385012472,2023-03-18 12:00:00
2023S001561    ,Eixample,Sant Antoni,Corts Catalanes,Saturday,2023,3,March,18,Morning,,Not caused by the pedestrian,Taxi,Man,59,Pedestrian,En pas regulat per semàfor,Unknown,Unknown,Minor injury: Hospitalization up to 24 hours,430025.03,4582004.98,2.161963719,41.384682041,2023-03-18 13:00:00
2023S001562    ,Sant Martí,la Vila Olímpica del Poblenou,Litoral (Besòs),Saturday,2023,3,March,18,Morning,,Not caused by the pedestrian,Motorcycle,Man,44,Driver,Desconegut,Unknown,Unknown,Minor injury: Medical assistance at accident site,433420.34,4582846.47,2.202475763,41.392549479,2023-03-18 13:00:00
2023S001563    ,Eixample,la Nova Esquerra de l'Eixample,Roma,Saturday,2023,3,March,18,Morning,,Not caused by the pedestrian,Ciclomotor,Man,18,Driver,Desconegut,Unknown,Unknown,Minor injury: Hospitalization up to 24 hours,428666.7,4581674.2,2.14575855,41.38158346,2023-03-18 10:00:00
2023S001565    ,Sant Martí,Diagonal Mar i el Front Marítim del Poblenou,Garcia Fària,Saturday,2023,3,March,18,Morning,,Not caused by the pedestrian,Car,Man,22,Passenger,Desconegut,Unknown,Unknown,Minor injury: Medical assistance at accident site,434371.96,4583978.79,2.213734829,41.402826298,2023-03-18 13:00:00
2023S001566    ,Sant Andreu,Sant Andreu,Gran de Sant Andreu,Saturday,2023,3,March,18,Afternoon,,Not caused by the pedestrian,Bus,Woman,54,Passenger,Desconegut,Unknown,Unknown,Minor injury: Hospitalization up to 24 hours,432394.7,4587024.47,2.18974154,41.430093887,2023-03-18 14:00:00
2023S001567    ,Eixample,la Dreta de l'Eixample,Corts Catalanes,Saturday,2023,3,March,18,Afternoon,,Not caused by the pedestrian,Motorcycle,Man,17,Driver,Desconegut,Unknown,Unknown,Minor injury: Hospitalization up to 24 hours,430694.58,4582659.98,2.169895858,41.390639421,2023-03-18 18:00:00
2023S001569    ,Sant Andreu,el Bon Pastor,Litoral (Llobregat),Saturday,2023,3,March,18,Afternoon,,Not caused by the pedestrian,Car,Woman,29,Driver,Desconegut,Unknown,Leisure and entertainment,Minor injury: Medical assistance at accident site,433710.93,4588545.21,2.205326443,41.443900509,2023-03-18 21:00:00
2023S001571    ,Eixample,la Sagrada Família,València,Sunday,2023,3,March,19,Night,,Not caused by the pedestrian,Motorcycle,Man,29,Driver,Desconegut,Unknown,Leisure and entertainment,Minor injury: Hospitalization up to 24 hours,431636.85,4584335.14,2.180976227,41.405807782,2023-03-19 03:00:00
2023S001573    ,Sants-Montjuïc,la Bordeta,Blanca,Sunday,2023,3,March,19,Morning,,Not caused by the pedestrian,Motorcycle,Woman,28,Driver,Desconegut,Unknown,Commuting,Minor injury: Medical assistance at accident site,427525.62,4579997.41,2.132313762,41.366379197,2023-03-19 06:00:00
2023S001574    ,Sarrià-Sant Gervasi,les Tres Torres,Àngel Guimerà,Sunday,2023,3,March,19,Morning,,Not caused by the pedestrian,Veh. mobilitat personal amb motor,Woman,55,Driver,Desconegut,Unknown,Commuting,Minor injury: Hospitalization up to 24 hours,427553.4,4583352.71,2.132244534,41.396601612,2023-03-19 08:00:00
2023S001578    ,Gràcia,Vallcarca i els Penitents,Vallcarca,Sunday,2023,3,March,19,Afternoon,,Not caused by the pedestrian,Motorcycle,Man,54,Driver,Desconegut,Unknown,Unknown,Minor injury: Medical assistance at accident site,428293.92,4585771.93,2.140815128,41.418456967,2023-03-19 18:00:00
2023S001579    ,Eixample,l'Antiga Esquerra de l'Eixample,Francesc Macià,Sunday,2023,3,March,19,Afternoon,,Not caused by the pedestrian,Motorcycle,Man,34,Driver,Desconegut,Unknown,Leisure and entertainment,Minor injury: Hospitalization up to 24 hours,428631.84,4582893.65,2.145197946,41.392563516,2023-03-19 19:00:00
2023S001580    ,Eixample,la Dreta de l'Eixample,Rosselló,Sunday,2023,3,March,19,Afternoon,,Not caused by the pedestrian,Motorcycle,Woman,34,Passenger,Desconegut,Unknown,Unknown,Minor injury: Hospitalization up to 24 hours,429867.03,4583167.94,2.15993948,41.395142674,2023-03-19 20:00:00
2023S001581    ,Sant Martí,Diagonal Mar i el Front Marítim del Poblenou,Garcia Fària,Sunday,2023,3,March,19,Afternoon,,Not caused by the pedestrian,Car,Woman,47,Passenger,Desconegut,Unknown,Unknown,Minor injury: Medical assistance at accident site,434217.23,4583928.75,2.211889326,41.402362947,2023-03-19 19:00:00
2023S001582    ,Horta-Guinardó,Horta,Horta a Cerdanyola,Sunday,2023,3,March,19,Afternoon,,Not caused by the pedestrian,Bus,Woman,67,Passenger,Desconegut,Unknown,Unknown,Minor injury: Hospitalization up to 24 hours,429359.09,4587764.57,2.153327026,41.436498274,2023-03-19 19:00:00
2023S001583    ,Ciutat Vella,el Raval,Carretes,Sunday,2023,3,March,19,Night,,Not caused by the pedestrian,Bicicleta,Woman,31,Driver,Desconegut,Unknown,Leisure and entertainment,Minor injury: Hospitalization up to 24 hours,430463.95,4581204.46,2.167304649,41.377510076,2023-03-19 22:00:00
2023S001584    ,Eixample,l'Antiga Esquerra de l'Eixample,Corts Catalanes,Monday,2023,3,March,20,Night,,Not caused by the pedestrian,Motorcycle,Man,34,Driver,Desconegut,Unknown,Unknown,Minor injury: Hospitalization up to 24 hours,430121.36,4582099.83,2.163104777,41.385544703,2023-03-20 03:00:00
2023S001585    ,Sarrià-Sant Gervasi,Sarrià,Dalt (Besòs),Monday,2023,3,March,20,Morning,,Not caused by the pedestrian,Car,Man,52,Driver,Desconegut,Unknown,Commuting,Minor injury: Refused medical assistance,425982.38,4583777.91,2.113401582,41.400288051,2023-03-20 06:00:00
2023S001586    ,Sant Martí,Provençals del Poblenou,C-31,Sunday,2023,3,March,19,Afternoon,,Not caused by the pedestrian,Car,Woman,47,Passenger,Desconegut,Unknown,Unknown,Minor injury: Medical assistance at accident site,433865.68,4585738.91,2.207486014,41.41863774,2023-03-19 20:00:00
2023S001587    ,Les Corts,la Maternitat i Sant Ramon,Corts,Sunday,2023,3,March,19,Afternoon,,Crossing outside the pedestrian crossing,Motorcycle,Man,21,Pedestrian,Fora del pas,Unknown,Unknown,Minor injury: Refused medical assistance,426863.59,4581468.65,2.124221297,41.379570181,2023-03-19 21:00:00
2023S001588    ,Eixample,la Nova Esquerra de l'Eixample,Sarrià,Monday,2023,3,March,20,Morning,,Not caused by the pedestrian,Motorcycle,Man,50,Driver,Desconegut,Unknown,Other activities,Minor injury: Hospitalization up to 24 hours,428772.16,4582594.0,2.146911477,41.389877123,2023-03-20 09:00:00
2023S001589    ,Sant Martí,Diagonal Mar i el Front Marítim del Poblenou,Litoral (Llobregat),Monday,2023,3,March,13,Morning,,Not caused by the pedestrian,Motorcycle,Woman,46,Driver,Desconegut,Unknown,Commuting,Minor injury: Hospitalization up to 24 hours,434371.96,4583978.79,2.213734829,41.402826298,2023-03-13 08:00:00
2023S001590    ,Sants-Montjuïc,Sants - Badal,Mig (Descendent),Monday,2023,3,March,20,Morning,,Not caused by the pedestrian,Motorcycle,Woman,39,Passenger,Desconegut,Unknown,Unknown,Minor injury: Hospitalization up to 24 hours,427381.03,4581010.6,2.1304637,41.37549159,2023-03-20 11:00:00
2023S001591    ,Nou Barris,la Guineueta,Valldaura,Monday,2023,3,March,20,Morning,,Not caused by the pedestrian,Motorcycle,Woman,48,Driver,Desconegut,Unknown,Unknown,Minor injury: Hospitalization up to 24 hours,430960.45,4587988.16,2.172467274,41.438651417,2023-03-20 08:00:00