Case_Number,District_Name,Neighborhood_Name,Street_Name,Day_of_Week,Year,Month_Code,Month_Name,Day_of_Month,Shift_Description,Hour_of_Day,Pedestrian_Cause_Description,Involved_Vehicle_Type,Gender_Description,Age,Person_Type_Description,Pedestrian_Accident_Location_Description,Pedestrian_Movement_Reason_Description,Driver_Movement_Reason_Description,Victimization_Description,UTM_X_Coordinate,UTM_Y_Coordinate,Longitude,Latitude,datetime
2023S001691    ,Horta-Guinardó,el Guinardó,Sant Antoni Maria Claret,Thursday,2023,3,March,23,Afternoon,,Not caused by the pedestrian,Motorcycle,Man,34,Driver,Desconegut,Unknown,Other activities,Minor injury: Hospitalization up to 24 hours,431373.14,4585218.56,2.177721255,41.413741982,2023-03-23 17:00:00
2023S001692    ,Sant Martí,el Clot,Lope de Vega,Thursday,2023,3,March,23,Afternoon,,Not caused by the pedestrian,Bicicleta,Woman,33,Driver,Desconegut,Unknown,Unknown,Minor injury: Hospitalization up to 24 hours,432598.83,4585106.46,2.192398325,41.41283612,2023-03-23 20:00:00
2023S001693    ,Horta-Guinardó,la Vall d'Hebron,Dalt (Llobregat),Thursday,2023,3,March,23,Afternoon,,Not caused by the pedestrian,Autobús articulat,Woman,64,Passenger,Desconegut,Unknown,Unknown,Minor injury: Hospitalization up to 24 hours,428506.24,4586566.97,2.143261508,41.42563649,2023-03-23 18:00:00
2023S001695    ,Ciutat Vella,el Barri Gòtic,Colom,Thursday,2023,3,March,23,Afternoon,,Not caused by the pedestrian,Car,Man,47,Driver,Desconegut,Unknown,Unknown,Minor injury: Hospitalization up to 24 hours,431498.59,4581313.83,2.179664158,41.378583935,2023-03-23 21:00:00
2023S001696    ,Sarrià-Sant Gervasi,les Tres Torres,General Mitre,Thursday,2023,3,March,23,Afternoon,,Not caused by the pedestrian,Motorcycle,Man,52,Driver,Desconegut,Unknown,Unknown,Minor injury: Medical assistance at accident site,427681.98,4583578.13,2.133755545,41.398643459,2023-03-23 18:00:00
2023S001697    ,Nou Barris,Ciutat Meridiana,Agudes,Thursday,2023,3,March,23,Night,,Not caused by the pedestrian,Motorcycle,Man,33,Driver,Desconegut,Unknown,Unknown,Death (within 24 hours of accident),431426.03,4590722.03,2.177729109,41.463314255,2023-03-23 23:00:00
2023S001698    ,Les Corts,la Maternitat i Sant Ramon,Benavent,Friday,2023,3,March,24,Night,,Not caused by the pedestrian,Car,Man,44,Passenger,Desconegut,Unknown,Unknown,Minor injury: Hospitalization up to 24 hours,426988.51,4581237.65,2.125742918,41.377501006,2023-03-24 03:00:00
2023S001699    ,Sants-Montjuïc,Sants,Sants,Thursday,2023,3,March,23,Night,,Not caused by the pedestrian,Motorcycle,Man,24,Driver,Desconegut,Unknown,Unknown,Serious injury: Hospitalization over 24 hours,428168.05,4580982.55,2.139877561,41.375309626,2023-03-23 23:00:00
2023S001700    ,Sarrià-Sant Gervasi,Sarrià,Vallvidrera,Thursday,2023,3,March,23,Afternoon,,Not caused by the pedestrian,Motorcycle,Man,20,Driver,Desconegut,Unknown,Unknown,Minor injury: Medical assistance at accident site,426052.64,4584477.56,2.114156489,41.406595946,2023-03-23 21:00:00
2023S001701    ,Sants-Montjuïc,la Marina del Prat Vermell,Transversal 5,Friday,2023,3,March,24,Morning,,Not caused by the pedestrian,Car,Woman,45,Driver,Desconegut,Unknown,Unknown,Minor injury: Hospitalization up to 24 hours,426177.3,4576328.26,2.116640494,41.33320993,2023-03-24 09:00:00
2023S001702    ,Sarrià-Sant Gervasi,el Putxet i el Farró,General Mitre,Friday,2023,3,March,24,Morning,,Not caused by the pedestrian,Ciclomotor,Woman,21,Pedestrian,En pas regulat per semàfor,Unknown,Unknown,Minor injury: Hospitalization up to 24 hours,428717.38,4584335.83,2.146051142,41.40556028,2023-03-24 09:00:00
2023S001703    ,Sant Andreu,Sant Andreu,Torras i Bages,Sunday,2023,3,March,5,Morning,,Not caused by the pedestrian,Car,Man,51,Driver,Desconegut,Unknown,Leisure and entertainment,Minor injury: Refused medical assistance,432501.53,4587893.75,2.190922871,41.437932198,2023-03-05 11:00:00
2023S001704    ,Eixample,la Dreta de l'Eixample,Reina Victòria,Friday,2023,3,March,24,Morning,,Not caused by the pedestrian,Motorcycle,Man,24,Driver,Desconegut,Unknown,Leisure and entertainment,Minor injury: Refused medical assistance,430557.69,4582525.42,2.168274082,41.389415667,2023-03-24 09:00:00
2023S001705    ,Sarrià-Sant Gervasi,les Tres Torres,General Mitre,Friday,2023,3,March,24,Morning,,Not caused by the pedestrian,Motorcycle,Man,44,Driver,Desconegut,Unknown,Unknown,Death (within 24 hours of accident),427645.65,4583125.1,2.13337515,41.39455993,2023-03-24 11:00:00
2023S001706    ,Gràcia,Vallcarca i els Penitents,Vallcarca,Friday,2023,3,March,24,Morning,,Not caused by the pedestrian,Motorcycle,Man,45,Driver,Desconegut,Unknown,Unknown,Minor injury: Hospitalization up to 24 hours,428397.04,4585483.79,2.142083092,41.415871009,2023-03-24 11:00:00
2023S001707    ,Eixample,l'Antiga Esquerra de l'Eixample,París,Friday,2023,3,March,24,Morning,,Not caused by the pedestrian,Ciclomotor,Man,41,Driver,Desconegut,Unknown,Commuting,Minor injury: Hospitalization up to 24 hours,428948.79,4582672.05,2.149014784,41.390595722,2023-03-24 13:00:00
2023S001708    ,Sant Martí,Diagonal Mar i el Front Marítim del Poblenou,Litoral,Friday,2023,3,March,24,Afternoon,,Not caused by the pedestrian,Motorcycle,Man,56,Driver,Desconegut,Unknown,Leisure and entertainment,Minor injury: Hospitalization up to 24 hours,434131.96,4583677.31,2.210896674,41.400091299,2023-03-24 14:00:00
2023S001709    ,Ciutat Vella,la Barceloneta,Litoral (Besòs),Friday,2023,3,March,24,Afternoon,,Not caused by the pedestrian,Motorcycle,Man,41,Driver,Desconegut,Unknown,Unknown,Minor injury: Hospitalization up to 24 hours,432487.96,4581946.87,2.191424374,41.384369239,2023-03-24 14:00:00
2023S001710    ,Sarrià-Sant Gervasi,Sant Gervasi - Galvany,Augusta,Friday,2023,3,March,24,Afternoon,,Not caused by the pedestrian,Motorcycle,Man,60,Driver,Desconegut,Unknown,Other activities,Minor injury: Medical assistance at accident site,428473.45,4583594.92,2.143220672,41.398865512,2023-03-24 15:00:00
2023S001711    ,Sant Martí,el Poblenou,Poblenou,Friday,2023,3,March,24,Afternoon,,Not caused by the pedestrian,Veh. mobilitat personal amb motor,Woman,14,Pedestrian,A la vorera / Andana,Unknown,Unknown,Minor injury: Hospitalization up to 24 hours,432872.97,4584263.49,2.195771754,41.405266681,2023-03-24 16:00:00
2023S001712    ,Les Corts,les Corts,Sarrià,Friday,2023,3,March,24,Afternoon,,Not caused by the pedestrian,Motorcycle,Man,38,Driver,Desconegut,Unknown,Commuting,Minor injury: Hospitalization up to 24 hours,428237.81,4582735.53,2.140503967,41.391104308,2023-03-24 16:00:00
2023S001713    ,Horta-Guinardó,la Vall d'Hebron,Isadora Duncan,Friday,2023,3,March,24,Afternoon,,Not caused by the pedestrian,Car,Woman,22,Pedestrian,En pas sense regular,Unknown,Unknown,Minor injury: Medical assistance at accident site,428603.33,4586835.63,2.144391581,41.428064837,2023-03-24 16:00:00
2023S001714    ,Gràcia,la Salut,Santuari St Josep Muntanya,Friday,2023,3,March,24,Afternoon,,Not caused by the pedestrian,Ciclomotor,Woman,55,Driver,Desconegut,Unknown,Commuting,Minor injury: Hospitalization up to 24 hours,429464.23,4584797.42,2.15493168,41.409783565,2023-03-24 19:00:00
2023S001715    ,Eixample,la Nova Esquerra de l'Eixample,Entença,Friday,2023,3,March,24,Afternoon,,Not caused by the pedestrian,Motorcycle,Man,45,Driver,Desconegut,Unknown,Unknown,Minor injury: Hospitalization up to 24 hours,429094.74,4581442.97,2.150904263,41.379538706,2023-03-24 18:00:00
2023S001716    ,Sant Martí,el Camp de l'Arpa del Clot,Dos de Maig,Friday,2023,3,March,24,Afternoon,,Not caused by the pedestrian,Ciclomotor,Woman,24,Passenger,Desconegut,Unknown,Unknown,Minor injury: Hospitalization up to 24 hours,431837.23,4584359.62,2.183370588,41.406045291,2023-03-24 16:00:00
2023S001717    ,Eixample,l'Antiga Esquerra de l'Eixample,Enric Granados,Saturday,2023,3,March,25,Night,,Not caused by the pedestrian,Bicicleta,Woman,23,Driver,Desconegut,Unknown,Commuting,Minor injury: Hospitalization up to 24 hours,429739.61,4582680.05,2.158472063,41.390737284,2023-03-25 00:00:00
2023S001718    ,Sarrià-Sant Gervasi,Sant Gervasi - la Bonanova,Dalt (Besòs),Saturday,2023,3,March,25,Morning,,Not caused by the pedestrian,Motorcycle,Man,23,Driver,Desconegut,Unknown,On a mission,Minor injury: Hospitalization up to 24 hours,427446.46,4585212.61,2.130742354,41.413343302,2023-03-25 07:00:00
2023S001719    ,Sants-Montjuïc,la Bordeta,Ildefons Cerdà,Saturday,2023,3,March,25,Morning,,Disobeying the traffic light signal,Car,Woman,23,Pedestrian,En pas regulat per semàfor,Leisure and entertainment,Unknown,Minor injury: Hospitalization up to 24 hours,427718.43,4579750.57,2.134648336,41.364173341,2023-03-25 11:00:00
2023S001720    ,Nou Barris,les Roquetes,Dalt (Llobregat),Saturday,2023,3,March,25,Morning,,Not caused by the pedestrian,Car,Man,7,Passenger,Desconegut,Unknown,Unknown,Minor injury: Hospitalization up to 24 hours,431563.44,4588806.2,2.179591668,41.446070853,2023-03-25 11:00:00
2023S001721    ,Sant Andreu,el Bon Pastor,Litoral (Besòs),Saturday,2023,3,March,25,Morning,,Not caused by the pedestrian,Car,Woman,58,Passenger,Desconegut,Unknown,Unknown,Minor injury: Hospitalization up to 24 hours,433072.06,4589234.31,2.197602819,41.450053966,2023-03-25 12:00:00
2023S001722    ,Eixample,la Sagrada Família,Mallorca,Saturday,2023,3,March,25,Morning,,Not caused by the pedestrian,Motorcycle,Woman,31,Driver,Desconegut,Unknown,Unknown,Minor injury: Hospitalization up to 24 hours,431076.4,4583988.83,2.174311104,41.402640794,2023-03-25 12:00:00
2023S001723    ,Eixample,la Dreta de l'Eixample,Còrsega,Saturday,2023,3,March,25,Afternoon,,Not caused by the pedestrian,Motorcycle,Man,34,Driver,Desconegut,Unknown,Unknown,Minor injury: Hospitalization up to 24 hours,429554.34,4583063.6,2.156211591,41.394175574,2023-03-25 14:00:00
2023S001724    ,Sants-Montjuïc,la Bordeta,Constitució,Saturday,2023,3,March,25,Afternoon,,Not caused by the pedestrian,Car,Man,38,Driver,Desconegut,Unknown,Leisure and entertainment,Minor injury: Hospitalization up to 24 hours,427484.99,4580207.94,2.131802822,41.368271705,2023-03-25 14:00:00
2023S001725    ,Sant Andreu,el Bon Pastor,São Paulo,Saturday,2023,3,March,25,Afternoon,,Not caused by the pedestrian,Motorcycle,Woman,28,Passenger,Desconegut,Unknown,Unknown,Minor injury: Hospitalization up to 24 hours,433228.8,4588017.95,2.199613695,41.439111668,2023-03-25 15:00:00
2023S001727    ,Eixample,l'Antiga Esquerra de l'Eixample,València,Saturday,2023,3,March,25,Morning,,Not caused by the pedestrian,Motorcycle,Man,34,Driver,Desconegut,Unknown,Leisure and entertainment,Minor injury: Hospitalization up to 24 hours,429738.38,4582491.09,2.158479283,41.389035277,2023-03-25 13:00:00
2023S001728    ,Gràcia,la Salut,Dalt,Saturday,2023,3,March,25,Afternoon,,Not caused by the pedestrian,Car,Woman,67,Pedestrian,En pas regulat per semàfor,Other activities,Unknown,Minor injury: Hospitalization up to 24 hours,429865.6,4585094.63,2.159699011,41.41249557,2023-03-25 20:00:00
2023S001730    ,Nou Barris,Porta,Doctor Pi i Molist,Saturday,2023,3,March,25,Afternoon,,Others,Bus,Woman,34,Passenger,Fora del pas,Unknown,Unknown,Minor injury: Refused medical assistance,431090.63,4587238.19,2.174110945,41.431907901,2023-03-25 21:00:00
2023S001732    ,Ciutat Vella,el Barri Gòtic,Rambla,Sunday,2023,3,March,26,Night,,Not caused by the pedestrian,Motorcycle,Man,29,Driver,Desconegut,Unknown,On a mission,Minor injury: Hospitalization up to 24 hours,431203.78,4581278.74,2.176142845,41.378242723,2023-03-26 00:00:00
2023S001734    ,Sant Andreu,la Sagrera,Martí Molins,Sunday,2023,3,March,26,Night,,Not caused by the pedestrian,Ciclomotor,Woman,20,Passenger,Desconegut,Unknown,Unknown,Minor injury: Hospitalization up to 24 hours,432488.72,4586338.25,2.190943381,41.423921233,2023-03-26 00:00:00
2023S001735    ,Nou Barris,les Roquetes,Alta de les Roquetes,Sunday,2023,3,March,26,Night,,Not caused by the pedestrian,Car,Man,19,Passenger,Desconegut,Unknown,Unknown,Serious injury: Hospitalization over 24 hours,431276.96,4589329.35,2.176102867,41.450758176,2023-03-26 05:00:00
2023S001736    ,Sants-Montjuïc,la Marina de Port,Mare de Déu de Port,Sunday,2023,3,March,26,Morning,,Not caused by the pedestrian,Motorcycle,Woman,46,Passenger,Desconegut,Unknown,Unknown,Minor injury: Medical assistance at accident site,428414.23,4579128.83,2.143040117,41.358635734,2023-03-26 09:00:00
2023S001737    ,Eixample,la Dreta de l'Eixample,Gràcia,Sunday,2023,3,March,26,Morning,,Not caused by the pedestrian,Car,Woman,30,Driver,Desconegut,Unknown,Unknown,Minor injury: Hospitalization up to 24 hours,429914.38,4583230.13,2.160498625,41.395706928,2023-03-26 11:00:00
2023S001739    ,Nou Barris,la Prosperitat,Valldaura,Sunday,2023,3,March,26,Afternoon,,Not caused by the pedestrian,Bicicleta,Man,57,Driver,Desconegut,Unknown,Unknown,Minor injury: Medical assistance at accident site,431735.72,4588048.32,2.181739593,41.439259578,2023-03-26 14:00:00
2023S001740    ,Gràcia,la Vila de Gràcia,Còrsega,Sunday,2023,3,March,26,Morning,,Not caused by the pedestrian,Motorcycle,Man,37,Driver,Desconegut,Unknown,Unknown,Minor injury: Medical assistance at accident site,430122.62,4583622.77,2.162944036,41.399261438,2023-03-26 13:00:00
2023S001741    ,Nou Barris,Vilapicina i la Torre Llobeta,Santiago Rusiñol,Sunday,2023,3,March,26,Afternoon,,Not caused by the pedestrian,Motorcycle,Man,37,Driver,Desconegut,Unknown,Unknown,Minor injury: Hospitalization up to 24 hours,430586.36,4586901.14,2.168114758,41.428828768,2023-03-26 17:00:00
2023S001743    ,Eixample,la Sagrada Família,Marina,Sunday,2023,3,March,26,Afternoon,,Not caused by the pedestrian,Motorcycle,Man,36,Driver,Desconegut,Unknown,Unknown,Minor injury: Hospitalization up to 24 hours,431342.93,4583916.81,2.177507581,41.40201495,2023-03-26 15:00:00
2023S001744    ,Sarrià-Sant Gervasi,el Putxet i el Farró,Balmes,Sunday,2023,3,March,26,Afternoon,,Others,Car,Woman,41,Pedestrian,Desconegut,Unknown,Unknown,Minor injury: Hospitalization up to 24 hours,428350.22,4584186.37,2.141676619,41.404181495,2023-03-26 17:00:00
2023S001745    ,Horta-Guinardó,el Baix Guinardó,Guinardó,Sunday,2023,3,March,26,Afternoon,,Not caused by the pedestrian,Motorcycle,Man,53,Driver,Desconegut,Unknown,Unknown,Minor injury: Hospitalization up to 24 hours,430535.97,4585057.12,2.167723657,41.412215983,2023-03-26 15:00:00
2023S001746    ,Les Corts,Pedralbes,Pius XII,Sunday,2023,3,March,26,Afternoon,,Not caused by the pedestrian,Motorcycle,Man,26,Driver,Desconegut,Unknown,Leisure and entertainment,Minor injury: Hospitalization up to 24 hours,426793.07,4582325.32,2.12327447,41.387279445,2023-03-26 15:00:00
2023S001747    ,Sant Martí,Diagonal Mar i el Front Marítim del Poblenou,Litoral (Llobregat),Monday,2023,3,March,27,Night,,Not caused by the pedestrian,Veh. mobilitat personal amb motor,Man,26,Driver,En pas regulat per semàfor,Unknown,On a mission,Minor injury: Hospitalization up to 24 hours,434475.69,4584153.16,2.214956803,41.404405275,2023-03-27 00:00:00
2023S001748    ,Horta-Guinardó,el Carmel,Ciències,Monday,2023,3,March,27,Afternoon,,Not caused by the pedestrian,Motorcycle,Man,47,Driver,Desconegut,Unknown,Other activities,Minor injury: Refused medical assistance,429768.57,4586492.53,2.158375733,41.42507745,2023-03-27 16:00:00
2023S001749    ,Sant Andreu,la Sagrera,Olesa,Monday,2023,3,March,27,Morning,,Not caused by the pedestrian,Veh. mobilitat personal amb motor,Woman,41,Driver,Desconegut,Unknown,Commuting,Minor injury: Medical assistance at accident site,432123.08,4586455.0,2.186554943,41.424941935,2023-03-27 07:00:00
2023S001750    ,Sants-Montjuïc,la Marina del Prat Vermell,B-10 (Besòs),Monday,2023,3,March,27,Morning,,Not caused by the pedestrian,Motorcycle,Man,34,Driver,Desconegut,Unknown,Unknown,Minor injury: Hospitalization up to 24 hours,430955.86,4580106.64,2.173311835,41.36766469,2023-03-27 08:00:00
2023S001751    ,Sants-Montjuïc,el Poble-sec,Paral·lel,Monday,2023,3,March,27,Morning,,Others,Motorcycle,Man,40,Pedestrian,En pas regulat per semàfor,Unknown,Unknown,Minor injury: Hospitalization up to 24 hours,431166.25,4580844.37,2.175743425,41.374327259,2023-03-27 10:00:00
2023S001752    ,Ciutat Vella,la Barceloneta,Litoral (Llobregat),Monday,2023,3,March,27,Morning,,Not caused by the pedestrian,Motorcycle,Woman,47,Driver,Desconegut,Unknown,Commuting,Minor injury: Hospitalization up to 24 hours,432004.03,4581708.23,2.185663873,41.382179091,2023-03-27 07:00:00
2023S001753    ,Eixample,Sant Antoni,Viladomat,Monday,2023,3,March,27,Morning,,Not caused by the pedestrian,Furgoneta,Man,87,Pedestrian,En pas regulat per semàfor,Unknown,Unknown,Minor injury: Hospitalization up to 24 hours,429930.96,4581144.61,2.160938278,41.376924765,2023-03-27 10:00:00
2023S001754    ,Horta-Guinardó,el Guinardó,Villar,Monday,2023,3,March,27,Morning,,Not caused by the pedestrian,Motorcycle,Man,36,Driver,Desconegut,Unknown,Leisure and entertainment,Minor injury: Hospitalization up to 24 hours,431292.76,4585627.89,2.176713047,41.41742181,2023-03-27 11:00:00
2023S001755    ,Sants-Montjuïc,Sants,Sants,Monday,2023,3,March,27,Morning,,Not caused by the pedestrian,Autobús articulat,Woman,85,Passenger,Desconegut,Unknown,Unknown,Minor injury: Medical assistance at accident site,427699.16,4580990.75,2.13427,41.375341468,2023-03-27 11:00:00
2023S001756    ,Eixample,la Sagrada Família,València,Monday,2023,3,March,27,Afternoon,,Not caused by the pedestrian,Veh. mobilitat personal amb motor,Man,26,Driver,Desconegut,Unknown,Commuting,Minor injury: Refused medical assistance,431290.31,4584028.52,2.176865445,41.40301659,2023-03-27 18:00:00
2023S001757    ,Eixample,la Dreta de l'Eixample,Rosselló,Monday,2023,3,March,27,Morning,,Not caused by the pedestrian,Motorcycle,Man,31,Driver,Desconegut,Unknown,Unknown,Minor injury: Hospitalization up to 24 hours,430134.59,4583421.81,2.163110418,41.397452499,2023-03-27 13:00:00
2023S001758    ,Les Corts,la Maternitat i Sant Ramon,Mig (Descendent),Monday,2023,3,March,27,Afternoon,,Not caused by the pedestrian,Motorcycle,Woman,50,Driver,Desconegut,Unknown,Leisure and entertainment,Minor injury: Hospitalization up to 24 hours,427119.02,4582149.08,2.127193816,41.385721735,2023-03-27 15:00:00
2023S001759    ,Sant Martí,el Poblenou,Poblenou,Monday,2023,3,March,27,Afternoon,,Not caused by the pedestrian,Bicicleta,Woman,64,Pedestrian,En pas sense regular,Unknown,Unknown,Minor injury: Hospitalization up to 24 hours,433462.25,4583656.26,2.202887993,41.399846532,2023-03-27 14:00:00
2023S001760    ,Nou Barris,Canyelles,Dalt (Llobregat),Monday,2023,3,March,27,Afternoon,,Not caused by the pedestrian,Ciclomotor,Woman,56,Driver,Desconegut,Unknown,Unknown,Minor injury: Medical assistance at accident site,430896.38,4588524.61,2.171639034,41.443477503,2023-03-27 15:00:00
2023S001761    ,Sants-Montjuïc,la Marina del Prat Vermell,Litoral (Besòs),Monday,2023,3,March,27,Afternoon,,Not caused by the pedestrian,Motorcycle,Woman,25,Passenger,Desconegut,Unknown,Unknown,Minor injury: Hospitalization up to 24 hours,428737.42,4578084.0,2.147026335,41.349253949,2023-03-27 17:00:00
2023S001762    ,Sant Martí,el Camp de l'Arpa del Clot,Meridiana,Monday,2023,3,March,27,Afternoon,,Not caused by the pedestrian,Motorcycle,Man,56,Driver,Desconegut,Unknown,Other activities,Minor injury: Hospitalization up to 24 hours,432136.49,4585039.63,2.186874308,41.412195273,2023-03-27 17:00:00
2023S001763    ,Eixample,la Nova Esquerra de l'Eixample,Diputació,Monday,2023,3,March,27,Afternoon,,Not caused by the pedestrian,Motorcycle,Woman,31,Driver,Desconegut,Unknown,Unknown,Minor injury: Medical assistance at accident site,429362.86,4581579.84,2.15409447,41.380795045,2023-03-27 19:00:00
2023S001764    ,Eixample,la Nova Esquerra de l'Eixample,Llança,Monday,2023,3,March,27,Afternoon,,Not caused by the pedestrian,Motorcycle,Man,44,Driver,Desconegut,Unknown,Commuting,Minor injury: Hospitalization up to 24 hours,428779.58,4581367.12,2.147144514,41.378827701,2023-03-27 17:00:00
2023S001765    ,Les Corts,les Corts,Diagonal,Monday,2023,3,March,27,Night,,Not caused by the pedestrian,Motorcycle,Man,30,Driver,Desconegut,Unknown,On a mission,Minor injury: Medical assistance at accident site,427409.93,4582477.77,2.13063341,41.388708434,2023-03-27 23:00:00
2023S001766    ,Eixample,la Sagrada Família,Sant Antoni Maria Claret,Tuesday,2023,3,March,28,Night,,Not caused by the pedestrian,Furgoneta,Woman,41,Driver,Desconegut,Unknown,Commuting,Minor injury: Hospitalization up to 24 hours,431087.05,4584936.71,2.174330508,41.411178957,2023-03-28 05:00:00
2023S001767    ,Eixample,el Fort Pienc,Diputació,Tuesday,2023,3,March,28,Morning,,Not caused by the pedestrian,Motorcycle,Man,58,Driver,Desconegut,Unknown,Leisure and entertainment,Minor injury: Hospitalization up to 24 hours,431648.46,4583800.82,2.181175486,41.400996311,2023-03-28 07:00:00
2023S001768    ,Nou Barris,Vilapicina i la Torre Llobeta,Quinze,Tuesday,2023,3,March,28,Morning,,Not caused by the pedestrian,Motorcycle,Woman,32,Driver,Desconegut,Unknown,Unknown,Minor injury: Medical assistance at accident site,431199.85,4586709.33,2.175478275,41.427154015,2023-03-28 07:00:00
2023S001769    ,Sant Andreu,la Sagrera,Meridiana,Tuesday,2023,3,March,28,Morning,,Not caused by the pedestrian,Car,Woman,46,Driver,Desconegut,Unknown,Leisure and entertainment,Minor injury: Medical assistance at accident site,432061.56,4586534.41,2.185809843,41.425651952,2023-03-28 11:00:00
2023S001770    ,Eixample,Sant Antoni,Sepúlveda,Monday,2023,3,March,27,Night,,Not caused by the pedestrian,Motorcycle,Man,47,Driver,Desconegut,Unknown,On a mission,Minor injury: Medical assistance at accident site,429560.8,4581362.48,2.156486755,41.378854716,2023-03-27 23:00:00
2023S001771    ,Sant Andreu,la Trinitat Vella,Favència,Tuesday,2023,3,March,28,Morning,,Not caused by the pedestrian,Car,Woman,66,Driver,Desconegut,Unknown,Unknown,Minor injury: Hospitalization up to 24 hours,432417.82,4588880.76,2.189810484,41.446814813,2023-03-28 11:00:00
2023S001772    ,Gràcia,Vallcarca i els Penitents,Vallcarca,Tuesday,2023,3,March,28,Morning,,Others,Car,Woman,40,Pedestrian,En pas regulat per semàfor,Unknown,Unknown,Minor injury: Hospitalization up to 24 hours,428379.67,4585475.09,2.141876298,41.415791103,2023-03-28 11:00:00
2023S001773    ,Eixample,la Dreta de l'Eixample,Gràcia,Tuesday,2023,3,March,28,Morning,,Not caused by the pedestrian,Bicicleta,Man,50,Driver,Desconegut,Unknown,Unknown,Minor injury: Hospitalization up to 24 hours,430187.73,4582930.63,2.163802698,41.39303322,2023-03-28 12:00:00
2023S001774    ,Sant Andreu,el Bon Pastor,Caracas,Tuesday,2023,3,March,28,Morning,,Not caused by the pedestrian,Motorcycle,Man,40,Driver,Desconegut,Unknown,Unknown,Minor injury: Hospitalization up to 24 hours,433515.07,4588286.99,2.203010449,41.441558597,2023-03-28 13:00:00
2023S001775    ,Eixample,la Dreta de l'Eixample,Roger de Llúria,Tuesday,2023,3,March,28,Morning,,Crossing outside the pedestrian crossing,Motorcycle,Man,86,Pedestrian,Fora del pas,Unknown,Unknown,Minor injury: Hospitalization up to 24 hours,430174.8,4583366.79,2.16359773,41.396960447,2023-03-28 11:00:00
2023S001776    ,Eixample,la Sagrada Família,Dos de Maig,Tuesday,2023,3,March,28,Morning,,Not caused by the pedestrian,Bus,Woman,79,Passenger,Desconegut,Unknown,Unknown,Minor injury: Hospitalization up to 24 hours,431221.46,4584975.31,2.175934177,41.411538135,2023-03-28 13:00:00
2023S001777    ,Nou Barris,el Turó de la Peira,Fabra i Puig,Tuesday,2023,3,March,28,Morning,,Not caused by the pedestrian,Motorcycle,Man,53,Driver,Desconegut,Unknown,Unknown,Minor injury: Hospitalization up to 24 hours,431044.49,4587077.41,2.17357711,41.430455851,2023-03-28 13:00:00
2023S001779    ,Eixample,l'Antiga Esquerra de l'Eixample,Comte d'Urgell,Tuesday,2023,3,March,28,Morning,,Not caused by the pedestrian,Motorcycle,Man,57,Driver,Desconegut,Unknown,Leisure and entertainment,Minor injury: Hospitalization up to 24 hours,429260.74,4582212.74,2.152799369,41.386486386,2023-03-28 13:00:00
2023S001782    ,Sant Martí,el Clot,Lope de Vega,Tuesday,2023,3,March,28,Afternoon,,Not caused by the pedestrian,Motorcycle,Man,58,Driver,Desconegut,Unknown,Unknown,Minor injury: Refused medical assistance,432654.08,4585068.34,2.193063593,41.412497419,2023-03-28 18:00:00
2023S001784    ,Sarrià-Sant Gervasi,Sant Gervasi - la Bonanova,Isaac Newton,Tuesday,2023,3,March,28,Afternoon,,Not caused by the pedestrian,Furgoneta,Man,26,Driver,Desconegut,Unknown,Transport professional de mercaderies,Minor injury: Hospitalization up to 24 hours,427350.84,4585168.98,2.12960359,41.412941704,2023-03-28 16:00:00
2023S001785    ,Horta-Guinardó,Horta,Dalt (Besòs),Tuesday,2023,3,March,28,Afternoon,,Not caused by the pedestrian,Motorcycle,Man,25,Driver,Desconegut,Unknown,Unknown,Minor injury: Hospitalization up to 24 hours,429880.2,4588120.61,2.159522554,41.43975068,2023-03-28 14:00:00
2023S001786    ,Eixample,la Dreta de l'Eixample,Roger de Llúria,Tuesday,2023,3,March,28,Afternoon,,Crossing outside the pedestrian crossing,Veh. mobilitat personal amb motor,Woman,20,Driver,Fora del pas,Unknown,Other activities,Minor injury: Hospitalization up to 24 hours,430074.7,4583500.57,2.162384957,41.398156655,2023-03-28 19:00:00
2023S001787    ,Eixample,la Dreta de l'Eixample,Universitat,Tuesday,2023,3,March,28,Afternoon,,Not caused by the pedestrian,Motorcycle,Man,27,Driver,Desconegut,Unknown,Commuting,Minor injury: Medical assistance at accident site,430317.75,4582155.6,2.165447007,41.386064051,2023-03-28 21:00:00
2023S001788    ,Sarrià-Sant Gervasi,el Putxet i el Farró,República Argentina,Tuesday,2023,3,March,28,Afternoon,,Crossing outside the pedestrian crossing,Bus,Woman,45,Passenger,Desconegut,Unknown,Unknown,Minor injury: Refused medical assistance,428886.17,4584556.98,2.14804433,41.407567051,2023-03-28 18:00:00
2023S001789    ,Eixample,la Sagrada Família,València,Wednesday,2023,3,March,29,Night,,Not caused by the pedestrian,Motorcycle,Man,50,Driver,Desconegut,Unknown,Commuting,Minor injury: Hospitalization up to 24 hours,431371.11,4584089.39,2.177825098,41.403571733,2023-03-29 03:00:00
2023S001790    ,Sarrià-Sant Gervasi,el Putxet i el Farró,República Argentina,Wednesday,2023,3,March,29,Morning,,Crossing outside the pedestrian crossing,Motorcycle,Man,25,Driver,Fora del pas,Unknown,Other activities,Minor injury: Hospitalization up to 24 hours,428111.39,4585196.93,2.138699515,41.413261864,2023-03-29 09:00:00