Case_Number,District_Name,Neighborhood_Name,Street_Name,Day_of_Week,Year,Month_Code,Month_Name,Day_of_Month,Shift_Description,Hour_of_Day,Pedestrian_Cause_Description,Involved_Vehicle_Type,Gender_Description,Age,Person_Type_Description,Pedestrian_Accident_Location_Description,Pedestrian_Movement_Reason_Description,Driver_Movement_Reason_Description,Victimization_Description,UTM_X_Coordinate,UTM_Y_Coordinate,Longitude,Latitude,datetime
2023S001791    ,Sants-Montjuïc,Sants - Badal,Blanca,Tuesday,2023,3,March,28,Morning,,Not caused by the pedestrian,Car,Woman,49,Passenger,Desconegut,Unknown,Unknown,Minor injury: Hospitalization up to 24 hours,426949.99,4580746.51,2.125341534,41.373074,2023-03-28 12:00:00
2023S001792    ,Sarrià-Sant Gervasi,Sant Gervasi - Galvany,Diagonal,Wednesday,2023,3,March,29,Morning,,Not caused by the pedestrian,Motorcycle,Woman,29,Driver,Desconegut,Unknown,Unknown,Minor injury: Medical assistance at accident site,429430.09,4583191.25,2.154710596,41.395314373,2023-03-29 10:00:00
2023S001793    ,Les Corts,les Corts,Corts,Thursday,2023,2,February,23,Afternoon,,Not caused by the pedestrian,Motorcycle,Woman,25,Driver,Desconegut,Unknown,On a mission,Serious injury: Hospitalization over 24 hours,427970.13,4582393.03,2.137343254,41.3879956,2023-02-23 19:00:00
2023S001794    ,Eixample,la Dreta de l'Eixample,Pau Claris,Wednesday,2023,3,March,29,Morning,,Not caused by the pedestrian,Motorcycle,Woman,27,Driver,Desconegut,Unknown,Unknown,Minor injury: Hospitalization up to 24 hours,430865.87,4582500.65,2.171962691,41.389219133,2023-03-29 09:00:00
2023S001795    ,Sants-Montjuïc,la Marina del Prat Vermell,Major de Mercabarna,Wednesday,2023,3,March,29,Morning,,Not caused by the pedestrian,Altres vehicles amb motor,Man,54,Pedestrian,En pas sense regular,Unknown,Unknown,Minor injury: Hospitalization up to 24 hours,426097.79,4576076.61,2.115721029,41.330936114,2023-03-29 11:00:00
2023S001796    ,Sarrià-Sant Gervasi,Sant Gervasi - Galvany,Prats de Molló,Wednesday,2023,3,March,29,Morning,,Not caused by the pedestrian,Car,Man,55,Driver,Desconegut,Unknown,Other activities,Minor injury: Hospitalization up to 24 hours,427987.74,4583875.1,2.137377524,41.401345606,2023-03-29 11:00:00
2023S001797    ,Sarrià-Sant Gervasi,Sant Gervasi - la Bonanova,Folgueroles,Wednesday,2023,3,March,29,Morning,,Not caused by the pedestrian,Car,Woman,78,Pedestrian,En pas regulat per semàfor,Leisure and entertainment,Unknown,Minor injury: Hospitalization up to 24 hours,428027.99,4584509.27,2.137783544,41.407060926,2023-03-29 11:00:00
2023S001798    ,Horta-Guinardó,Sant Genís dels Agudells,Dalt (Besòs),Thursday,2023,3,March,30,Morning,,Not caused by the pedestrian,Motorcycle,Man,22,Driver,Desconegut,Unknown,Unknown,Minor injury: Medical assistance at accident site,428389.44,4586359.41,2.141888429,41.423756676,2023-03-30 08:00:00
2023S001799    ,Nou Barris,la Trinitat Nova,Sa Tuna,Wednesday,2023,3,March,29,Morning,,Not caused by the pedestrian,Motorcycle,Man,57,Driver,Desconegut,Unknown,Unknown,Minor injury: Hospitalization up to 24 hours,432267.62,4589429.39,2.187950959,41.451743461,2023-03-29 13:00:00
2023S001800    ,Eixample,la Dreta de l'Eixample,Provença,Wednesday,2023,3,March,29,Morning,,Disobeying the traffic light signal,Bicicleta,Man,62,Pedestrian,Fora del pas,Unknown,Unknown,Minor injury: Hospitalization up to 24 hours,430121.86,4583246.63,2.162978379,41.395873604,2023-03-29 12:00:00
2023S001801    ,Ciutat Vella,la Barceloneta,Litoral (Llobregat),Wednesday,2023,3,March,29,Afternoon,,Not caused by the pedestrian,Motorcycle,Woman,34,Driver,Desconegut,Unknown,Unknown,Minor injury: Hospitalization up to 24 hours,432487.96,4581946.87,2.191424374,41.384369239,2023-03-29 14:00:00
2023S001802    ,Sants-Montjuïc,Sants - Badal,Sants,Wednesday,2023,3,March,29,Afternoon,,Not caused by the pedestrian,Motorcycle,Man,39,Driver,Desconegut,Unknown,Leisure and entertainment,Minor injury: Hospitalization up to 24 hours,427090.12,4581013.41,2.126984908,41.37549058,2023-03-29 15:00:00
2023S001803    ,Eixample,la Sagrada Família,Aragó,Wednesday,2023,3,March,29,Morning,,Not caused by the pedestrian,Motorcycle,Woman,34,Driver,Desconegut,Unknown,Unknown,Minor injury: Hospitalization up to 24 hours,431379.76,4583943.12,2.177945163,41.402255063,2023-03-29 12:00:00
2023S001804    ,Sarrià-Sant Gervasi,Sant Gervasi - Galvany,General Mitre,Wednesday,2023,3,March,29,Afternoon,,Not caused by the pedestrian,Motorcycle,Man,22,Driver,Desconegut,Unknown,Unknown,Minor injury: Hospitalization up to 24 hours,427908.03,4583855.67,2.136426356,41.401163461,2023-03-29 15:00:00
2023S001805    ,Les Corts,les Corts,Diagonal,Wednesday,2023,3,March,29,Afternoon,,Not caused by the pedestrian,Motorcycle,Man,23,Driver,Desconegut,Unknown,Unknown,Minor injury: Medical assistance at accident site,427575.97,4582577.49,2.13260725,41.389621548,2023-03-29 16:00:00
2023S001807    ,Nou Barris,Canyelles,Dalt (Besòs),Wednesday,2023,3,March,29,Afternoon,,Not caused by the pedestrian,Motorcycle,Woman,54,Driver,Desconegut,Unknown,Unknown,Minor injury: Hospitalization up to 24 hours,430808.39,4588463.43,2.170592827,41.442918895,2023-03-29 19:00:00
2023S001808    ,Horta-Guinardó,el Baix Guinardó,Taxdirt,Wednesday,2023,3,March,29,Afternoon,,Disobeying the traffic light signal,Motorcycle,Man,33,Pedestrian,Desconegut,Leisure and entertainment,Unknown,Minor injury: Hospitalization up to 24 hours,430596.75,4584883.22,2.168470787,41.410654979,2023-03-29 15:00:00
2023S001809    ,Horta-Guinardó,Horta,Dalt (Besòs),Wednesday,2023,3,March,29,Afternoon,,Not caused by the pedestrian,Car,Woman,54,Driver,Desconegut,Unknown,Unknown,Minor injury: Hospitalization up to 24 hours,429689.7,4588056.11,2.157249965,41.439153087,2023-03-29 18:00:00
2023S001810    ,Ciutat Vella,el Raval,Montalegre,Wednesday,2023,3,March,29,Afternoon,,Not caused by the pedestrian,Veh. mobilitat personal amb motor,Man,67,Pedestrian,A la vorera / Andana,Unknown,Unknown,Minor injury: Hospitalization up to 24 hours,430428.62,4581912.36,2.16680087,41.383882864,2023-03-29 16:00:00
2023S001811    ,Gràcia,la Salut,Sanllehy,Wednesday,2023,3,March,29,Afternoon,,Not caused by the pedestrian,Bus,Woman,57,Passenger,Desconegut,Unknown,Unknown,Minor injury: Refused medical assistance,429952.7,4585213.43,2.160727316,41.413573158,2023-03-29 19:00:00
2023S001812    ,Sant Martí,Provençals del Poblenou,C-31,Wednesday,2023,3,March,29,Night,,Not caused by the pedestrian,Veh. mobilitat personal amb motor,Man,36,Pedestrian,A la vorera / Andana,Unknown,Unknown,Minor injury: Hospitalization up to 24 hours,433942.83,4585841.27,2.20839795,41.419566019,2023-03-29 23:00:00
2023S001813    ,Sants-Montjuïc,la Marina del Prat Vermell,Número 3 Zona Franca,Thursday,2023,3,March,30,Morning,,Not caused by the pedestrian,Motorcycle,Man,47,Driver,Desconegut,Unknown,Commuting,Minor injury: Medical assistance at accident site,427265.97,4576644.81,2.129611526,41.336160036,2023-03-30 06:00:00
2023S001814    ,Les Corts,la Maternitat i Sant Ramon,Pius XII,Thursday,2023,3,March,30,Morning,,Not caused by the pedestrian,Motorcycle,Man,56,Driver,Desconegut,Unknown,Unknown,Minor injury: Hospitalization up to 24 hours,426803.22,4582287.89,2.123400382,41.386943252,2023-03-30 06:00:00
2023S001815    ,Sants-Montjuïc,el Poble-sec,Litoral (Llobregat),Thursday,2023,3,March,30,Morning,,Not caused by the pedestrian,Motorcycle,Man,40,Driver,Desconegut,Unknown,Commuting,Minor injury: Medical assistance at accident site,430515.24,4579432.98,2.168121075,41.361559281,2023-03-30 08:00:00
2023S001816    ,Sant Martí,la Verneda i la Pau,Trajana,Thursday,2023,3,March,30,Morning,,Not caused by the pedestrian,Bus,Woman,53,Passenger,Desconegut,Unknown,Unknown,Minor injury: Hospitalization up to 24 hours,433501.25,4586845.07,2.203003786,41.428570514,2023-03-30 06:00:00
2023S001817    ,Eixample,la Nova Esquerra de l'Eixample,Viladomat,Thursday,2023,3,March,30,Morning,,Not caused by the pedestrian,Motorcycle,Man,39,Driver,Desconegut,Unknown,Commuting,Minor injury: Hospitalization up to 24 hours,429303.99,4581772.08,2.153368051,41.382521313,2023-03-30 09:00:00
2023S001818    ,Sarrià-Sant Gervasi,Sant Gervasi - la Bonanova,General Mitre,Thursday,2023,3,March,30,Morning,,Not caused by the pedestrian,Motorcycle,Woman,29,Driver,Desconegut,Unknown,Unknown,Minor injury: Hospitalization up to 24 hours,427891.79,4583865.87,2.136230879,41.401253871,2023-03-30 08:00:00
2023S001819    ,Gràcia,el Camp d'en Grassot i Gràcia Nova,Sant Antoni Maria Claret,Thursday,2023,3,March,30,Morning,,Not caused by the pedestrian,Motorcycle,Woman,14,Passenger,Desconegut,Unknown,Unknown,Minor injury: Medical assistance at accident site,430369.52,4584234.59,2.165826945,41.404793327,2023-03-30 07:00:00
2023S001820    ,Eixample,la Dreta de l'Eixample,Diagonal,Thursday,2023,3,March,30,Morning,,Not caused by the pedestrian,Motorcycle,Man,50,Driver,Desconegut,Unknown,Unknown,Minor injury: Medical assistance at accident site,430134.59,4583421.81,2.163110418,41.397452499,2023-03-30 11:00:00
2023S001821    ,Nou Barris,el Turó de la Peira,Doctor Pi i Molist,Thursday,2023,3,March,30,Morning,,Not caused by the pedestrian,Motorcycle,Woman,25,Driver,Desconegut,Unknown,Unknown,Minor injury: Hospitalization up to 24 hours,430992.73,4587449.92,2.172915126,41.433806465,2023-03-30 09:00:00
2023S001822    ,Sant Martí,el Camp de l'Arpa del Clot,Maragall,Thursday,2023,3,March,30,Morning,,Not caused by the pedestrian,Motorcycle,Woman,24,Passenger,Desconegut,Unknown,Unknown,Minor injury: Hospitalization up to 24 hours,431607.86,4585359.6,2.180513566,41.415032305,2023-03-30 11:00:00
2023S001823    ,Horta-Guinardó,Sant Genís dels Agudells,Jordà,Thursday,2023,3,March,30,Morning,,Not caused by the pedestrian,Motorcycle,Woman,59,Driver,Desconegut,Unknown,Unknown,Minor injury: Hospitalization up to 24 hours,428296.56,4586532.34,2.140756506,41.425305894,2023-03-30 12:00:00
2023S001824    ,Les Corts,Pedralbes,Dalt (Llobregat),Thursday,2023,3,March,30,Morning,,Not caused by the pedestrian,Car,Man,28,Driver,Desconegut,Unknown,Unknown,Minor injury: Refused medical assistance,425389.21,4582352.54,2.106482002,41.38739555,2023-03-30 13:00:00
2023S001825    ,Sant Andreu,Baró de Viver,B-10 (Llobregat),Thursday,2023,3,March,30,Morning,,Not caused by the pedestrian,Motorcycle,Man,27,Driver,Desconegut,Unknown,Unknown,Minor injury: Hospitalization up to 24 hours,433072.09,4589234.17,2.197603194,41.450052707,2023-03-30 13:00:00
2023S001826    ,Horta-Guinardó,Horta,Botticelli,Thursday,2023,3,March,30,Morning,,Not caused by the pedestrian,Motorcycle,Woman,31,Driver,Desconegut,Unknown,Unknown,Minor injury: Hospitalization up to 24 hours,429350.45,4587439.72,2.153261616,41.433571724,2023-03-30 13:00:00
2023S001827    ,Sant Andreu,Sant Andreu,Fabra i Puig,Thursday,2023,3,March,30,Afternoon,,Not caused by the pedestrian,Car,Man,42,Driver,Desconegut,Unknown,Unknown,Minor injury: Medical assistance at accident site,431870.03,4587039.84,2.183460905,41.430187961,2023-03-30 14:00:00
2023S001828    ,Nou Barris,el Turó de la Peira,Sant Iscle,Thursday,2023,3,March,30,Afternoon,,Not caused by the pedestrian,Ciclomotor,Woman,35,Driver,Desconegut,Unknown,Unknown,Minor injury: Hospitalization up to 24 hours,430715.02,4587570.96,2.169577617,41.434872703,2023-03-30 17:00:00
2023S001829    ,Sant Martí,el Parc i la Llacuna del Poblenou,Diagonal,Thursday,2023,3,March,30,Afternoon,,Not caused by the pedestrian,Veh. mobilitat personal amb motor,Man,48,Pedestrian,A la vorera / Andana,Unknown,Unknown,Minor injury: Medical assistance at accident site,432509.96,4584146.81,2.191442156,41.404185365,2023-03-30 16:00:00
2023S001830    ,Sant Martí,el Clot,València,Thursday,2023,3,March,30,Afternoon,,Not caused by the pedestrian,Motorcycle,Man,51,Driver,Desconegut,Unknown,On a mission,Minor injury: Hospitalization up to 24 hours,432411.1,4585107.29,2.190152196,41.412827821,2023-03-30 15:00:00
2023S001831    ,Eixample,la Dreta de l'Eixample,Corts Catalanes,Thursday,2023,3,March,30,Afternoon,,Not caused by the pedestrian,Bus,Woman,75,Passenger,Desconegut,Unknown,Unknown,Minor injury: Hospitalization up to 24 hours,431015.19,4583010.59,2.173690414,41.393824837,2023-03-30 18:00:00
2023S001832    ,Sant Andreu,la Trinitat Vella,Dalt (Besòs),Thursday,2023,3,March,30,Afternoon,,Not caused by the pedestrian,Motorcycle,Man,30,Driver,Desconegut,Unknown,Commuting,Minor injury: Hospitalization up to 24 hours,432874.92,4588954.69,2.195273947,41.447519052,2023-03-30 17:00:00
2023S001833    ,Ciutat Vella,el Barri Gòtic,Ample,Thursday,2023,3,March,30,Afternoon,,Not caused by the pedestrian,Bicicleta,Man,48,Driver,Desconegut,Unknown,Unknown,Minor injury: Hospitalization up to 24 hours,431582.16,4581606.15,2.180630457,41.381223898,2023-03-30 17:00:00
2023S001834    ,Eixample,la Sagrada Família,Padilla,Thursday,2023,3,March,30,Afternoon,,Not caused by the pedestrian,Motorcycle,Woman,37,Passenger,Desconegut,Unknown,Unknown,Minor injury: Medical assistance at accident site,431087.38,4584563.89,2.174376938,41.407821118,2023-03-30 17:00:00
2023S001835    ,Eixample,la Dreta de l'Eixample,Corts Catalanes,Thursday,2023,3,March,30,Afternoon,,Disobeying the traffic light signal,Taxi,Man,54,Pedestrian,En pas regulat per semàfor,Unknown,Unknown,Minor injury: Hospitalization up to 24 hours,430311.08,4582286.33,2.165352193,41.387240918,2023-03-30 18:00:00
2023S001836    ,Eixample,Sant Antoni,Sant Pau,Thursday,2023,3,March,30,Afternoon,,Not caused by the pedestrian,Motorcycle,Woman,25,Passenger,Desconegut,Unknown,Unknown,Minor injury: Medical assistance at accident site,430412.82,4581010.62,2.166715521,41.375759793,2023-03-30 21:00:00
2023S001837    ,Eixample,el Fort Pienc,Sant Joan,Thursday,2023,3,March,30,Night,,Not caused by the pedestrian,Autobús articulat,Woman,32,Passenger,Desconegut,Unknown,Unknown,Minor injury: Medical assistance at accident site,431530.8,4582759.73,2.179885827,41.391609502,2023-03-30 23:00:00
2023S001838    ,Eixample,la Sagrada Família,Mallorca,Friday,2023,3,March,31,Night,,Not caused by the pedestrian,Car,Woman,59,Driver,Desconegut,Unknown,Commuting,Minor injury: Hospitalization up to 24 hours,431277.27,4584186.43,2.176691518,41.404437721,2023-03-31 05:00:00
2023S001839    ,Gràcia,Vallcarca i els Penitents,Farigola,Friday,2023,3,March,31,Morning,,Not caused by the pedestrian,Bicicleta,Woman,36,Driver,Desconegut,Unknown,Unknown,Minor injury: Medical assistance at accident site,428790.8,4585228.64,2.146824324,41.413607982,2023-03-31 08:00:00
2023S001840    ,Sant Martí,Provençals del Poblenou,C-31,Friday,2023,3,March,31,Morning,,Not caused by the pedestrian,Motorcycle,Woman,29,Driver,Desconegut,Unknown,Unknown,Minor injury: Medical assistance at accident site,433372.35,4585277.86,2.201633992,41.41444441,2023-03-31 10:00:00
2023S001841    ,Sant Andreu,Sant Andreu,Teresa Boronat i Fabra,Friday,2023,3,March,31,Morning,,Not caused by the pedestrian,Car,Woman,7,Pedestrian,En pas regulat per semàfor,On a mission,Unknown,Minor injury: Hospitalization up to 24 hours,432483.54,4588714.69,2.190615754,41.445324612,2023-03-31 08:00:00
2023S001842    ,Ciutat Vella,el Barri Gòtic,Colom,Friday,2023,3,March,31,Morning,,Not caused by the pedestrian,Motorcycle,Man,57,Driver,Desconegut,Unknown,Unknown,Minor injury: Hospitalization up to 24 hours,431645.93,4581570.38,2.181397078,41.380907151,2023-03-31 10:00:00
2023S001843    ,Les Corts,les Corts,Madrid,Friday,2023,3,March,31,Morning,,Not caused by the pedestrian,Motorcycle,Man,55,Driver,Desconegut,Unknown,Commuting,Minor injury: Hospitalization up to 24 hours,427343.61,4581494.04,2.129958279,41.379842371,2023-03-31 13:00:00
2023S001844    ,Gràcia,Vallcarca i els Penitents,Dalt (Besòs),Friday,2023,3,March,31,Morning,,Not caused by the pedestrian,Motorcycle,Man,60,Driver,Desconegut,Unknown,On a mission,Minor injury: Hospitalization up to 24 hours,428175.88,4585794.94,2.139400038,41.41865366,2023-03-31 13:00:00
2023S001845    ,Unknown,Unknown,Unknown,Friday,2023,3,March,31,Morning,,Not caused by the pedestrian,Motorcycle,Woman,28,Driver,Desconegut,Unknown,Leisure and entertainment,Minor injury: Hospitalization up to 24 hours,426451.5,4581657.08,2.119270698,41.381229711,2023-03-31 13:00:00
2023S001846    ,Sants-Montjuïc,la Marina del Prat Vermell,Litoral (Besòs),Friday,2023,3,March,31,Afternoon,,Not caused by the pedestrian,Motorcycle,Man,43,Driver,Desconegut,Unknown,Leisure and entertainment,Minor injury: Hospitalization up to 24 hours,429644.79,4578490.83,2.157824421,41.352997967,2023-03-31 14:00:00
2023S001847    ,Gràcia,el Camp d'en Grassot i Gràcia Nova,Encarnació,Friday,2023,3,March,31,Morning,,Not caused by the pedestrian,Motorcycle,Man,41,Driver,Desconegut,Unknown,On a mission,Minor injury: Hospitalization up to 24 hours,430246.54,4584707.28,2.16430127,41.409040015,2023-03-31 12:00:00
2023S001848    ,Sant Martí,el Parc i la Llacuna del Poblenou,Tànger,Friday,2023,3,March,31,Afternoon,,Crossing outside the pedestrian crossing,Motorcycle,Man,58,Pedestrian,Fora del pas,Unknown,Unknown,Minor injury: Hospitalization up to 24 hours,432377.89,4583707.32,2.189911379,41.400215898,2023-03-31 14:00:00
2023S001849    ,Sarrià-Sant Gervasi,les Tres Torres,General Mitre,Friday,2023,3,March,31,Afternoon,,Not caused by the pedestrian,Motorcycle,Man,29,Passenger,Desconegut,Unknown,Unknown,Minor injury: Hospitalization up to 24 hours,427681.98,4583578.13,2.133755545,41.398643459,2023-03-31 16:00:00
2023S001850    ,Eixample,la Nova Esquerra de l'Eixample,Josep Tarradellas,Friday,2023,3,March,31,Afternoon,,Not caused by the pedestrian,Veh. mobilitat personal amb motor,Woman,38,Driver,Desconegut,Unknown,Unknown,Minor injury: Hospitalization up to 24 hours,428499.73,4582666.13,2.143644741,41.390502587,2023-03-31 17:00:00
2023S001852    ,Ciutat Vella,el Barri Gòtic,Catalunya,Friday,2023,3,March,31,Afternoon,,Not caused by the pedestrian,Motorcycle,Woman,65,Driver,Desconegut,Unknown,Unknown,Minor injury: Hospitalization up to 24 hours,430782.37,4582171.27,2.171001704,41.386245321,2023-03-31 18:00:00
2023S001853    ,Eixample,l'Antiga Esquerra de l'Eixample,Comte d'Urgell,Friday,2023,3,March,31,Afternoon,,Not caused by the pedestrian,Taxi,Woman,58,Passenger,Desconegut,Unknown,Unknown,Minor injury: Hospitalization up to 24 hours,428682.37,4582826.09,2.145810261,41.391959513,2023-03-31 18:00:00
2023S001854    ,Eixample,la Sagrada Família,Aragó,Friday,2023,3,March,31,Afternoon,,Not caused by the pedestrian,Ciclomotor,Man,29,Driver,Desconegut,Unknown,Unknown,Minor injury: Hospitalization up to 24 hours,431800.46,4584294.95,2.182938003,41.405459708,2023-03-31 17:00:00
2023S001855    ,Sant Martí,Diagonal Mar i el Front Marítim del Poblenou,Diagonal,Friday,2023,3,March,31,Afternoon,,Not caused by the pedestrian,Veh. mobilitat personal amb motor,Woman,25,Driver,Desconegut,Unknown,Leisure and entertainment,Minor injury: Hospitalization up to 24 hours,434359.57,4584802.93,2.213497176,41.410248122,2023-03-31 19:00:00
2023S001856    ,Eixample,el Fort Pienc,Corts Catalanes,Friday,2023,3,March,31,Afternoon,,Not caused by the pedestrian,Motorcycle,Woman,35,Driver,Desconegut,Unknown,Unknown,Minor injury: Hospitalization up to 24 hours,431843.45,4583785.44,2.183509686,41.40087435,2023-03-31 18:00:00
2023S001857    ,Sarrià-Sant Gervasi,Sarrià,J. V. Foix,Friday,2023,3,March,31,Afternoon,,Not caused by the pedestrian,Car,Man,27,Passenger,Desconegut,Unknown,Unknown,Minor injury: Medical assistance at accident site,426447.33,4583515.33,2.11899507,41.397965798,2023-03-31 21:00:00
2023S001858    ,Nou Barris,les Roquetes,Mina de la Ciutat,Friday,2023,3,March,31,Afternoon,,Not caused by the pedestrian,Motorcycle,Man,21,Driver,Desconegut,Unknown,Unknown,Minor injury: Hospitalization up to 24 hours,431098.46,4588931.48,2.174011445,41.447159403,2023-03-31 17:00:00
2023S001859    ,Nou Barris,Canyelles,Dalt (Besòs),Friday,2023,3,March,31,Afternoon,,Not caused by the pedestrian,Motorcycle,Man,36,Driver,Desconegut,Unknown,Other activities,Minor injury: Hospitalization up to 24 hours,430785.04,4588472.05,2.170312348,41.442994518,2023-03-31 18:00:00
2023S001860    ,Eixample,la Dreta de l'Eixample,València,Friday,2023,3,March,31,Afternoon,,Not caused by the pedestrian,Bicicleta,Man,18,Driver,Desconegut,Unknown,Leisure and entertainment,Minor injury: Hospitalization up to 24 hours,430094.67,4582858.13,2.16269803,41.392372148,2023-03-31 16:00:00
2023S001862    ,Eixample,l'Antiga Esquerra de l'Eixample,Diagonal,Saturday,2023,4,April,1,Night,,Not caused by the pedestrian,Motorcycle,Man,22,Driver,Desconegut,Unknown,Other activities,Minor injury: Hospitalization up to 24 hours,429144.63,4583098.78,2.151307076,41.394456414,2023-04-01 00:00:00
2023S001863    ,Sarrià-Sant Gervasi,les Tres Torres,Mig (Descendent),Saturday,2023,4,April,1,Morning,,Not caused by the pedestrian,Motorcycle,Woman,36,Driver,Desconegut,Unknown,Unknown,Minor injury: Hospitalization up to 24 hours,427605.52,4583482.64,2.1328524,41.397776536,2023-04-01 07:00:00
2023S001864    ,Sarrià-Sant Gervasi,Sarrià,Sarrià a Vallvidrera,Saturday,2023,4,April,1,Morning,,Not caused by the pedestrian,Furgoneta,Woman,28,Driver,Desconegut,Unknown,On a mission,Minor injury: Medical assistance at accident site,425786.69,4584456.33,2.110977589,41.406380216,2023-04-01 08:00:00
2023S001865    ,Nou Barris,la Trinitat Nova,Fosca,Saturday,2023,4,April,1,Morning,,Not caused by the pedestrian,Car,Woman,75,Pedestrian,En pas sense regular,Unknown,Unknown,Minor injury: Hospitalization up to 24 hours,431898.5,4589028.91,2.183577297,41.448105232,2023-04-01 11:00:00
2023S001866    ,Sarrià-Sant Gervasi,Sant Gervasi - la Bonanova,Dalt (Llobregat),Saturday,2023,4,April,1,Morning,,Not caused by the pedestrian,Motorcycle,Man,51,Passenger,Desconegut,Unknown,Unknown,Minor injury: Hospitalization up to 24 hours,426771.17,4584613.55,2.122735672,41.407886559,2023-04-01 11:00:00
2023S001869    ,Eixample,l'Antiga Esquerra de l'Eixample,Casanova,Saturday,2023,4,April,1,Morning,,Not caused by the pedestrian,Bicicleta,Man,34,Driver,Desconegut,Unknown,Leisure and entertainment,Minor injury: Hospitalization up to 24 hours,429799.14,4582062.17,2.159255686,41.385177442,2023-04-01 13:00:00
2023S001870    ,Sant Andreu,Navas,Felip II,Saturday,2023,4,April,1,Morning,,Not caused by the pedestrian,Bicicleta,Man,31,Driver,Desconegut,Unknown,Unknown,Minor injury: Medical assistance at accident site,432046.36,4586051.66,2.185682233,41.421302692,2023-04-01 13:00:00
2023S001871    ,Eixample,el Fort Pienc,Corts Catalanes,Saturday,2023,4,April,1,Afternoon,,Not caused by the pedestrian,Car,Man,48,Driver,Desconegut,Unknown,Unknown,Minor injury: Hospitalization up to 24 hours,431743.43,4583649.58,2.182328577,41.399642209,2023-04-01 14:00:00
2023S001872    ,Sants-Montjuïc,Sants,Galileu,Saturday,2023,4,April,1,Afternoon,,Crossing outside the pedestrian crossing,Motorcycle,Woman,57,Pedestrian,Fora del pas,Commuting,Unknown,Serious injury: Hospitalization over 24 hours,427827.31,4581129.52,2.135785776,41.376602829,2023-04-01 18:00:00
2023S001873    ,Horta-Guinardó,el Baix Guinardó,Sardenya,Saturday,2023,4,April,1,Afternoon,,Not caused by the pedestrian,Bicicleta,Man,36,Driver,Desconegut,Unknown,Unknown,Minor injury: Hospitalization up to 24 hours,430319.49,4584766.44,2.165167184,41.40957918,2023-04-01 18:00:00
2023S001874    ,Sant Andreu,el Bon Pastor,Ferran Junoy,Saturday,2023,4,April,1,Afternoon,,Not caused by the pedestrian,Motorcycle,Man,46,Driver,Desconegut,Unknown,Leisure and entertainment,Minor injury: Hospitalization up to 24 hours,432996.94,4588404.96,2.196795611,41.442578016,2023-04-01 18:00:00
2023S001875    ,Eixample,la Dreta de l'Eixample,Diagonal,Saturday,2023,4,April,1,Afternoon,,Not caused by the pedestrian,Motorcycle,Man,39,Driver,Desconegut,Unknown,Unknown,Minor injury: Medical assistance at accident site,430924.97,4583640.29,2.17253945,41.399488602,2023-04-01 21:00:00
2023S001876    ,Nou Barris,Vilapicina i la Torre Llobeta,Fabra i Puig,Saturday,2023,4,April,1,Afternoon,,Not caused by the pedestrian,Motorcycle,Man,52,Driver,Desconegut,Unknown,Leisure and entertainment,Minor injury: Medical assistance at accident site,431870.03,4587039.84,2.183460905,41.430187961,2023-04-01 19:00:00
2023S001877    ,Gràcia,Vallcarca i els Penitents,Vallcarca,Saturday,2023,4,April,1,Night,,Not caused by the pedestrian,Car,Woman,21,Passenger,Desconegut,Unknown,Unknown,Minor injury: Medical assistance at accident site,428771.36,4584915.84,2.146628584,41.410788993,2023-04-01 23:00:00
2023S001878    ,Eixample,la Sagrada Família,València,Sunday,2023,4,April,2,Night,,Not caused by the pedestrian,Motorcycle,Man,43,Driver,Desconegut,Unknown,On a mission,Minor injury: Hospitalization up to 24 hours,431169.93,4583892.6,2.175440883,41.401782098,2023-04-02 00:00:00
2023S001879    ,Horta-Guinardó,el Baix Guinardó,Mare de Déu de Montserrat,Sunday,2023,4,April,2,Night,,Not caused by the pedestrian,Motorcycle,Man,30,Driver,Desconegut,Unknown,Leisure and entertainment,Minor injury: Hospitalization up to 24 hours,430663.84,4585414.0,2.16921257,41.415441326,2023-04-02 03:00:00
2023S001883    ,Horta-Guinardó,el Carmel,Dante Alighieri,Sunday,2023,4,April,2,Morning,,Not caused by the pedestrian,Veh. mobilitat personal amb motor,Woman,41,Pedestrian,A la vorera / Andana,Unknown,Unknown,Minor injury: Medical assistance at accident site,429337.52,4586510.71,2.153215525,41.42520337,2023-04-02 09:00:00
2023S001884    ,Eixample,el Fort Pienc,Sardenya,Sunday,2023,4,April,2,Night,,Not caused by the pedestrian,Ciclomotor,Man,54,Driver,Desconegut,Unknown,On a mission,Minor injury: Hospitalization up to 24 hours,431553.84,4583500.42,2.180077624,41.398282643,2023-04-02 02:00:00
2023S001886    ,Sant Martí,el Clot,Consell de Cent,Friday,2023,4,April,21,Afternoon,,Not caused by the pedestrian,Veh. mobilitat personal amb motor,Woman,29,Driver,Desconegut,Unknown,Leisure and entertainment,Minor injury: Hospitalization up to 24 hours,432028.36,4584359.69,2.185657054,41.406062115,2023-04-21 17:00:00
2023S001888    ,Unknown,Unknown,Unknown,Sunday,2023,4,April,2,Night,,Not caused by the pedestrian,Motorcycle,Man,42,Pedestrian,Fora del pas,Leisure and entertainment,Unknown,Minor injury: Hospitalization up to 24 hours,428306.42,4579508.49,2.141706451,41.362045612,2023-04-02 22:00:00