Case_Number,District_Name,Neighborhood_Name,Street_Name,Day_of_Week,Year,Month_Code,Month_Name,Day_of_Month,Shift_Description,Hour_of_Day,Pedestrian_Cause_Description,Involved_Vehicle_Type,Gender_Description,Age,Person_Type_Description,Pedestrian_Accident_Location_Description,Pedestrian_Movement_Reason_Description,Driver_Movement_Reason_Description,Victimization_Description,UTM_X_Coordinate,UTM_Y_Coordinate,Longitude,Latitude,datetime
2023S002190    ,Eixample,la Dreta de l'Eixample,Diagonal,Monday,2023,4,April,17,Morning,,Not caused by the pedestrian,Taxi,Woman,24,Pedestrian,En pas regulat per semàfor,Unknown,Unknown,Minor injury: Hospitalization up to 24 hours,430420.21,4583514.23,2.166516174,41.398309675,2023-04-17 09:00:00
2023S002191    ,Eixample,el Fort Pienc,Meridiana,Monday,2023,4,April,17,Morning,,Not caused by the pedestrian,Motorcycle,Man,47,Driver,Desconegut,Unknown,"Bombers, policia, ambulància",Minor injury: Hospitalization up to 24 hours,432126.11,4583507.0,2.186922092,41.398390445,2023-04-17 12:00:00
2023S002192    ,Horta-Guinardó,el Carmel,Llobregós,Monday,2023,4,April,17,Morning,,Not caused by the pedestrian,"Camió rígid > 3,5 tones",Woman,69,Pedestrian,En zona peatonal,Unknown,Unknown,Minor injury: Hospitalization up to 24 hours,429622.53,4586424.32,2.156636114,41.424450322,2023-04-17 12:00:00
2023S002193    ,Gràcia,la Vila de Gràcia,Terol,Monday,2023,4,April,17,Morning,,Crossing outside the pedestrian crossing,Car,Woman,9,Pedestrian,Fora del pas,Unknown,Unknown,Minor injury: Medical assistance at accident site,429714.0,4584042.71,2.158007504,41.403008056,2023-04-17 13:00:00
2023S002194    ,Les Corts,la Maternitat i Sant Ramon,Mig (Descendent),Monday,2023,4,April,17,Morning,,Not caused by the pedestrian,Motorcycle,Man,36,Driver,Desconegut,Unknown,Unknown,Minor injury: Hospitalization up to 24 hours,427133.55,4582038.85,2.127380845,41.384730254,2023-04-17 11:00:00
2023S002195    ,Eixample,l'Antiga Esquerra de l'Eixample,Corts Catalanes,Monday,2023,4,April,17,Morning,,Not caused by the pedestrian,Car,Woman,54,Driver,Desconegut,Unknown,Leisure and entertainment,Minor injury: Medical assistance at accident site,429887.62,4581907.03,2.160331783,41.383787866,2023-04-17 12:00:00
2023S002196    ,Sants-Montjuïc,la Marina de Port,Zona Franca,Monday,2023,4,April,17,Morning,,Not caused by the pedestrian,Bicicleta,Man,62,Driver,Desconegut,Unknown,Unknown,Minor injury: Medical assistance at accident site,428057.24,4579344.4,2.138747045,41.360545468,2023-04-17 12:00:00
2023S002198    ,Eixample,la Dreta de l'Eixample,Gràcia,Monday,2023,4,April,17,Morning,,Not caused by the pedestrian,Motorcycle,Woman,64,Passenger,Desconegut,Unknown,Unknown,Minor injury: Hospitalization up to 24 hours,430277.16,4582833.02,2.164883567,41.39216184,2023-04-17 13:00:00
2023S002200    ,Eixample,la Sagrada Família,Marina,Monday,2023,4,April,17,Afternoon,,Not caused by the pedestrian,Bicicleta,Woman,39,Pedestrian,En pas regulat per semàfor,Unknown,Unknown,Minor injury: Hospitalization up to 24 hours,431063.67,4584205.52,2.174134132,41.40459136,2023-04-17 15:00:00
2023S002201    ,Sarrià-Sant Gervasi,Sant Gervasi - la Bonanova,Carles Riba,Monday,2023,4,April,17,Afternoon,,Not caused by the pedestrian,Car,Woman,41,Driver,Desconegut,Unknown,Unknown,Minor injury: Medical assistance at accident site,426982.29,4585115.43,2.125200722,41.412425985,2023-04-17 16:00:00
2023S002202    ,Eixample,la Dreta de l'Eixample,Diagonal,Monday,2023,4,April,17,Afternoon,,Crossing outside the pedestrian crossing,Motorcycle,Man,55,Driver,Desconegut,Unknown,Leisure and entertainment,Minor injury: Medical assistance at accident site,430134.59,4583421.81,2.163110418,41.397452499,2023-04-17 16:00:00
2023S002203    ,Sant Andreu,el Bon Pastor,Caracas,Monday,2023,4,April,17,Afternoon,,Not caused by the pedestrian,Motorcycle,Woman,41,Driver,Desconegut,Unknown,Leisure and entertainment,Minor injury: Hospitalization up to 24 hours,433468.24,4588563.12,2.202419489,41.444041731,2023-04-17 16:00:00
2023S002204    ,Horta-Guinardó,el Guinardó,Gènova,Monday,2023,4,April,17,Afternoon,,Crossing outside the pedestrian crossing,Motorcycle,Man,18,Pedestrian,Fora del pas,Unknown,Unknown,Minor injury: Refused medical assistance,430753.26,4585631.22,2.170257564,41.417405466,2023-04-17 17:00:00
2023S002207    ,Sant Andreu,el Congrés i els Indians,Felip II,Monday,2023,4,April,17,Afternoon,,Not caused by the pedestrian,Bicicleta,Woman,46,Driver,Desconegut,Unknown,Unknown,Minor injury: Hospitalization up to 24 hours,431833.85,4586268.42,2.183114951,41.423236967,2023-04-17 19:00:00
2023S002210    ,Sant Martí,el Clot,Espronceda,Tuesday,2023,4,April,18,Morning,,Not caused by the pedestrian,Veh. mobilitat personal amb motor,Woman,49,Driver,Desconegut,Unknown,Unknown,Minor injury: Medical assistance at accident site,432695.3,4585200.75,2.193542015,41.413693452,2023-04-18 08:00:00
2023S002211    ,Sant Martí,Provençals del Poblenou,Perú,Monday,2023,4,April,17,Afternoon,,Not caused by the pedestrian,Motorcycle,Man,33,Driver,Desconegut,Unknown,Leisure and entertainment,Minor injury: Hospitalization up to 24 hours,433629.55,4585307.19,2.204708046,41.414729873,2023-04-17 20:00:00
2023S002212    ,Nou Barris,Canyelles,Dalt (Besòs),Tuesday,2023,4,April,18,Morning,,Not caused by the pedestrian,Motorcycle,Man,55,Driver,Desconegut,Unknown,Unknown,Minor injury: Hospitalization up to 24 hours,430808.39,4588463.43,2.170592827,41.442918895,2023-04-18 07:00:00
2023S002213    ,Ciutat Vella,el Barri Gòtic,Portal de l'Àngel,Tuesday,2023,4,April,18,Morning,,Not caused by the pedestrian,Bicicleta,Man,32,Driver,Desconegut,Unknown,Unknown,Minor injury: Hospitalization up to 24 hours,431041.27,4581984.48,2.174119228,41.384585205,2023-04-18 10:00:00
2023S002214    ,Sant Andreu,Sant Andreu,Segre,Tuesday,2023,4,April,18,Morning,,Not caused by the pedestrian,Car,Man,62,Driver,Desconegut,Unknown,On a mission,Minor injury: Hospitalization up to 24 hours,432554.46,4587590.95,2.191590195,41.435209428,2023-04-18 10:00:00
2023S002216    ,Eixample,l'Antiga Esquerra de l'Eixample,Aribau,Tuesday,2023,4,April,18,Morning,,Not caused by the pedestrian,Car,Woman,28,Pedestrian,En pas regulat per semàfor,Unknown,Unknown,Minor injury: Hospitalization up to 24 hours,429551.72,4582681.47,2.156224727,41.39073363,2023-04-18 11:00:00
2023S002217    ,Sant Martí,el Poblenou,Litoral,Tuesday,2023,4,April,18,Morning,,Not caused by the pedestrian,Motorcycle,Man,20,Driver,Desconegut,Unknown,Unknown,Minor injury: Hospitalization up to 24 hours,433582.86,4582869.59,2.204417047,41.392771161,2023-04-18 13:00:00
2023S002218    ,Eixample,la Dreta de l'Eixample,Catalunya,Tuesday,2023,4,April,18,Afternoon,,Not caused by the pedestrian,Motorcycle,Man,55,Driver,Desconegut,Unknown,Unknown,Minor injury: Hospitalization up to 24 hours,429774.77,4583089.18,2.158845112,41.394425253,2023-04-18 14:00:00
2023S002219    ,Les Corts,la Maternitat i Sant Ramon,Diagonal,Tuesday,2023,4,April,18,Afternoon,,Not caused by the pedestrian,Motorcycle,Man,39,Driver,Desconegut,Unknown,On a mission,Minor injury: Hospitalization up to 24 hours,425497.61,4581866.91,2.107838134,41.383031749,2023-04-18 14:00:00
2023S002220    ,Nou Barris,les Roquetes,Dalt (Besòs),Tuesday,2023,4,April,18,Afternoon,,Not caused by the pedestrian,Car,Woman,43,Driver,Desconegut,Unknown,Unknown,Minor injury: Medical assistance at accident site,431275.63,4588731.92,2.176154967,41.445377239,2023-04-18 15:00:00
2023S002221    ,Sant Andreu,Navas,Felip II,Tuesday,2023,4,April,18,Afternoon,,Not caused by the pedestrian,Motorcycle,Man,50,Driver,Desconegut,Unknown,Unknown,Minor injury: Hospitalization up to 24 hours,432327.94,4585764.31,2.189083714,41.418738399,2023-04-18 15:00:00
2023S002223    ,Sant Andreu,Navas,Sant Antoni Maria Claret,Tuesday,2023,4,April,18,Afternoon,,Not caused by the pedestrian,Veh. mobilitat personal amb motor,Woman,23,Driver,Desconegut,Unknown,Commuting,Minor injury: Hospitalization up to 24 hours,432043.72,4585865.52,2.185671571,41.419625965,2023-04-18 15:00:00
2023S002224    ,Eixample,la Dreta de l'Eixample,Sant Pere,Tuesday,2023,4,April,18,Afternoon,,Not caused by the pedestrian,Ciclomotor,Man,23,Driver,Desconegut,Unknown,Leisure and entertainment,Minor injury: Medical assistance at accident site,431038.12,4582540.63,2.174018212,41.389594016,2023-04-18 16:00:00
2023S002225    ,Sarrià-Sant Gervasi,Sarrià,Reina Elisenda de Montcada,Tuesday,2023,4,April,18,Afternoon,,Not caused by the pedestrian,Motorcycle,Woman,56,Driver,Desconegut,Unknown,Leisure and entertainment,Minor injury: Hospitalization up to 24 hours,426583.66,4583689.18,2.120604654,41.399544055,2023-04-18 17:00:00
2023S002226    ,Sarrià-Sant Gervasi,Sarrià,Vallvidrera,Tuesday,2023,4,April,18,Afternoon,,Not caused by the pedestrian,Motorcycle,Man,62,Driver,Desconegut,Unknown,Unknown,Minor injury: Hospitalization up to 24 hours,426200.12,4584317.95,2.115940236,41.405171972,2023-04-18 17:00:00
2023S002227    ,Nou Barris,la Trinitat Nova,Favència,Tuesday,2023,4,April,18,Afternoon,,Not caused by the pedestrian,Car,Woman,17,Passenger,Desconegut,Unknown,Unknown,Minor injury: Hospitalization up to 24 hours,431724.23,4588823.72,2.181514384,41.446242348,2023-04-18 17:00:00
2023S002228    ,Eixample,l'Antiga Esquerra de l'Eixample,Corts Catalanes,Tuesday,2023,4,April,18,Afternoon,,Not caused by the pedestrian,Motorcycle,Man,50,Driver,Desconegut,Unknown,On a mission,Minor injury: Hospitalization up to 24 hours,429887.62,4581907.03,2.160331783,41.383787866,2023-04-18 17:00:00
2023S002229    ,Horta-Guinardó,el Guinardó,Mare de Déu de Montserrat,Tuesday,2023,4,April,18,Afternoon,,Not caused by the pedestrian,Motorcycle,Man,50,Driver,Desconegut,Unknown,Commuting,Serious injury: Hospitalization over 24 hours,431084.72,4586121.33,2.174167596,41.42184823,2023-04-18 15:00:00
2023S002230    ,Les Corts,les Corts,Diagonal,Tuesday,2023,4,April,18,Afternoon,,Not caused by the pedestrian,Motorcycle,Man,53,Driver,Desconegut,Unknown,Unknown,Minor injury: Hospitalization up to 24 hours,427954.95,4582701.1,2.137125048,41.390768909,2023-04-18 16:00:00
2023S002231    ,Eixample,l'Antiga Esquerra de l'Eixample,París,Tuesday,2023,4,April,18,Afternoon,,Not caused by the pedestrian,Motorcycle,Woman,23,Driver,Desconegut,Unknown,Commuting,Minor injury: Hospitalization up to 24 hours,429290.12,4583006.7,2.153057995,41.393639895,2023-04-18 19:00:00
2023S002232    ,Eixample,la Dreta de l'Eixample,Corts Catalanes,Tuesday,2023,4,April,18,Afternoon,,Not caused by the pedestrian,Motorcycle,Man,50,Driver,Desconegut,Unknown,Commuting,Minor injury: Medical assistance at accident site,430452.15,4582422.95,2.167023614,41.388483628,2023-04-18 20:00:00
2023S002233    ,Eixample,l'Antiga Esquerra de l'Eixample,Còrsega,Tuesday,2023,4,April,18,Afternoon,,Not caused by the pedestrian,Motorcycle,Woman,47,Driver,Desconegut,Unknown,Unknown,Minor injury: Medical assistance at accident site,429076.18,4582593.91,2.150547521,41.389903192,2023-04-18 18:00:00
2023S002234    ,Gràcia,la Vila de Gràcia,Còrsega,Tuesday,2023,4,April,18,Afternoon,,Not caused by the pedestrian,Motorcycle,Man,34,Driver,Desconegut,Unknown,Unknown,Minor injury: Hospitalization up to 24 hours,430218.9,4583715.16,2.164085045,41.40010193,2023-04-18 17:00:00
2023S002236    ,Les Corts,la Maternitat i Sant Ramon,Doctor Marañón,Wednesday,2023,4,April,19,Morning,,Not caused by the pedestrian,Motorcycle,Woman,39,Driver,Desconegut,Unknown,Commuting,Minor injury: Medical assistance at accident site,425960.02,4582013.56,2.113349923,41.384395273,2023-04-19 08:00:00
2023S002237    ,Eixample,la Nova Esquerra de l'Eixample,Roma,Wednesday,2023,4,April,19,Morning,,Not caused by the pedestrian,Motorcycle,Woman,27,Driver,Desconegut,Unknown,Unknown,Minor injury: Medical assistance at accident site,428668.56,4581644.66,2.145784272,41.381317568,2023-04-19 09:00:00
2023S002238    ,Les Corts,la Maternitat i Sant Ramon,Doctor Marañón,Wednesday,2023,4,April,19,Morning,,Not caused by the pedestrian,Bicicleta,Man,39,Driver,Desconegut,Unknown,Commuting,Minor injury: Hospitalization up to 24 hours,425915.23,4581849.42,2.112834371,41.382912809,2023-04-19 08:00:00
2023S002239    ,Nou Barris,Vallbona,Pineda,Wednesday,2023,4,April,19,Morning,,Not caused by the pedestrian,Veh. mobilitat personal amb motor,Woman,47,Driver,Desconegut,Unknown,Unknown,Minor injury: Hospitalization up to 24 hours,431896.19,4591075.04,2.183318673,41.46653375,2023-04-19 10:00:00
2023S002240    ,Les Corts,la Maternitat i Sant Ramon,Diagonal,Wednesday,2023,4,April,19,Morning,,Not caused by the pedestrian,Motorcycle,Man,41,Driver,Desconegut,Unknown,Leisure and entertainment,Minor injury: Hospitalization up to 24 hours,426649.72,4582241.36,2.121570277,41.386510186,2023-04-19 09:00:00
2023S002241    ,Eixample,la Sagrada Família,Mallorca,Wednesday,2023,4,April,19,Morning,,Not caused by the pedestrian,Autobús articulat,Woman,77,Passenger,Desconegut,Unknown,Unknown,Minor injury: Hospitalization up to 24 hours,431334.12,4584258.04,2.177363463,41.40508755,2023-04-19 09:00:00
2023S002242    ,Eixample,el Fort Pienc,Corts Catalanes,Wednesday,2023,4,April,19,Morning,,Not caused by the pedestrian,Motorcycle,Man,23,Driver,Desconegut,Unknown,Unknown,Minor injury: Hospitalization up to 24 hours,431457.14,4583406.9,2.178931542,41.397432095,2023-04-19 13:00:00
2023S002244    ,Sant Andreu,Sant Andreu,Meridiana,Wednesday,2023,4,April,19,Afternoon,,Not caused by the pedestrian,Motorcycle,Man,38,Driver,Desconegut,Unknown,Commuting,Minor injury: Hospitalization up to 24 hours,431889.99,4587018.86,2.183702138,41.430000695,2023-04-19 14:00:00
2023S002245    ,Ciutat Vella,"Sant Pere, Santa Caterina i la Ribera",Palau,Wednesday,2023,4,April,19,Morning,,Not caused by the pedestrian,Bus,Man,79,Passenger,Desconegut,Unknown,Unknown,Minor injury: Hospitalization up to 24 hours,431803.6,4581754.35,2.183261829,41.382577507,2023-04-19 13:00:00
2023S002246    ,Eixample,la Dreta de l'Eixample,Corts Catalanes,Wednesday,2023,4,April,19,Afternoon,,Not caused by the pedestrian,Motorcycle,Woman,30,Driver,Desconegut,Unknown,Unknown,Minor injury: Hospitalization up to 24 hours,430886.26,4582847.07,2.172167,41.392340987,2023-04-19 15:00:00
2023S002247    ,Eixample,la Dreta de l'Eixample,Bailèn,Wednesday,2023,4,April,19,Afternoon,,Not caused by the pedestrian,Motorcycle,Man,40,Driver,Desconegut,Unknown,Leisure and entertainment,Serious injury: Hospitalization over 24 hours,430598.6,4583522.16,2.168649068,41.398396523,2023-04-19 15:00:00
2023S002248    ,Sarrià-Sant Gervasi,Sant Gervasi - la Bonanova,Dalt (Llobregat),Wednesday,2023,4,April,19,Afternoon,,Not caused by the pedestrian,Car,Woman,34,Passenger,Desconegut,Unknown,Unknown,Minor injury: Medical assistance at accident site,427128.56,4584966.81,2.126968592,41.411100713,2023-04-19 17:00:00
2023S002249    ,Gràcia,Vallcarca i els Penitents,Lesseps,Wednesday,2023,4,April,19,Afternoon,,Not caused by the pedestrian,Bicicleta,Man,86,Driver,Desconegut,Unknown,Leisure and entertainment,Minor injury: Hospitalization up to 24 hours,429145.6,4584559.15,2.151147661,41.407609518,2023-04-19 19:00:00
2023S002250    ,Sarrià-Sant Gervasi,les Tres Torres,Anglí,Wednesday,2023,4,April,19,Afternoon,,Not caused by the pedestrian,Motorcycle,Man,30,Driver,Desconegut,Unknown,Unknown,Minor injury: Hospitalization up to 24 hours,427012.46,4583773.25,2.125723622,41.400340296,2023-04-19 16:00:00
2023S002251    ,Eixample,l'Antiga Esquerra de l'Eixample,Aribau,Wednesday,2023,4,April,19,Afternoon,,Not caused by the pedestrian,Motorcycle,Woman,45,Driver,Desconegut,Unknown,Unknown,Minor injury: Hospitalization up to 24 hours,429738.38,4582491.09,2.158479283,41.389035277,2023-04-19 19:00:00
2023S002253    ,Sants-Montjuïc,la Marina de Port,Corts Catalanes,Wednesday,2023,4,April,19,Afternoon,,Not caused by the pedestrian,Motorcycle,Man,23,Driver,Desconegut,Unknown,Other activities,Minor injury: Medical assistance at accident site,427971.19,4579992.75,2.137641329,41.36637724,2023-04-19 19:00:00
2023S002255    ,Nou Barris,Verdun,Favència,Wednesday,2023,4,April,19,Afternoon,,Not caused by the pedestrian,Tricicle,Woman,40,Passenger,Desconegut,Unknown,Unknown,Minor injury: Medical assistance at accident site,431494.46,4588758.92,2.178771325,41.445639132,2023-04-19 19:00:00
2023S002256    ,Horta-Guinardó,Horta,Dalt (Llobregat),Wednesday,2023,4,April,19,Morning,,Not caused by the pedestrian,Car,Woman,35,Driver,Desconegut,Unknown,Commuting,Minor injury: Hospitalization up to 24 hours,429880.2,4588120.61,2.159522554,41.43975068,2023-04-19 09:00:00
2023S002257    ,Sarrià-Sant Gervasi,Sant Gervasi - la Bonanova,General Mitre,Wednesday,2023,4,April,19,Afternoon,,Not caused by the pedestrian,Motorcycle,Man,48,Driver,Desconegut,Unknown,Other activities,Minor injury: Hospitalization up to 24 hours,428131.06,4584143.91,2.139059974,41.403779502,2023-04-19 18:00:00
2023S002258    ,Nou Barris,les Roquetes,Mina de la Ciutat,Wednesday,2023,4,April,19,Afternoon,,Others,Car,Woman,9,Pedestrian,En pas sense regular,Unknown,Unknown,Minor injury: Hospitalization up to 24 hours,431249.42,4589065.37,2.175803253,41.44837825,2023-04-19 20:00:00
2023S002259    ,Les Corts,les Corts,Diagonal,Wednesday,2023,4,April,19,Night,,Not caused by the pedestrian,Tot terreny,Woman,31,Driver,Desconegut,Unknown,Commuting,Minor injury: Medical assistance at accident site,427472.72,4582498.36,2.131381885,41.388899547,2023-04-19 22:00:00
2023S002261    ,Gràcia,Vallcarca i els Penitents,Lesseps,Thursday,2023,4,April,20,Night,,Not caused by the pedestrian,Motorcycle,Man,27,Driver,Desconegut,Unknown,Commuting,Minor injury: Hospitalization up to 24 hours,429081.55,4584590.76,2.150377718,41.407888565,2023-04-20 00:00:00
2023S002262    ,Ciutat Vella,la Barceloneta,Litoral (Llobregat),Thursday,2023,4,April,20,Morning,,Not caused by the pedestrian,Motorcycle,Man,23,Passenger,Desconegut,Unknown,Unknown,Minor injury: Hospitalization up to 24 hours,432191.59,4581803.96,2.1878961,41.383057145,2023-04-20 08:00:00
2023S002263    ,Horta-Guinardó,la Vall d'Hebron,Dalt (Llobregat),Thursday,2023,4,April,20,Morning,,Not caused by the pedestrian,Bus,Woman,58,Passenger,Desconegut,Unknown,Unknown,Minor injury: Hospitalization up to 24 hours,428602.27,4586836.15,2.144378835,41.428069426,2023-04-20 08:00:00
2023S002264    ,Sants-Montjuïc,el Poble-sec,Margarit,Thursday,2023,4,April,20,Morning,,Not caused by the pedestrian,Bicicleta,Man,26,Driver,En pas sense regular,Unknown,On a mission,Minor injury: Hospitalization up to 24 hours,430158.02,4580817.07,2.163691112,41.373994459,2023-04-20 08:00:00
2023S002265    ,Les Corts,Pedralbes,Diagonal,Thursday,2023,4,April,20,Morning,,Not caused by the pedestrian,Car,Man,31,Driver,Desconegut,Unknown,Commuting,Minor injury: Refused medical assistance,425404.65,4581888.6,2.106723804,41.383218483,2023-04-20 09:00:00
2023S002266    ,Sants-Montjuïc,el Poble-sec,Estadi,Thursday,2023,4,April,20,Morning,,Not caused by the pedestrian,Furgoneta,Man,77,Driver,Desconegut,Unknown,On a mission,Minor injury: Hospitalization up to 24 hours,429542.24,4579962.72,2.156427585,41.366245885,2023-04-20 10:00:00
2023S002267    ,Eixample,la Dreta de l'Eixample,Diputació,Thursday,2023,4,April,20,Morning,,Not caused by the pedestrian,Motorcycle,Man,36,Driver,Desconegut,Unknown,Unknown,Minor injury: Medical assistance at accident site,430698.15,4582888.23,2.169912423,41.392695506,2023-04-20 11:00:00
2023S002268    ,Eixample,la Sagrada Família,Rosselló,Thursday,2023,4,April,20,Morning,,Not caused by the pedestrian,Motorcycle,Woman,33,Driver,Desconegut,Unknown,On a mission,Minor injury: Hospitalization up to 24 hours,431040.41,4584317.58,2.173843107,41.405598653,2023-04-20 13:00:00
2023S002269    ,Eixample,l'Antiga Esquerra de l'Eixample,València,Thursday,2023,4,April,20,Morning,,Not caused by the pedestrian,Motorcycle,Man,51,Driver,Desconegut,Unknown,Commuting,Minor injury: Refused medical assistance,429641.8,4582396.81,2.157335169,41.388177681,2023-04-20 13:00:00
2023S002270    ,Sant Andreu,el Congrés i els Indians,Felip II,Thursday,2023,4,April,20,Afternoon,,Not caused by the pedestrian,Motorcycle,Woman,55,Driver,Desconegut,Unknown,Unknown,Minor injury: Hospitalization up to 24 hours,431783.85,4586303.31,2.182512709,41.423546963,2023-04-20 14:00:00
2023S002271    ,Eixample,la Dreta de l'Eixample,Reina Victòria,Thursday,2023,4,April,20,Afternoon,,Not caused by the pedestrian,Car,Woman,42,Driver,Desconegut,Unknown,Commuting,Minor injury: Hospitalization up to 24 hours,430531.07,4582463.6,2.167962805,41.388856573,2023-04-20 14:00:00
2023S002272    ,Eixample,l'Antiga Esquerra de l'Eixample,Diagonal,Thursday,2023,4,April,20,Afternoon,,Not caused by the pedestrian,Motorcycle,Woman,48,Driver,Desconegut,Unknown,Unknown,Minor injury: Hospitalization up to 24 hours,429301.07,4583149.39,2.153172296,41.394926017,2023-04-20 17:00:00
2023S002273    ,Sarrià-Sant Gervasi,Sarrià,General Vives,Thursday,2023,4,April,20,Afternoon,,Not caused by the pedestrian,Motorcycle,Man,58,Driver,Desconegut,Unknown,On a mission,Minor injury: Hospitalization up to 24 hours,426191.44,4584068.24,2.115866867,41.402922151,2023-04-20 15:00:00
2023S002274    ,Nou Barris,les Roquetes,Favència,Thursday,2023,4,April,20,Afternoon,,Not caused by the pedestrian,Motorcycle,Man,29,Driver,Desconegut,Unknown,Leisure and entertainment,Minor injury: Hospitalization up to 24 hours,431626.51,4588805.26,2.180346738,41.446067764,2023-04-20 16:00:00
2023S002275    ,Eixample,la Dreta de l'Eixample,Gràcia,Thursday,2023,4,April,20,Afternoon,,Disobeying the traffic light signal,Autobús articulat,Woman,62,Pedestrian,En pas regulat per semàfor,Unknown,Unknown,Minor injury: Hospitalization up to 24 hours,430495.65,4582501.94,2.16753479,41.389198828,2023-04-20 17:00:00
2023S002276    ,Sarrià-Sant Gervasi,Sant Gervasi - la Bonanova,Isaac Newton,Thursday,2023,4,April,20,Afternoon,,Not caused by the pedestrian,Car,Woman,19,Driver,Desconegut,Unknown,Other activities,Minor injury: Hospitalization up to 24 hours,427504.46,4585298.73,2.131425947,41.414124185,2023-04-20 15:00:00
2023S002277    ,Sant Martí,el Camp de l'Arpa del Clot,Aragó,Thursday,2023,4,April,20,Afternoon,,Not caused by the pedestrian,Veh. mobilitat personal amb motor,Man,30,Driver,Desconegut,Unknown,Unknown,Minor injury: Hospitalization up to 24 hours,432131.07,4584631.66,2.186855248,41.408520352,2023-04-20 19:00:00
2023S002278    ,Sant Martí,el Parc i la Llacuna del Poblenou,Diagonal,Thursday,2023,4,April,20,Afternoon,,Not caused by the pedestrian,Motorcycle,Man,53,Driver,Desconegut,Unknown,Unknown,Minor injury: Hospitalization up to 24 hours,432432.33,4584176.43,2.190510191,41.40444562,2023-04-20 18:00:00
2023S002279    ,Eixample,la Nova Esquerra de l'Eixample,Provença,Thursday,2023,4,April,20,Afternoon,,Disobeying the traffic light signal,Veh. mobilitat personal amb motor,Man,58,Driver,Desconegut,Unknown,Unknown,Minor injury: Hospitalization up to 24 hours,428690.81,4581838.58,2.14602751,41.383066112,2023-04-20 20:00:00
2023S002281    ,Les Corts,les Corts,Agustina Saragossa,Thursday,2023,4,April,20,Night,,Not caused by the pedestrian,Motorcycle,Man,28,Driver,Desconegut,Unknown,Commuting,Minor injury: Hospitalization up to 24 hours,427714.63,4582690.85,2.134252053,41.390655017,2023-04-20 23:00:00
2023S002282    ,Gràcia,la Vila de Gràcia,Gràcia,Thursday,2023,4,April,20,Afternoon,,Crossing outside the pedestrian crossing,Car,Man,58,Pedestrian,Fora del pas,Unknown,Unknown,Minor injury: Hospitalization up to 24 hours,429422.4,4583634.07,2.154566972,41.399302022,2023-04-20 21:00:00
2023S002283    ,Sant Andreu,el Bon Pastor,Santander,Friday,2023,4,April,21,Morning,,Not caused by the pedestrian,Car,Man,61,Pedestrian,En pas regulat per semàfor,Unknown,Unknown,Serious injury: Hospitalization over 24 hours,433668.32,4587114.2,2.204973582,41.431008312,2023-04-21 07:00:00
2023S002285    ,Les Corts,Pedralbes,Dalt (Llobregat),Friday,2023,4,April,21,Morning,,Not caused by the pedestrian,Motorcycle,Man,30,Driver,Desconegut,Unknown,Commuting,Minor injury: Hospitalization up to 24 hours,425238.83,4581781.81,2.10475403,41.382241273,2023-04-21 09:00:00
2023S002286    ,Les Corts,Pedralbes,Bisbe Català,Friday,2023,4,April,21,Morning,,Not caused by the pedestrian,Motorcycle,Woman,23,Driver,Desconegut,Unknown,On a mission,Minor injury: Hospitalization up to 24 hours,426003.58,4583256.71,2.113718899,41.39559579,2023-04-21 10:00:00
2023S002287    ,Eixample,Sant Antoni,Universitat,Friday,2023,4,April,21,Morning,,Not caused by the pedestrian,Veh. mobilitat personal amb motor,Woman,73,Pedestrian,Desconegut,Leisure and entertainment,Unknown,Minor injury: Medical assistance at accident site,430243.47,4582101.92,2.164564862,41.385574131,2023-04-21 12:00:00
2023S002288    ,Les Corts,les Corts,Diagonal,Thursday,2023,4,April,20,Night,,Not caused by the pedestrian,Veh. mobilitat personal amb motor,Woman,21,Driver,Desconegut,Unknown,Commuting,Minor injury: Refused medical assistance,427207.0,4582445.17,2.128210374,41.38839647,2023-04-20 00:00:00
2023S002289    ,Eixample,l'Antiga Esquerra de l'Eixample,Muntaner,Friday,2023,4,April,21,Morning,,Not caused by the pedestrian,Bicicleta,Man,36,Driver,Desconegut,Unknown,Leisure and entertainment,Minor injury: Hospitalization up to 24 hours,429953.37,4582064.24,2.161099886,41.385209537,2023-04-21 12:00:00
2023S002290    ,Les Corts,les Corts,Diagonal,Friday,2023,4,April,21,Afternoon,,Not caused by the pedestrian,Motorcycle,Man,42,Driver,Desconegut,Unknown,Commuting,Minor injury: Refused medical assistance,427769.46,4582595.23,2.134919226,41.389798734,2023-04-21 14:00:00
2023S002291    ,Eixample,l'Antiga Esquerra de l'Eixample,Còrsega,Friday,2023,4,April,21,Morning,,Disobeying the traffic light signal,Motorcycle,Woman,53,Pedestrian,En pas regulat per semàfor,On a mission,Unknown,Minor injury: Hospitalization up to 24 hours,429525.55,4583049.74,2.155868857,41.394048218,2023-04-21 13:00:00
2023S002292    ,Sant Martí,el Camp de l'Arpa del Clot,Meridiana,Friday,2023,4,April,21,Afternoon,,Others,Veh. mobilitat personal amb motor,Man,54,Pedestrian,A la vorera / Andana,Unknown,Unknown,Minor injury: Hospitalization up to 24 hours,432108.0,4584685.07,2.186573258,41.40899945,2023-04-21 14:00:00