Case_Number,District_Name,Neighborhood_Name,Street_Name,Day_of_Week,Year,Month_Code,Month_Name,Day_of_Month,Shift_Description,Hour_of_Day,Pedestrian_Cause_Description,Involved_Vehicle_Type,Gender_Description,Age,Person_Type_Description,Pedestrian_Accident_Location_Description,Pedestrian_Movement_Reason_Description,Driver_Movement_Reason_Description,Victimization_Description,UTM_X_Coordinate,UTM_Y_Coordinate,Longitude,Latitude,datetime
2023S002391    ,Sant Martí,el Poblenou,Ramon Turró,Monday,2023,4,April,24,Night,,Not caused by the pedestrian,Motorcycle,Woman,32,Driver,Desconegut,Unknown,Commuting,Minor injury: Hospitalization up to 24 hours,433300.75,4583483.72,2.200975176,41.398279119,2023-04-24 22:00:00
2023S002392    ,Sant Martí,Provençals del Poblenou,C-31,Monday,2023,4,April,24,Afternoon,,Not caused by the pedestrian,Autobús articulat,Woman,43,Passenger,Desconegut,Unknown,Unknown,Minor injury: Hospitalization up to 24 hours,433509.21,4585341.22,2.203264488,41.415026419,2023-04-24 21:00:00
2023S002393    ,Sant Andreu,la Sagrera,Berenguer de Palou,Monday,2023,4,April,24,Afternoon,,Others,Bicicleta,Man,52,Driver,Altres,Unknown,Commuting,Minor injury: Hospitalization up to 24 hours,432571.33,4586123.22,2.191955902,41.421991466,2023-04-24 19:00:00
2023S002394    ,Eixample,l'Antiga Esquerra de l'Eixample,Diagonal,Tuesday,2023,4,April,25,Night,,Not caused by the pedestrian,Veh. mobilitat personal amb motor,Woman,21,Driver,Desconegut,Unknown,Leisure and entertainment,Minor injury: Hospitalization up to 24 hours,428688.97,4582923.62,2.145877709,41.392838515,2023-04-25 04:00:00
2023S002395    ,Sant Martí,Sant Martí de Provençals,Guipúscoa,Tuesday,2023,4,April,25,Morning,,Not caused by the pedestrian,Bicicleta,Man,30,Driver,Desconegut,Unknown,Unknown,Minor injury: Medical assistance at accident site,433083.45,4585580.97,2.198143898,41.417150419,2023-04-25 07:00:00
2023S002396    ,Sants-Montjuïc,la Marina del Prat Vermell,Litoral (Llobregat),Tuesday,2023,4,April,25,Morning,,Not caused by the pedestrian,Motorcycle,Man,43,Driver,Desconegut,Unknown,Unknown,Minor injury: Hospitalization up to 24 hours,427024.81,4577263.64,2.126655274,41.341711822,2023-04-25 08:00:00
2023S002397    ,Eixample,el Fort Pienc,Lepant,Tuesday,2023,4,April,25,Morning,,Not caused by the pedestrian,Motorcycle,Man,53,Driver,Desconegut,Unknown,Unknown,Minor injury: Hospitalization up to 24 hours,431952.48,4583491.08,2.184847004,41.398232374,2023-04-25 09:00:00
2023S002398    ,Gràcia,la Vila de Gràcia,Còrsega,Tuesday,2023,4,April,25,Morning,,Not caused by the pedestrian,Motorcycle,Man,45,Driver,Desconegut,Unknown,Other activities,Minor injury: Hospitalization up to 24 hours,430122.62,4583622.77,2.162944036,41.399261438,2023-04-25 10:00:00
2023S002399    ,Eixample,la Dreta de l'Eixample,Bailèn,Tuesday,2023,4,April,25,Morning,,Not caused by the pedestrian,Motorcycle,Woman,75,Driver,Desconegut,Unknown,Unknown,Minor injury: Hospitalization up to 24 hours,430503.69,4583618.92,2.167502693,41.399259807,2023-04-25 09:00:00
2023S002400    ,Sants-Montjuïc,la Marina del Prat Vermell,B-10 (Besòs),Tuesday,2023,4,April,25,Morning,,Not caused by the pedestrian,Motorcycle,Man,43,Driver,Desconegut,Unknown,On a mission,Minor injury: Hospitalization up to 24 hours,429180.71,4578306.44,2.152298752,41.351296522,2023-04-25 07:00:00
2023S002401    ,Eixample,la Sagrada Família,Mallorca,Tuesday,2023,4,April,25,Morning,,Not caused by the pedestrian,Car,Woman,56,Passenger,Desconegut,Unknown,Unknown,Minor injury: Hospitalization up to 24 hours,430902.91,4583837.71,2.172253031,41.401264804,2023-04-25 09:00:00
2023S002402    ,Eixample,el Fort Pienc,Marina,Tuesday,2023,4,April,25,Morning,,Not caused by the pedestrian,Veh. mobilitat personal amb motor,Woman,33,Driver,A la vorera / Andana,Unknown,On a mission,Minor injury: Hospitalization up to 24 hours,431844.57,4583386.88,2.183567976,41.39728473,2023-04-25 09:00:00
2023S002403    ,Eixample,la Dreta de l'Eixample,Diagonal,Tuesday,2023,4,April,25,Morning,,Not caused by the pedestrian,Motorcycle,Woman,27,Driver,Desconegut,Unknown,Leisure and entertainment,Minor injury: Hospitalization up to 24 hours,430134.59,4583421.81,2.163110418,41.397452499,2023-04-25 10:00:00
2023S002404    ,Sants-Montjuïc,el Poble-sec,Francesc Ferrer i Guàrdia,Tuesday,2023,4,April,25,Morning,,Not caused by the pedestrian,Motorcycle,Man,28,Driver,Desconegut,Unknown,Unknown,Serious injury: Hospitalization over 24 hours,428733.49,4580289.66,2.146720114,41.369119296,2023-04-25 13:00:00
2023S002405    ,Eixample,Sant Antoni,Paral·lel,Tuesday,2023,4,April,25,Morning,,Not caused by the pedestrian,Motorcycle,Man,56,Driver,Desconegut,Unknown,Unknown,Minor injury: Refused medical assistance,429502.77,4580956.96,2.155840033,41.375197241,2023-04-25 11:00:00
2023S002406    ,Sants-Montjuïc,la Marina de Port,Corts Catalanes,Tuesday,2023,4,April,25,Morning,,Not caused by the pedestrian,Bus,Woman,57,Passenger,Desconegut,Unknown,Unknown,Minor injury: Hospitalization up to 24 hours,427897.3,4579886.18,2.136770614,41.365410782,2023-04-25 10:00:00
2023S002407    ,Sarrià-Sant Gervasi,Sarrià,Sarrià a Vallvidrera,Tuesday,2023,4,April,25,Afternoon,,Not caused by the pedestrian,Motorcycle,Man,30,Driver,Desconegut,Unknown,Leisure and entertainment,Minor injury: Hospitalization up to 24 hours,425715.63,4584695.86,2.110098099,41.408530982,2023-04-25 15:00:00
2023S002408    ,Horta-Guinardó,Can Baró,Carmel,Tuesday,2023,4,April,25,Morning,,Not caused by the pedestrian,Bus,Man,89,Passenger,Desconegut,Unknown,Unknown,Minor injury: Hospitalization up to 24 hours,429614.58,4585562.38,2.156641352,41.416686462,2023-04-25 12:00:00
2023S002411    ,Sarrià-Sant Gervasi,Sarrià,Francesc Carbonell,Tuesday,2023,4,April,25,Afternoon,,Not caused by the pedestrian,Motorcycle,Man,67,Driver,Desconegut,Unknown,Unknown,Minor injury: Hospitalization up to 24 hours,427111.28,4582979.16,2.127001316,41.393197228,2023-04-25 19:00:00
2023S002412    ,Eixample,l'Antiga Esquerra de l'Eixample,Villarroel,Tuesday,2023,4,April,25,Afternoon,,Not caused by the pedestrian,Motorcycle,Man,27,Driver,Desconegut,Unknown,Other activities,Minor injury: Hospitalization up to 24 hours,429451.21,4582209.99,2.155077566,41.386478354,2023-04-25 18:00:00
2023S002413    ,Eixample,el Fort Pienc,Casp,Tuesday,2023,4,April,25,Afternoon,,Not caused by the pedestrian,Furgoneta,Man,42,Driver,Desconegut,Unknown,Unknown,Minor injury: Hospitalization up to 24 hours,431511.74,4583236.77,2.179603884,41.395904439,2023-04-25 16:00:00
2023S002414    ,Sants-Montjuïc,la Marina del Prat Vermell,Galtés,Tuesday,2023,4,April,25,Afternoon,,Not caused by the pedestrian,Motorcycle,Man,54,Driver,Desconegut,Unknown,Commuting,Minor injury: Hospitalization up to 24 hours,429644.79,4578490.83,2.157824421,41.352997967,2023-04-25 18:00:00
2023S002415    ,Sants-Montjuïc,el Poble-sec,Olímpic,Tuesday,2023,4,April,25,Afternoon,,Not caused by the pedestrian,Motorcycle,Woman,27,Driver,Desconegut,Unknown,Unknown,Minor injury: Hospitalization up to 24 hours,429572.24,4579584.8,2.156830161,41.362844698,2023-04-25 19:00:00
2023S002416    ,Les Corts,la Maternitat i Sant Ramon,Sants,Tuesday,2023,4,April,25,Afternoon,,Not caused by the pedestrian,Bicicleta,Man,6,Pedestrian,En pas regulat per semàfor,Unknown,Unknown,Minor injury: Hospitalization up to 24 hours,426735.96,4581034.88,2.122747574,41.37565177,2023-04-25 19:00:00
2023S002417    ,Eixample,l'Antiga Esquerra de l'Eixample,Enric Granados,Tuesday,2023,4,April,25,Afternoon,,Not caused by the pedestrian,Veh. mobilitat personal amb motor,Woman,21,Driver,Desconegut,Unknown,Commuting,Minor injury: Hospitalization up to 24 hours,429647.39,4582775.18,2.157358053,41.391586023,2023-04-25 15:00:00
2023S002418    ,Sant Andreu,la Sagrera,Gran de la Sagrera,Tuesday,2023,4,April,25,Afternoon,,Not caused by the pedestrian,Motorcycle,Man,51,Driver,Desconegut,Unknown,Commuting,Minor injury: Medical assistance at accident site,432496.15,4585857.1,2.191086029,41.419588288,2023-04-25 21:00:00
2023S002419    ,Gràcia,el Camp d'en Grassot i Gràcia Nova,Sardenya,Tuesday,2023,4,April,25,Afternoon,,Not caused by the pedestrian,Bicicleta,Woman,21,Driver,Desconegut,Unknown,Unknown,Minor injury: Hospitalization up to 24 hours,430147.33,4584990.69,2.163081645,41.411583969,2023-04-25 16:00:00
2023S002420    ,Sarrià-Sant Gervasi,el Putxet i el Farró,General Mitre,Tuesday,2023,4,April,25,Night,,Not caused by the pedestrian,Motorcycle,Man,33,Passenger,Desconegut,Unknown,Unknown,Minor injury: Medical assistance at accident site,428409.69,4584311.96,2.142373163,41.405317936,2023-04-25 23:00:00
2023S002421    ,Nou Barris,la Trinitat Nova,Dalt (Besòs),Wednesday,2023,4,April,26,Morning,,Not caused by the pedestrian,Motorcycle,Man,32,Driver,Desconegut,Unknown,Commuting,Minor injury: Hospitalization up to 24 hours,431819.48,4588861.72,2.182650262,41.446592701,2023-04-26 07:00:00
2023S002422    ,Eixample,la Nova Esquerra de l'Eixample,Viladomat,Wednesday,2023,4,April,26,Morning,,Not caused by the pedestrian,Bicicleta,Woman,21,Driver,Desconegut,Unknown,On a mission,Minor injury: Hospitalization up to 24 hours,429444.29,4581642.99,2.15506087,41.381370965,2023-04-26 09:00:00
2023S002423    ,Sarrià-Sant Gervasi,Sant Gervasi - la Bonanova,Iradier,Wednesday,2023,4,April,26,Morning,,Not caused by the pedestrian,Motorcycle,Man,51,Driver,Desconegut,Unknown,Commuting,Minor injury: Hospitalization up to 24 hours,426744.27,4584573.59,2.122418705,41.407524204,2023-04-26 08:00:00
2023S002424    ,Horta-Guinardó,el Guinardó,Sant Antoni Maria Claret,Wednesday,2023,4,April,26,Morning,,Not caused by the pedestrian,Bicicleta,Man,24,Driver,Desconegut,Unknown,Unknown,Minor injury: Hospitalization up to 24 hours,431373.14,4585218.56,2.177721255,41.413741982,2023-04-26 08:00:00
2023S002425    ,Eixample,la Dreta de l'Eixample,Diputació,Wednesday,2023,4,April,26,Morning,,Not caused by the pedestrian,Veh. mobilitat personal amb motor,Woman,33,Driver,Desconegut,Unknown,Unknown,Minor injury: Hospitalization up to 24 hours,430684.51,4582858.44,2.169752694,41.39242602,2023-04-26 10:00:00
2023S002426    ,Sants-Montjuïc,la Marina de Port,Foc,Tuesday,2023,4,April,25,Afternoon,,Not caused by the pedestrian,Motorcycle,Man,65,Driver,Desconegut,Unknown,Leisure and entertainment,Minor injury: Hospitalization up to 24 hours,428501.19,4579099.87,2.144083061,41.358382631,2023-04-25 18:00:00
2023S002427    ,Sarrià-Sant Gervasi,Sarrià,Dalt (Besòs),Wednesday,2023,4,April,26,Morning,,Not caused by the pedestrian,Car,Man,46,Driver,Desconegut,Unknown,On a mission,Minor injury: Refused medical assistance,425982.38,4583777.91,2.113401582,41.400288051,2023-04-26 10:00:00
2023S002428    ,Sants-Montjuïc,Hostafrancs,Corts Catalanes,Wednesday,2023,4,April,26,Morning,,Not caused by the pedestrian,Motorcycle,Man,54,Driver,Desconegut,Unknown,Unknown,Minor injury: Medical assistance at accident site,428492.14,4580467.21,2.143813575,41.370697013,2023-04-26 09:00:00
2023S002429    ,Sant Andreu,la Sagrera,Meridiana,Wednesday,2023,4,April,26,Morning,,Not caused by the pedestrian,Motorcycle,Man,41,Driver,Desconegut,Unknown,On a mission,Minor injury: Hospitalization up to 24 hours,432173.26,4586353.9,2.187166764,41.424035601,2023-04-26 10:00:00
2023S002430    ,Les Corts,les Corts,Diagonal,Wednesday,2023,4,April,26,Morning,,Not caused by the pedestrian,Veh. mobilitat personal amb motor,Woman,24,Pedestrian,A la vorera / Andana,Unknown,Unknown,Minor injury: Hospitalization up to 24 hours,427461.1,4582608.44,2.131229725,41.389889946,2023-04-26 09:00:00
2023S002432    ,Horta-Guinardó,Sant Genís dels Agudells,B-20 (Besòs),Wednesday,2023,4,April,26,Morning,,Not caused by the pedestrian,Motorcycle,Man,56,Driver,Desconegut,Unknown,Commuting,Minor injury: Medical assistance at accident site,428564.96,4586831.81,2.143932866,41.428027018,2023-04-26 12:00:00
2023S002433    ,Gràcia,el Camp d'en Grassot i Gràcia Nova,Sardenya,Wednesday,2023,4,April,26,Morning,,Not caused by the pedestrian,Motorcycle,Woman,46,Driver,Desconegut,Unknown,Commuting,Minor injury: Hospitalization up to 24 hours,430793.01,4584278.9,2.170887936,41.405229002,2023-04-26 08:00:00
2023S002434    ,Eixample,la Sagrada Família,Lepant,Wednesday,2023,4,April,26,Morning,,Not caused by the pedestrian,Car,Woman,35,Driver,Desconegut,Unknown,Unknown,Minor injury: Refused medical assistance,431058.97,4584394.06,2.17405642,41.406289076,2023-04-26 12:00:00
2023S002435    ,Ciutat Vella,"Sant Pere, Santa Caterina i la Ribera",Lluís Companys,Wednesday,2023,4,April,26,Morning,,Not caused by the pedestrian,Veh. mobilitat personal amb motor,Woman,80,Pedestrian,En zona peatonal,Unknown,Unknown,Minor injury: Medical assistance at accident site,431766.75,4582586.39,2.182727389,41.39006834,2023-04-26 08:00:00
2023S002436    ,Sarrià-Sant Gervasi,Sarrià,Sarrià a Vallvidrera,Wednesday,2023,4,April,26,Afternoon,,Not caused by the pedestrian,Motorcycle,Woman,26,Passenger,Desconegut,Unknown,Unknown,Minor injury: Hospitalization up to 24 hours,425867.82,4584615.0,2.111928681,41.407816772,2023-04-26 15:00:00
2023S002437    ,Nou Barris,Verdun,Favència,Wednesday,2023,4,April,26,Afternoon,,Not caused by the pedestrian,Motorcycle,Man,27,Driver,Desconegut,Unknown,Unknown,Minor injury: Hospitalization up to 24 hours,431332.81,4588732.68,2.176839332,41.44538898,2023-04-26 14:00:00
2023S002438    ,Sant Martí,el Clot,València,Wednesday,2023,4,April,26,Morning,,Not caused by the pedestrian,Motorcycle,Woman,58,Driver,Desconegut,Unknown,Leisure and entertainment,Minor injury: Hospitalization up to 24 hours,432171.78,4584891.0,2.187313191,41.410859588,2023-04-26 13:00:00
2023S002440    ,Eixample,la Dreta de l'Eixample,Gràcia,Wednesday,2023,4,April,26,Afternoon,,Not caused by the pedestrian,Motorcycle,Man,33,Driver,Desconegut,Unknown,"Bombers, policia, ambulància",Minor injury: Hospitalization up to 24 hours,430187.73,4582930.63,2.163802698,41.39303322,2023-04-26 15:00:00
2023S002441    ,Sant Martí,el Camp de l'Arpa del Clot,Sant Antoni Maria Claret,Wednesday,2023,4,April,26,Morning,,Not caused by the pedestrian,Bicicleta,Man,24,Driver,Desconegut,Unknown,Unknown,Minor injury: Hospitalization up to 24 hours,431373.14,4585218.56,2.177721255,41.413741982,2023-04-26 08:00:00
2023S002442    ,Nou Barris,Vilapicina i la Torre Llobeta,Concepción Arenal,Wednesday,2023,4,April,26,Afternoon,,Not caused by the pedestrian,Bicicleta,Man,24,Driver,Desconegut,Unknown,Unknown,Minor injury: Hospitalization up to 24 hours,431945.85,4586831.44,2.184391743,41.428317403,2023-04-26 14:00:00
2023S002444    ,Eixample,la Dreta de l'Eixample,Gràcia,Wednesday,2023,4,April,26,Afternoon,,Not caused by the pedestrian,Motorcycle,Man,44,Driver,Desconegut,Unknown,Unknown,Minor injury: Medical assistance at accident site,430097.2,4583030.1,2.16270843,41.393921246,2023-04-26 17:00:00
2023S002445    ,Sarrià-Sant Gervasi,Sant Gervasi - la Bonanova,Dalt (Llobregat),Wednesday,2023,4,April,26,Afternoon,,Not caused by the pedestrian,Furgoneta,Man,48,Passenger,Desconegut,Unknown,Unknown,Minor injury: Hospitalization up to 24 hours,427279.47,4585097.5,2.128758314,41.412291456,2023-04-26 14:00:00
2023S002446    ,Eixample,l'Antiga Esquerra de l'Eixample,Aragó,Wednesday,2023,4,April,26,Afternoon,,Not caused by the pedestrian,Motorcycle,Man,22,Driver,Desconegut,Unknown,Unknown,Minor injury: Medical assistance at accident site,429447.81,4582020.17,2.155059021,41.38476841,2023-04-26 18:00:00
2023S002447    ,Eixample,la Sagrada Família,Mallorca,Wednesday,2023,4,April,26,Afternoon,,Not caused by the pedestrian,Motorcycle,Man,52,Driver,Desconegut,Unknown,Unknown,Minor injury: Hospitalization up to 24 hours,431554.86,4584456.44,2.179981666,41.406893313,2023-04-26 18:00:00
2023S002448    ,Sant Martí,la Verneda i la Pau,Andrade,Wednesday,2023,4,April,26,Afternoon,,Not caused by the pedestrian,Car,Woman,54,Pedestrian,En pas regulat per semàfor,Unknown,Unknown,Minor injury: Hospitalization up to 24 hours,433553.99,4585664.76,2.203764703,41.417944162,2023-04-26 17:00:00
2023S002449    ,Ciutat Vella,el Barri Gòtic,Catalunya,Wednesday,2023,4,April,26,Afternoon,,Not caused by the pedestrian,Car,Man,79,Pedestrian,Altres,Other activities,Unknown,Death (within 24 hours of accident),430693.9,4582260.17,2.169933494,41.387038395,2023-04-26 20:00:00
2023S002450    ,Ciutat Vella,el Raval,Carme,Wednesday,2023,4,April,26,Afternoon,,Not caused by the pedestrian,Taxi,Man,73,Pedestrian,En pas sense regular,Unknown,Unknown,Minor injury: Hospitalization up to 24 hours,430606.25,4581651.85,2.168954964,41.381551878,2023-04-26 19:00:00
2023S002451    ,Les Corts,Pedralbes,Diagonal,Wednesday,2023,4,April,26,Afternoon,,Others,Bicicleta,Man,47,Driver,A la vorera / Andana,Unknown,Unknown,Minor injury: Hospitalization up to 24 hours,426968.02,4582381.68,2.12535995,41.387802968,2023-04-26 19:00:00
2023S002452    ,Sant Martí,la Verneda i la Pau,Bonaventura Gispert,Wednesday,2023,4,April,26,Afternoon,,Not caused by the pedestrian,Motorcycle,Man,22,Driver,Desconegut,Unknown,Leisure and entertainment,Minor injury: Hospitalization up to 24 hours,433089.21,4586567.44,2.198103608,41.426035746,2023-04-26 21:00:00
2023S002454    ,Sants-Montjuïc,la Marina de Port,Ferrocarrils Catalans,Wednesday,2023,4,April,26,Afternoon,,Not caused by the pedestrian,Motorcycle,Woman,46,Driver,Desconegut,Unknown,Leisure and entertainment,Minor injury: Medical assistance at accident site,428544.53,4579173.07,2.144592524,41.35904577,2023-04-26 16:00:00
2023S002455    ,Eixample,la Dreta de l'Eixample,València,Wednesday,2023,4,April,26,Afternoon,,Not caused by the pedestrian,Bus,Man,27,Passenger,Desconegut,Unknown,Unknown,Minor injury: Medical assistance at accident site,430690.5,4583426.61,2.169759271,41.397543866,2023-04-26 21:00:00
2023S002456    ,Eixample,la Nova Esquerra de l'Eixample,Entença,Wednesday,2023,4,April,26,Afternoon,,Not caused by the pedestrian,Motorcycle,Man,33,Driver,Desconegut,Unknown,Unknown,Minor injury: Hospitalization up to 24 hours,428596.76,4581934.59,2.144891485,41.383922494,2023-04-26 20:00:00
2023S002457    ,Eixample,la Dreta de l'Eixample,Diagonal,Wednesday,2023,4,April,26,Morning,,Not caused by the pedestrian,Bicicleta,Man,48,Driver,Desconegut,Unknown,Commuting,Minor injury: Hospitalization up to 24 hours,430365.65,4583467.23,2.165868966,41.397881636,2023-04-26 09:00:00
2023S002458    ,Sarrià-Sant Gervasi,Sant Gervasi - la Bonanova,Isaac Newton,Wednesday,2023,4,April,26,Afternoon,,Not caused by the pedestrian,Motorcycle,Man,44,Driver,Desconegut,Unknown,Unknown,Minor injury: Hospitalization up to 24 hours,427700.96,4585357.3,2.133769917,41.414669411,2023-04-26 21:00:00
2023S002459    ,Sants-Montjuïc,el Poble-sec,Rius i Taulet,Thursday,2023,4,April,27,Morning,,Not caused by the pedestrian,Motorcycle,Man,30,Driver,Desconegut,Unknown,On a mission,Minor injury: Hospitalization up to 24 hours,429028.67,4580683.3,2.150203196,41.37269078,2023-04-27 11:00:00
2023S002460    ,Sants-Montjuïc,la Marina del Prat Vermell,Litoral (Besòs),Thursday,2023,4,April,27,Morning,,Not caused by the pedestrian,Motorcycle,Man,29,Driver,Desconegut,Unknown,Commuting,Minor injury: Hospitalization up to 24 hours,429359.74,4578350.94,2.154433479,41.351713051,2023-04-27 08:00:00
2023S002461    ,Eixample,la Dreta de l'Eixample,Sant Joan,Thursday,2023,4,April,27,Morning,,Not caused by the pedestrian,Veh. mobilitat personal amb motor,Man,41,Driver,Desconegut,Unknown,On a mission,Minor injury: Medical assistance at accident site,431068.55,4583231.96,2.174303422,41.395823228,2023-04-27 11:00:00
2023S002462    ,Sarrià-Sant Gervasi,Sant Gervasi - la Bonanova,Isaac Newton,Wednesday,2023,4,April,26,Night,,Not caused by the pedestrian,Motorcycle,Man,25,Driver,Desconegut,Unknown,Unknown,Serious injury: Hospitalization over 24 hours,427700.96,4585357.3,2.133769917,41.414669411,2023-04-26 22:00:00
2023S002463    ,Nou Barris,Vilapicina i la Torre Llobeta,Fabra i Puig,Thursday,2023,4,April,27,Morning,,Not caused by the pedestrian,Motorcycle,Woman,42,Driver,Desconegut,Unknown,Unknown,Minor injury: Hospitalization up to 24 hours,431870.03,4587039.84,2.183460905,41.430187961,2023-04-27 10:00:00
2023S002464    ,Eixample,l'Antiga Esquerra de l'Eixample,Muntaner,Thursday,2023,4,April,27,Morning,,Not caused by the pedestrian,Motorcycle,Woman,31,Driver,Desconegut,Unknown,Leisure and entertainment,Minor injury: Hospitalization up to 24 hours,429616.05,4582409.28,2.157025761,41.38828774,2023-04-27 12:00:00
2023S002465    ,Sants-Montjuïc,la Bordeta,Corts Catalanes,Thursday,2023,4,April,27,Afternoon,,Crossing outside the pedestrian crossing,Furgoneta,Man,41,Pedestrian,Fora del pas,Unknown,Unknown,Minor injury: Refused medical assistance,428173.37,4580228.73,2.140030528,41.368520706,2023-04-27 14:00:00
2023S002466    ,Sants-Montjuïc,Sants,Olzinelles,Thursday,2023,4,April,27,Morning,,Not caused by the pedestrian,Veh. mobilitat personal amb motor,Woman,83,Pedestrian,A la vorera / Andana,Unknown,Unknown,Minor injury: Hospitalization up to 24 hours,427932.49,4580580.57,2.137108749,41.371668064,2023-04-27 09:00:00
2023S002467    ,Sarrià-Sant Gervasi,Sant Gervasi - Galvany,General Mitre,Thursday,2023,4,April,27,Morning,,Not caused by the pedestrian,Taxi,Woman,47,Passenger,Desconegut,Unknown,Unknown,Minor injury: Hospitalization up to 24 hours,427948.82,4583902.85,2.136908662,41.401592051,2023-04-27 12:00:00
2023S002468    ,Horta-Guinardó,el Carmel,Conca de Tremp,Thursday,2023,4,April,27,Morning,,Not caused by the pedestrian,Bus,Woman,63,Passenger,Desconegut,Unknown,Unknown,Minor injury: Medical assistance at accident site,429686.83,4585955.29,2.157460107,41.420231583,2023-04-27 13:00:00
2023S002469    ,Sant Martí,Provençals del Poblenou,Josep Pla,Thursday,2023,4,April,27,Afternoon,,Not caused by the pedestrian,Ciclomotor,Woman,57,Driver,Desconegut,Unknown,Commuting,Minor injury: Hospitalization up to 24 hours,433916.35,4585318.16,2.208138288,41.414852326,2023-04-27 14:00:00
2023S002470    ,Horta-Guinardó,Horta,Dalt (Llobregat),Thursday,2023,4,April,27,Afternoon,,Not caused by the pedestrian,Car,Woman,23,Driver,Desconegut,Unknown,Commuting,Minor injury: Medical assistance at accident site,429739.8,4588052.89,2.157849982,41.439128473,2023-04-27 14:00:00
2023S002471    ,Eixample,la Dreta de l'Eixample,Gràcia,Thursday,2023,4,April,27,Afternoon,,Others,Bicicleta,Woman,42,Driver,Altres,Unknown,Unknown,Minor injury: Hospitalization up to 24 hours,430188.01,4582979.22,2.163800443,41.393470878,2023-04-27 14:00:00
2023S002472    ,Gràcia,la Salut,Dalt,Thursday,2023,4,April,27,Afternoon,,Not caused by the pedestrian,Motorcycle,Woman,34,Driver,Desconegut,Unknown,On a mission,Minor injury: Hospitalization up to 24 hours,429152.46,4584634.32,2.151220923,41.40828715,2023-04-27 14:00:00
2023S002473    ,Sant Martí,el Clot,Mallorca,Thursday,2023,4,April,27,Afternoon,,Not caused by the pedestrian,Motorcycle,Man,24,Driver,Desconegut,Unknown,Leisure and entertainment,Minor injury: Hospitalization up to 24 hours,432182.73,4585056.14,2.187425675,41.412347879,2023-04-27 15:00:00
2023S002474    ,Eixample,l'Antiga Esquerra de l'Eixample,Comte d'Urgell,Thursday,2023,4,April,27,Afternoon,,Not caused by the pedestrian,Motorcycle,Man,22,Passenger,Desconegut,Unknown,Unknown,Minor injury: Hospitalization up to 24 hours,429541.26,4581925.8,2.156187564,41.383926645,2023-04-27 16:00:00
2023S002475    ,Sant Andreu,la Trinitat Vella,Dalt (Llobregat),Thursday,2023,4,April,27,Afternoon,,Not caused by the pedestrian,Motorcycle,Woman,42,Driver,Desconegut,Unknown,Commuting,Minor injury: Hospitalization up to 24 hours,432617.25,4588906.94,2.192194823,41.447067383,2023-04-27 19:00:00
2023S002476    ,Sants-Montjuïc,Hostafrancs,Creu Coberta,Thursday,2023,4,April,27,Afternoon,,Crossing outside the pedestrian crossing,Motorcycle,Man,61,Pedestrian,Fora del pas,Unknown,Unknown,Minor injury: Hospitalization up to 24 hours,428557.14,4580958.15,2.14453285,41.375124519,2023-04-27 20:00:00
2023S002477    ,Horta-Guinardó,Horta,Tajo,Thursday,2023,4,April,27,Afternoon,,Not caused by the pedestrian,Ciclomotor,Woman,44,Driver,Desconegut,Unknown,Unknown,Minor injury: Hospitalization up to 24 hours,430074.77,4586997.05,2.161981441,41.429648195,2023-04-27 18:00:00
2023S002478    ,Sant Andreu,el Bon Pastor,Tàrrega,Thursday,2023,4,April,27,Afternoon,,Not caused by the pedestrian,Furgoneta,Woman,75,Pedestrian,En zona peatonal,Unknown,Unknown,Minor injury: Hospitalization up to 24 hours,433749.12,4587864.26,2.20585829,41.437770554,2023-04-27 17:00:00
2023S002479    ,Eixample,la Nova Esquerra de l'Eixample,Nicaragua,Thursday,2023,4,April,27,Afternoon,,Not caused by the pedestrian,Car,Woman,59,Passenger,Desconegut,Unknown,Unknown,Minor injury: Medical assistance at accident site,428500.64,4581652.19,2.143775351,41.381370475,2023-04-27 17:00:00
2023S002480    ,Eixample,la Dreta de l'Eixample,Catalunya,Thursday,2023,4,April,27,Afternoon,,Not caused by the pedestrian,Veh. mobilitat personal amb motor,Man,31,Driver,Desconegut,Unknown,Unknown,Minor injury: Hospitalization up to 24 hours,430345.56,4582527.49,2.165736808,41.389415958,2023-04-27 19:00:00
2023S002481    ,Eixample,la Dreta de l'Eixample,Roger de Llúria,Thursday,2023,4,April,27,Afternoon,,Not caused by the pedestrian,Car,Woman,73,Driver,Desconegut,Unknown,Other activities,Minor injury: Hospitalization up to 24 hours,430404.35,4583145.14,2.166368911,41.394984028,2023-04-27 17:00:00
2023S002482    ,Sant Martí,el Camp de l'Arpa del Clot,Indústria,Thursday,2023,4,April,27,Afternoon,,Not caused by the pedestrian,Ciclomotor,Man,34,Driver,Desconegut,Unknown,On a mission,Minor injury: Hospitalization up to 24 hours,431372.38,4585035.95,2.177732887,41.412097208,2023-04-27 20:00:00
2023S002483    ,Eixample,la Nova Esquerra de l'Eixample,Diputació,Thursday,2023,4,April,27,Afternoon,,Not caused by the pedestrian,Bicicleta,Man,71,Driver,Desconegut,Unknown,Unknown,Minor injury: Medical assistance at accident site,429596.92,4581809.04,2.156866764,41.382879901,2023-04-27 17:00:00
2023S002485    ,Les Corts,les Corts,Sarasate,Friday,2023,4,April,28,Morning,,Not caused by the pedestrian,Veh. mobilitat personal amb motor,Woman,39,Driver,Desconegut,Unknown,Commuting,Minor injury: Medical assistance at accident site,427344.87,4582569.22,2.129844346,41.389526211,2023-04-28 08:00:00
2023S002486    ,Unknown,Unknown,Unknown,Thursday,2023,4,April,27,Afternoon,,Not caused by the pedestrian,Bicicleta,Man,20,Driver,Desconegut,Unknown,Commuting,Minor injury: Medical assistance at accident site,432052.4,4583910.53,2.185995092,41.402018695,2023-04-27 20:00:00