Case_Number,District_Name,Neighborhood_Name,Street_Name,Day_of_Week,Year,Month_Code,Month_Name,Day_of_Month,Shift_Description,Hour_of_Day,Pedestrian_Cause_Description,Involved_Vehicle_Type,Gender_Description,Age,Person_Type_Description,Pedestrian_Accident_Location_Description,Pedestrian_Movement_Reason_Description,Driver_Movement_Reason_Description,Victimization_Description,UTM_X_Coordinate,UTM_Y_Coordinate,Longitude,Latitude,datetime
2023S002487    ,Sants-Montjuïc,la Marina de Port,Corts Catalanes,Thursday,2023,4,April,27,Afternoon,,Not caused by the pedestrian,Motorcycle,Woman,49,Driver,Desconegut,Unknown,Unknown,Minor injury: Hospitalization up to 24 hours,427959.32,4580039.04,2.137493915,41.366793095,2023-04-27 18:00:00
2023S002488    ,Sarrià-Sant Gervasi,Sarrià,Santa Amèlia,Friday,2023,4,April,28,Morning,,Crossing outside the pedestrian crossing,Taxi,Woman,75,Pedestrian,Fora del pas,Leisure and entertainment,Unknown,Minor injury: Hospitalization up to 24 hours,426864.4,4583072.08,2.12403731,41.394011695,2023-04-28 09:00:00
2023S002489    ,Gràcia,el Camp d'en Grassot i Gràcia Nova,Sant Antoni Maria Claret,Friday,2023,4,April,28,Morning,,Not caused by the pedestrian,Motorcycle,Woman,57,Driver,Desconegut,Unknown,Unknown,Minor injury: Hospitalization up to 24 hours,430353.54,4584203.44,2.165639368,41.404511384,2023-04-28 09:00:00
2023S002490    ,Gràcia,la Salut,Glòria,Friday,2023,4,April,28,Morning,,Walking on the road,Motorcycle,Man,79,Pedestrian,Fora del pas,Unknown,Unknown,Minor injury: Hospitalization up to 24 hours,428904.13,4584908.22,2.148217898,41.410732124,2023-04-28 10:00:00
2023S002491    ,Sarrià-Sant Gervasi,Sarrià,General Vives,Friday,2023,4,April,28,Morning,,Not caused by the pedestrian,Car,Woman,52,Passenger,Desconegut,Unknown,Unknown,Minor injury: Medical assistance at accident site,426082.19,4583902.0,2.114580314,41.40141486,2023-04-28 12:00:00
2023S002492    ,Sant Martí,el Parc i la Llacuna del Poblenou,Tànger,Friday,2023,4,April,28,Morning,,Not caused by the pedestrian,Motorcycle,Woman,75,Passenger,Desconegut,Unknown,Unknown,Minor injury: Hospitalization up to 24 hours,432615.57,4583950.92,2.192727345,41.402429902,2023-04-28 12:00:00
2023S002493    ,Eixample,la Sagrada Família,Provença,Friday,2023,4,April,28,Morning,,Crossing outside the pedestrian crossing,Bicicleta,Woman,29,Driver,Desconegut,Unknown,Commuting,Minor injury: Hospitalization up to 24 hours,431035.34,4584153.38,2.173801175,41.404119321,2023-04-28 09:00:00
2023S002495    ,Eixample,la Sagrada Família,Sardenya,Tuesday,2023,5,May,2,Morning,,Not caused by the pedestrian,Motorcycle,Man,65,Driver,Desconegut,Unknown,On a mission,Minor injury: Hospitalization up to 24 hours,431231.9,4583815.84,2.176190899,41.40109605,2023-05-02 12:00:00
2023S002496    ,Sant Andreu,el Bon Pastor,Sant Adrià,Thursday,2023,4,April,27,Afternoon,,Not caused by the pedestrian,Car,Woman,42,Driver,Desconegut,Unknown,Commuting,Minor injury: Hospitalization up to 24 hours,432821.18,4587554.95,2.194786384,41.434907557,2023-04-27 17:00:00
2023S002499    ,Horta-Guinardó,Montbau,Natzaret,Friday,2023,4,April,28,Afternoon,,Not caused by the pedestrian,Motorcycle,Man,35,Driver,Desconegut,Unknown,Commuting,Minor injury: Hospitalization up to 24 hours,428065.86,4586951.93,2.137945927,41.429064321,2023-04-28 16:00:00
2023S002500    ,Sarrià-Sant Gervasi,Sant Gervasi - la Bonanova,Dalt (Besòs),Friday,2023,4,April,28,Afternoon,,Not caused by the pedestrian,Motorcycle,Woman,49,Driver,Desconegut,Unknown,Commuting,Minor injury: Hospitalization up to 24 hours,427018.54,4584886.84,2.125662,41.410370471,2023-04-28 14:00:00
2023S002501    ,Eixample,la Dreta de l'Eixample,Aragó,Friday,2023,4,April,28,Afternoon,,Not caused by the pedestrian,Motorcycle,Man,22,Driver,Desconegut,Unknown,Commuting,Minor injury: Medical assistance at accident site,430977.58,4583518.03,2.1731827,41.398391964,2023-04-28 14:00:00
2023S002502    ,Horta-Guinardó,Can Baró,Mare de Déu de Montserrat,Friday,2023,4,April,28,Afternoon,,Not caused by the pedestrian,Car,Woman,29,Passenger,Desconegut,Unknown,Unknown,Minor injury: Hospitalization up to 24 hours,430138.71,4585293.05,2.162943584,41.414306467,2023-04-28 21:00:00
2023S002503    ,Gràcia,la Vila de Gràcia,Verdi,Friday,2023,4,April,28,Afternoon,,Not caused by the pedestrian,Bicicleta,Woman,45,Pedestrian,En zona peatonal,Unknown,Unknown,Minor injury: Hospitalization up to 24 hours,429536.87,4584232.32,2.155866541,41.404700291,2023-04-28 19:00:00
2023S002504    ,Sants-Montjuïc,Hostafrancs,Corts Catalanes,Friday,2023,4,April,28,Afternoon,,Not caused by the pedestrian,Taxi,Man,54,Driver,Desconegut,Unknown,On a mission,Minor injury: Medical assistance at accident site,428691.28,4580704.77,2.146166601,41.372854314,2023-04-28 19:00:00
2023S002505    ,Les Corts,Pedralbes,Doctor Joaquín Albarrán,Friday,2023,4,April,28,Night,,Not caused by the pedestrian,Motorcycle,Man,41,Driver,Desconegut,Unknown,Commuting,Minor injury: Hospitalization up to 24 hours,425534.86,4582570.14,2.108197105,41.389368878,2023-04-28 22:00:00
2023S002506    ,Sants-Montjuïc,la Marina de Port,Mineria,Saturday,2023,4,April,29,Night,,Not caused by the pedestrian,Bicicleta,Man,29,Driver,Desconegut,Unknown,Leisure and entertainment,Minor injury: Medical assistance at accident site,428189.67,4580069.1,2.140244323,41.367084428,2023-04-29 00:00:00
2023S002508    ,Eixample,la Dreta de l'Eixample,Corts Catalanes,Saturday,2023,4,April,29,Night,,Not caused by the pedestrian,Bicicleta,Man,26,Driver,Desconegut,Unknown,Leisure and entertainment,Minor injury: Hospitalization up to 24 hours,430557.69,4582525.42,2.168274082,41.389415667,2023-04-29 02:00:00
2023S002509    ,Ciutat Vella,"Sant Pere, Santa Caterina i la Ribera",Isabel II,Saturday,2023,4,April,29,Night,,Crossing outside the pedestrian crossing,Car,Man,44,Pedestrian,Fora del pas,Unknown,Unknown,Minor injury: Hospitalization up to 24 hours,431756.16,4581715.31,2.182698911,41.382221859,2023-04-29 00:00:00
2023S002510    ,Eixample,la Dreta de l'Eixample,València,Saturday,2023,4,April,29,Morning,,Not caused by the pedestrian,Tot terreny,Woman,21,Passenger,Desconegut,Unknown,Unknown,Minor injury: Medical assistance at accident site,430924.97,4583640.29,2.17253945,41.399488602,2023-04-29 06:00:00
2023S002511    ,Sants-Montjuïc,la Marina de Port,Mare de Déu de Port,Friday,2023,4,April,28,Afternoon,,Not caused by the pedestrian,Veh. mobilitat personal amb motor,Man,20,Driver,Desconegut,Unknown,Other activities,Minor injury: Hospitalization up to 24 hours,428079.98,4579792.37,2.138965744,41.364582217,2023-04-28 21:00:00
2023S002512    ,Eixample,l'Antiga Esquerra de l'Eixample,Sarrià,Saturday,2023,4,April,29,Morning,,Not caused by the pedestrian,Motorcycle,Man,32,Driver,Desconegut,Unknown,Unknown,Minor injury: Hospitalization up to 24 hours,428835.43,4582607.92,2.14766654,41.390008099,2023-04-29 08:00:00
2023S002513    ,Les Corts,les Corts,Deu i Mata,Saturday,2023,4,April,29,Morning,,Not caused by the pedestrian,Motorcycle,Man,45,Driver,Desconegut,Unknown,Leisure and entertainment,Minor injury: Medical assistance at accident site,427814.08,4582415.09,2.13547435,41.38818029,2023-04-29 10:00:00
2023S002514    ,Eixample,la Dreta de l'Eixample,Diagonal,Saturday,2023,4,April,29,Morning,,Not caused by the pedestrian,Motorcycle,Man,71,Driver,Desconegut,Unknown,Other activities,Minor injury: Hospitalization up to 24 hours,430883.1,4583614.29,2.172041585,41.399250828,2023-04-29 10:00:00
2023S002515    ,Ciutat Vella,"Sant Pere, Santa Caterina i la Ribera",Fusina,Saturday,2023,4,April,29,Morning,,Not caused by the pedestrian,Bicicleta,Woman,28,Driver,Desconegut,Unknown,Leisure and entertainment,Minor injury: Hospitalization up to 24 hours,431869.11,4582242.95,2.183990263,41.386983751,2023-04-29 12:00:00
2023S002516    ,Horta-Guinardó,Sant Genís dels Agudells,Vallvidrera al Tibidabo,Saturday,2023,4,April,29,Morning,,Not caused by the pedestrian,Motorcycle,Man,31,Driver,Desconegut,Unknown,Unknown,Minor injury: Hospitalization up to 24 hours,426683.08,4586047.98,2.121507915,41.42079778,2023-04-29 13:00:00
2023S002517    ,Horta-Guinardó,Montbau,Dalt (Besòs),Saturday,2023,4,April,29,Afternoon,,Not caused by the pedestrian,Autobús articulat,Man,61,Passenger,Desconegut,Unknown,Unknown,Minor injury: Hospitalization up to 24 hours,428699.69,4587310.04,2.145488718,41.43234621,2023-04-29 14:00:00
2023S002518    ,Nou Barris,Vilapicina i la Torre Llobeta,Petrarca,Saturday,2023,4,April,29,Morning,,Not caused by the pedestrian,Motorcycle,Woman,47,Driver,Desconegut,Unknown,Leisure and entertainment,Minor injury: Medical assistance at accident site,430298.84,4586887.54,2.164675563,41.428681366,2023-04-29 13:00:00
2023S002519    ,Eixample,el Fort Pienc,Nàpols,Tuesday,2023,5,May,2,Morning,,Not caused by the pedestrian,Motorcycle,Man,49,Driver,Desconegut,Unknown,Other activities,Minor injury: Hospitalization up to 24 hours,431743.53,4582916.38,2.182412469,41.393038496,2023-05-02 08:00:00
2023S002520    ,Eixample,el Fort Pienc,Marina,Saturday,2023,4,April,29,Afternoon,,Not caused by the pedestrian,Veh. mobilitat personal amb motor,Man,30,Driver,Desconegut,Unknown,Leisure and entertainment,Minor injury: Hospitalization up to 24 hours,431844.57,4583386.88,2.183567976,41.39728473,2023-04-29 17:00:00
2023S002521    ,Sarrià-Sant Gervasi,Sant Gervasi - Galvany,Muntaner,Saturday,2023,4,April,29,Afternoon,,Not caused by the pedestrian,Ciclomotor,Man,21,Driver,Desconegut,Unknown,Unknown,Minor injury: Hospitalization up to 24 hours,429001.92,4583052.43,2.149605603,41.394026363,2023-04-29 16:00:00
2023S002522    ,Eixample,la Dreta de l'Eixample,Sant Pere,Saturday,2023,4,April,29,Morning,,Not caused by the pedestrian,Bus,Woman,62,Passenger,Desconegut,Unknown,Unknown,Minor injury: Hospitalization up to 24 hours,431157.87,4582598.57,2.175443819,41.390126129,2023-04-29 13:00:00
2023S002523    ,Nou Barris,el Turó de la Peira,Nil,Saturday,2023,4,April,29,Afternoon,,Not caused by the pedestrian,Car,Man,76,Driver,Desconegut,Unknown,Unknown,Minor injury: Medical assistance at accident site,430890.62,4587493.71,2.171688066,41.43419208,2023-04-29 15:00:00
2023S002524    ,Eixample,la Nova Esquerra de l'Eixample,Espanya,Saturday,2023,4,April,29,Afternoon,,Not caused by the pedestrian,Motorcycle,Woman,28,Passenger,Desconegut,Unknown,Unknown,Minor injury: Hospitalization up to 24 hours,429045.14,4580981.92,2.150365152,41.375381806,2023-04-29 19:00:00
2023S002525    ,Nou Barris,la Prosperitat,Favència,Saturday,2023,4,April,29,Afternoon,,Not caused by the pedestrian,Motorcycle,Man,29,Driver,Desconegut,Unknown,Leisure and entertainment,Minor injury: Hospitalization up to 24 hours,431275.63,4588731.92,2.176154967,41.445377239,2023-04-29 21:00:00
2023S002526    ,Les Corts,la Maternitat i Sant Ramon,Carles III,Saturday,2023,4,April,29,Morning,,Not caused by the pedestrian,Car,Woman,45,Driver,Desconegut,Unknown,Unknown,Minor injury: Hospitalization up to 24 hours,427237.07,4581573.54,2.128674729,41.380548764,2023-04-29 11:00:00
2023S002527    ,Sant Andreu,Sant Andreu,Torras i Bages,Saturday,2023,4,April,29,Night,,Not caused by the pedestrian,Veh. mobilitat personal amb motor,Man,17,Driver,Desconegut,Unknown,Leisure and entertainment,Minor injury: Medical assistance at accident site,432495.04,4588039.08,2.190828948,41.43924059,2023-04-29 22:00:00
2023S002528    ,Eixample,l'Antiga Esquerra de l'Eixample,Villarroel,Sunday,2023,4,April,30,Night,,Not caused by the pedestrian,Motorcycle,Man,58,Driver,Desconegut,Unknown,Commuting,Minor injury: Hospitalization up to 24 hours,429135.99,4582517.08,2.151271833,41.389216485,2023-04-30 00:00:00
2023S002529    ,Eixample,el Fort Pienc,Corts Catalanes,Saturday,2023,4,April,29,Night,,Not caused by the pedestrian,Bicicleta,Man,18,Driver,Desconegut,Unknown,Unknown,Minor injury: Medical assistance at accident site,431553.84,4583500.42,2.180077624,41.398282643,2023-04-29 22:00:00
2023S002530    ,Eixample,la Nova Esquerra de l'Eixample,Vilamarí,Sunday,2023,4,April,23,Night,,Not caused by the pedestrian,Taxi,Man,49,Driver,Desconegut,Unknown,Taxi,Minor injury: Hospitalization up to 24 hours,428875.47,4581460.32,2.148280205,41.379675608,2023-04-23 02:00:00
2023S002531    ,Eixample,l'Antiga Esquerra de l'Eixample,Provença,Saturday,2023,4,April,29,Afternoon,,Not caused by the pedestrian,Ciclomotor,Man,30,Driver,Desconegut,Unknown,Unknown,Minor injury: Refused medical assistance,429551.72,4582681.47,2.156224727,41.39073363,2023-04-29 21:00:00
2023S002532    ,Gràcia,la Salut,Dalt,Sunday,2023,4,April,30,Morning,,Not caused by the pedestrian,Motorcycle,Woman,34,Passenger,Desconegut,Unknown,Unknown,Minor injury: Hospitalization up to 24 hours,429663.73,4584912.26,2.157305046,41.410835379,2023-04-30 09:00:00
2023S002534    ,Sarrià-Sant Gervasi,Sarrià,Augusta,Sunday,2023,4,April,30,Morning,,Not caused by the pedestrian,Car,Woman,44,Passenger,Desconegut,Unknown,Unknown,Minor injury: Hospitalization up to 24 hours,426883.33,4583690.92,2.124188957,41.399587047,2023-04-30 11:00:00
2023S002535    ,Sants-Montjuïc,la Bordeta,Blanca,Sunday,2023,4,April,30,Morning,,Not caused by the pedestrian,Veh. mobilitat personal amb motor,Man,34,Driver,Desconegut,Unknown,Leisure and entertainment,Minor injury: Medical assistance at accident site,427414.26,4580298.28,2.130946365,41.369078986,2023-04-30 13:00:00
2023S002536    ,Eixample,la Dreta de l'Eixample,Cinc d'Oros,Sunday,2023,4,April,30,Afternoon,,Not caused by the pedestrian,Motorcycle,Man,35,Driver,Desconegut,Unknown,Unknown,Minor injury: Refused medical assistance,429834.22,4583321.69,2.15952922,41.396524584,2023-04-30 17:00:00
2023S002537    ,Ciutat Vella,la Barceloneta,Trelawny,Sunday,2023,4,April,30,Afternoon,,Not caused by the pedestrian,Bus,Woman,72,Passenger,Desconegut,Unknown,Unknown,Minor injury: Hospitalization up to 24 hours,432767.26,4582084.73,2.194749208,41.385634315,2023-04-30 17:00:00
2023S002538    ,Sant Martí,el Clot,Aragó,Sunday,2023,4,April,30,Afternoon,,Not caused by the pedestrian,Car,Woman,35,Passenger,Desconegut,Unknown,Unknown,Minor injury: Hospitalization up to 24 hours,431934.16,4584454.66,2.184519459,41.406909506,2023-04-30 18:00:00
2023S002539    ,Sant Andreu,el Congrés i els Indians,Felip II,Sunday,2023,4,April,30,Afternoon,,Not caused by the pedestrian,Car,Woman,51,Pedestrian,En pas regulat per semàfor,Unknown,Unknown,Minor injury: Hospitalization up to 24 hours,431733.06,4586401.71,2.181893834,41.424428902,2023-04-30 17:00:00
2023S002542    ,Ciutat Vella,"Sant Pere, Santa Caterina i la Ribera",Isabel II,Monday,2023,5,May,1,Morning,,Not caused by the pedestrian,Car,Man,56,Driver,Desconegut,Unknown,"Anada/tornada de ponts, festius, vacances",Minor injury: Medical assistance at accident site,431800.69,4581708.65,2.183232175,41.382165653,2023-05-01 07:00:00
2023S002543    ,Horta-Guinardó,la Font d'en Fargues,Aguilar,Sunday,2023,4,April,30,Afternoon,,Not caused by the pedestrian,Ciclomotor,Woman,27,Driver,Desconegut,Unknown,Leisure and entertainment,Minor injury: Medical assistance at accident site,430734.37,4586502.89,2.169931654,41.42525466,2023-04-30 19:00:00
2023S002544    ,Nou Barris,Porta,Piferrer,Sunday,2023,4,April,30,Afternoon,,Not caused by the pedestrian,Motorcycle,Woman,56,Passenger,Desconegut,Unknown,Unknown,Minor injury: Hospitalization up to 24 hours,431361.39,4587243.38,2.177350714,41.431977844,2023-04-30 15:00:00
2023S002545    ,Sant Andreu,Sant Andreu,Meridiana,Sunday,2023,4,April,30,Afternoon,,Not caused by the pedestrian,Car,Man,31,Pedestrian,En pas regulat per semàfor,Unknown,Unknown,Minor injury: Hospitalization up to 24 hours,431955.39,4587752.15,2.184402197,41.436610735,2023-04-30 20:00:00
2023S002547    ,Les Corts,les Corts,Diagonal,Monday,2023,5,May,1,Afternoon,,Not caused by the pedestrian,Motorcycle,Woman,51,Driver,Desconegut,Unknown,Leisure and entertainment,Minor injury: Hospitalization up to 24 hours,427954.95,4582701.1,2.137125048,41.390768909,2023-05-01 14:00:00
2023S002548    ,Horta-Guinardó,el Baix Guinardó,Guinardó,Monday,2023,5,May,1,Afternoon,,Not caused by the pedestrian,Autobús articulat,Woman,27,Passenger,Desconegut,Unknown,Unknown,Minor injury: Hospitalization up to 24 hours,430786.53,4585244.59,2.1706999,41.41392609,2023-05-01 14:00:00
2023S002549    ,Eixample,la Dreta de l'Eixample,Catalunya,Monday,2023,5,May,1,Morning,,Crossing outside the pedestrian crossing,Car,Man,5,Pedestrian,Fora del pas,Leisure and entertainment,Unknown,Minor injury: Hospitalization up to 24 hours,429923.41,4582921.28,2.160642391,41.392926007,2023-05-01 13:00:00
2023S002552    ,Sant Martí,el Poblenou,Taulat,Monday,2023,5,May,1,Afternoon,,Not caused by the pedestrian,Motorcycle,Man,43,Driver,Desconegut,Unknown,Leisure and entertainment,Minor injury: Hospitalization up to 24 hours,433880.3,4583804.1,2.207872486,41.401212599,2023-05-01 15:00:00
2023S002553    ,Sant Martí,el Poblenou,Llull,Monday,2023,5,May,1,Afternoon,,Not caused by the pedestrian,Motorcycle,Man,31,Driver,Desconegut,Unknown,Other activities,Minor injury: Hospitalization up to 24 hours,433531.59,4583927.83,2.203687591,41.402298235,2023-05-01 18:00:00
2023S002554    ,Ciutat Vella,el Barri Gòtic,Ample,Monday,2023,5,May,1,Afternoon,,Not caused by the pedestrian,Bicicleta,Woman,28,Pedestrian,Altres,Unknown,Unknown,Minor injury: Hospitalization up to 24 hours,431507.83,4581480.02,2.179755856,41.380081551,2023-05-01 18:00:00
2023S002555    ,Sant Andreu,el Bon Pastor,Sant Adrià,Saturday,2023,4,April,29,Afternoon,,Not caused by the pedestrian,Car,Woman,18,Pedestrian,En pas sense regular,Unknown,Unknown,Minor injury: Hospitalization up to 24 hours,433778.71,4587716.11,2.206228692,41.436438654,2023-04-29 21:00:00
2023S002556    ,Ciutat Vella,la Barceloneta,Marítim de la Barceloneta,Monday,2023,5,May,1,Afternoon,,Not caused by the pedestrian,Bicicleta,Man,73,Pedestrian,En zona peatonal,Unknown,Unknown,Minor injury: Hospitalization up to 24 hours,432534.07,4581338.0,2.19204363,41.378889165,2023-05-01 18:00:00
2023S002557    ,Sant Martí,el Parc i la Llacuna del Poblenou,Badajoz,Monday,2023,5,May,1,Afternoon,,Not caused by the pedestrian,Motorcycle,Man,27,Driver,Desconegut,Unknown,Unknown,Minor injury: Hospitalization up to 24 hours,432422.94,4583950.03,2.190423152,41.402405709,2023-05-01 21:00:00
2023S002559    ,Sants-Montjuïc,Hostafrancs,Corts Catalanes,Tuesday,2023,5,May,2,Night,,Not caused by the pedestrian,Bus,Man,50,Passenger,Desconegut,Unknown,Unknown,Minor injury: Hospitalization up to 24 hours,428831.97,4580872.86,2.147829048,41.374380705,2023-05-02 00:00:00
2023S002560    ,Sant Martí,Provençals del Poblenou,Perú,Tuesday,2023,5,May,2,Morning,,Not caused by the pedestrian,Motorcycle,Man,26,Driver,Desconegut,Unknown,Unknown,Minor injury: Hospitalization up to 24 hours,433476.69,4585173.83,2.202893815,41.413516089,2023-05-02 07:00:00
2023S002561    ,Ciutat Vella,"Sant Pere, Santa Caterina i la Ribera",Picasso,Tuesday,2023,5,May,2,Night,,Not caused by the pedestrian,Autobús articulat,Man,70,Passenger,Desconegut,Unknown,Unknown,Minor injury: Hospitalization up to 24 hours,431740.53,4582375.11,2.182437621,41.388163173,2023-05-02 05:00:00
2023S002562    ,Les Corts,la Maternitat i Sant Ramon,Diagonal,Tuesday,2023,5,May,2,Morning,,Not caused by the pedestrian,Tren o tramvia,Man,29,Pedestrian,En pas regulat per semàfor,Student heading to an educational center,Unknown,Minor injury: Medical assistance at accident site,426498.51,4582192.32,2.119767889,41.386054694,2023-05-02 09:00:00
2023S002565    ,Eixample,l'Antiga Esquerra de l'Eixample,Mallorca,Tuesday,2023,5,May,2,Morning,,Not caused by the pedestrian,Motorcycle,Woman,52,Driver,Desconegut,Unknown,Unknown,Minor injury: Hospitalization up to 24 hours,429758.43,4582716.08,2.15869297,41.391063439,2023-05-02 12:00:00
2023S002566    ,Sants-Montjuïc,la Marina del Prat Vermell,Litoral (Llobregat),Tuesday,2023,5,May,2,Afternoon,,Not caused by the pedestrian,Furgoneta,Woman,34,Driver,Desconegut,Unknown,Leisure and entertainment,Minor injury: Hospitalization up to 24 hours,427935.52,4577677.3,2.137490029,41.345519546,2023-05-02 14:00:00
2023S002567    ,Eixample,la Dreta de l'Eixample,Bailèn,Tuesday,2023,5,May,2,Afternoon,,Not caused by the pedestrian,Motorcycle,Man,43,Driver,Desconegut,Unknown,Commuting,Minor injury: Hospitalization up to 24 hours,431275.02,4582830.46,2.176818603,41.392224718,2023-05-02 14:00:00
2023S002569    ,Horta-Guinardó,Montbau,Dalt (Besòs),Tuesday,2023,5,May,2,Afternoon,,Not caused by the pedestrian,Motorcycle,Man,29,Driver,Desconegut,Unknown,Unknown,Minor injury: Hospitalization up to 24 hours,428614.9,4587084.65,2.144500616,41.430308683,2023-05-02 14:00:00
2023S002570    ,Gràcia,la Vila de Gràcia,Sant Antoni,Tuesday,2023,5,May,2,Afternoon,,Walking on the road,Furgoneta,Woman,56,Pedestrian,En zona peatonal,Commuting,Unknown,Minor injury: Hospitalization up to 24 hours,429393.89,4583991.24,2.154184268,41.402516419,2023-05-02 15:00:00
2023S002571    ,Sant Martí,Provençals del Poblenou,C-31,Tuesday,2023,5,May,2,Afternoon,,Disobeying the traffic light signal,Furgoneta,Man,69,Pedestrian,En pas regulat per semàfor,Leisure and entertainment,Unknown,Serious injury: Hospitalization over 24 hours,432800.78,4584710.49,2.194858496,41.409286652,2023-05-02 16:00:00
2023S002572    ,Sant Martí,el Camp de l'Arpa del Clot,Indústria,Tuesday,2023,5,May,2,Afternoon,,Not caused by the pedestrian,Motorcycle,Man,25,Driver,Desconegut,Unknown,Unknown,Minor injury: Hospitalization up to 24 hours,431634.8,4585306.27,2.180841921,41.414554272,2023-05-02 14:00:00
2023S002573    ,Eixample,l'Antiga Esquerra de l'Eixample,Mallorca,Thursday,2023,4,April,27,Morning,,Not caused by the pedestrian,Motorcycle,Man,52,Driver,Desconegut,Unknown,Commuting,Minor injury: Hospitalization up to 24 hours,429758.43,4582716.08,2.15869297,41.391063439,2023-04-27 12:00:00
2023S002574    ,Sants-Montjuïc,Sants,Sants,Tuesday,2023,5,May,2,Afternoon,,Not caused by the pedestrian,Veh. mobilitat personal amb motor,Man,20,Driver,Desconegut,Unknown,Unknown,Minor injury: Refused medical assistance,427666.95,4581013.64,2.133882128,41.375544734,2023-05-02 15:00:00
2023S002575    ,Les Corts,les Corts,Diagonal,Tuesday,2023,5,May,2,Afternoon,,Not caused by the pedestrian,Altres vehicles amb motor,Woman,42,Pedestrian,En pas regulat per semàfor,Unknown,Unknown,Minor injury: Medical assistance at accident site,427575.97,4582577.49,2.13260725,41.389621548,2023-05-02 16:00:00
2023S002576    ,Gràcia,la Salut,Dalt,Tuesday,2023,5,May,2,Afternoon,,Not caused by the pedestrian,Bicicleta,Man,31,Driver,Desconegut,Unknown,Unknown,Minor injury: Hospitalization up to 24 hours,429180.51,4584649.1,2.151554761,41.408422741,2023-05-02 18:00:00
2023S002578    ,Les Corts,les Corts,Flos i Calcat,Tuesday,2023,5,May,2,Afternoon,,Not caused by the pedestrian,Motorcycle,Woman,27,Driver,Desconegut,Unknown,Leisure and entertainment,Minor injury: Hospitalization up to 24 hours,427250.74,4582642.08,2.128709822,41.390173919,2023-05-02 19:00:00
2023S002579    ,Sant Martí,la Vila Olímpica del Poblenou,Litoral,Tuesday,2023,5,May,2,Afternoon,,Not caused by the pedestrian,Motorcycle,Woman,31,Driver,Desconegut,Unknown,Unknown,Minor injury: Medical assistance at accident site,432888.89,4582323.45,2.196177347,41.38779457,2023-05-02 19:00:00
2023S002580    ,Eixample,la Dreta de l'Eixample,Girona,Tuesday,2023,5,May,2,Afternoon,,Not caused by the pedestrian,Car,Man,80,Pedestrian,En pas regulat per semàfor,Unknown,Unknown,Minor injury: Medical assistance at accident site,430368.98,4583521.24,2.165902583,41.398368374,2023-05-02 19:00:00
2023S002581    ,Sants-Montjuïc,la Marina del Prat Vermell,Litoral (Besòs),Tuesday,2023,5,May,2,Afternoon,,Not caused by the pedestrian,Motorcycle,Man,24,Driver,Desconegut,Unknown,Commuting,Minor injury: Hospitalization up to 24 hours,430634.28,4579558.39,2.169529815,41.362699086,2023-05-02 19:00:00
2023S002582    ,Sants-Montjuïc,la Bordeta,Mig (Ascendent),Tuesday,2023,5,May,2,Night,,Others,Motorcycle,Man,58,Driver,Desconegut,Unknown,Commuting,Minor injury: Hospitalization up to 24 hours,427578.77,4580280.39,2.132915382,41.368932683,2023-05-02 22:00:00
2023S002584    ,Eixample,la Dreta de l'Eixample,Corts Catalanes,Tuesday,2023,5,May,2,Afternoon,,Not caused by the pedestrian,Motorcycle,Man,35,Driver,Desconegut,Unknown,Commuting,Minor injury: Hospitalization up to 24 hours,430973.07,4582896.51,2.173199642,41.392793737,2023-05-02 17:00:00
2023S002585    ,Sant Martí,el Poblenou,Salvador Espriu,Tuesday,2023,5,May,2,Afternoon,,Not caused by the pedestrian,Motorcycle,Man,28,Driver,Desconegut,Unknown,Unknown,Minor injury: Hospitalization up to 24 hours,433331.93,4582763.2,2.201427507,41.391792158,2023-05-02 19:00:00
2023S002586    ,Sants-Montjuïc,Sants,Galileu,Tuesday,2023,5,May,2,Afternoon,,Not caused by the pedestrian,Motorcycle,Woman,38,Driver,Desconegut,Unknown,Unknown,Minor injury: Hospitalization up to 24 hours,427645.02,4581636.85,2.133545467,41.381155782,2023-05-02 19:00:00
2023S002587    ,Sarrià-Sant Gervasi,Sant Gervasi - Galvany,Balmes,Tuesday,2023,5,May,2,Night,,Not caused by the pedestrian,Ciclomotor,Man,24,Driver,Desconegut,Unknown,On a mission,Minor injury: Hospitalization up to 24 hours,428910.23,4583798.79,2.148421258,41.40074045,2023-05-02 22:00:00
2023S002588    ,Les Corts,la Maternitat i Sant Ramon,Xile,Wednesday,2023,5,May,3,Night,,Not caused by the pedestrian,Car,Man,40,Driver,Desconegut,Unknown,"Bombers, policia, ambulància",Minor injury: Hospitalization up to 24 hours,425915.92,4581315.18,2.112907967,41.3781012,2023-05-03 03:00:00
2023S002589    ,Eixample,la Sagrada Família,Rosselló,Wednesday,2023,5,May,3,Morning,,Not caused by the pedestrian,Car,Man,53,Driver,Desconegut,Unknown,Commuting,Minor injury: Medical assistance at accident site,431318.77,4584618.22,2.177138938,41.408330266,2023-05-03 07:00:00
2023S002591    ,Eixample,la Sagrada Família,Diagonal,Wednesday,2023,5,May,3,Morning,,Not caused by the pedestrian,Motorcycle,Man,60,Driver,Desconegut,Unknown,Unknown,Serious injury: Hospitalization over 24 hours,431264.72,4583795.85,2.176585763,41.400918815,2023-05-03 09:00:00