Case_Number,District_Name,Neighborhood_Name,Street_Name,Day_of_Week,Year,Month_Code,Month_Name,Day_of_Month,Shift_Description,Hour_of_Day,Pedestrian_Cause_Description,Involved_Vehicle_Type,Gender_Description,Age,Person_Type_Description,Pedestrian_Accident_Location_Description,Pedestrian_Movement_Reason_Description,Driver_Movement_Reason_Description,Victimization_Description,UTM_X_Coordinate,UTM_Y_Coordinate,Longitude,Latitude,datetime
2023S002686    ,Eixample,la Dreta de l'Eixample,Diagonal,Saturday,2023,5,May,6,Night,,Not caused by the pedestrian,Motorcycle,Man,23,Driver,Desconegut,Unknown,Leisure and entertainment,Minor injury: Medical assistance at accident site,430134.59,4583421.81,2.163110418,41.397452499,2023-05-06 04:00:00
2023S002687    ,Sant Martí,Diagonal Mar i el Front Marítim del Poblenou,Litoral (Llobregat),Friday,2023,5,May,5,Afternoon,,Not caused by the pedestrian,Car,Woman,37,Passenger,Desconegut,Unknown,Unknown,Minor injury: Medical assistance at accident site,434167.41,4583754.91,2.21131228,41.40079313,2023-05-05 17:00:00
2023S002688    ,Les Corts,les Corts,Josep Tarradellas,Friday,2023,5,May,5,Afternoon,,Not caused by the pedestrian,Motorcycle,Man,25,Driver,Desconegut,Unknown,Leisure and entertainment,Minor injury: Medical assistance at accident site,428499.73,4582666.13,2.143644741,41.390502587,2023-05-05 16:00:00
2023S002689    ,Sarrià-Sant Gervasi,Sant Gervasi - Galvany,Gràcia,Friday,2023,5,May,5,Afternoon,,Not caused by the pedestrian,Motorcycle,Woman,25,Driver,Desconegut,Unknown,Leisure and entertainment,Minor injury: Refused medical assistance,429034.46,4583295.16,2.14996634,41.396215419,2023-05-05 17:00:00
2023S002690    ,Sarrià-Sant Gervasi,Sant Gervasi - Galvany,Copèrnic,Friday,2023,5,May,5,Afternoon,,Not caused by the pedestrian,Motorcycle,Man,20,Driver,Desconegut,Unknown,Unknown,Minor injury: Hospitalization up to 24 hours,427875.4,4583722.21,2.136051948,41.399958512,2023-05-05 17:00:00
2023S002691    ,Sants-Montjuïc,la Marina del Prat Vermell,Litoral (Llobregat),Thursday,2023,5,May,4,Afternoon,,Not caused by the pedestrian,Motorcycle,Man,49,Driver,Desconegut,Unknown,Commuting,Minor injury: Hospitalization up to 24 hours,427781.46,4576414.5,2.135799013,41.33413209,2023-05-04 18:00:00
2023S002692    ,Sant Andreu,Sant Andreu,Meridiana,Friday,2023,5,May,5,Afternoon,,Not caused by the pedestrian,Motorcycle,Man,51,Driver,Desconegut,Unknown,Commuting,Minor injury: Hospitalization up to 24 hours,432119.65,4588374.5,2.18629819,41.442229936,2023-05-05 15:00:00
2023S002693    ,Sant Andreu,el Bon Pastor,Potosí,Friday,2023,5,May,5,Afternoon,,Not caused by the pedestrian,Motorcycle,Man,36,Driver,Desconegut,Unknown,Leisure and entertainment,Minor injury: Hospitalization up to 24 hours,433283.08,4588420.85,2.200218856,41.442744975,2023-05-05 18:00:00
2023S002694    ,Les Corts,la Maternitat i Sant Ramon,Diagonal,Saturday,2023,5,May,6,Night,,Not caused by the pedestrian,Car,Woman,26,Passenger,Desconegut,Unknown,Unknown,Minor injury: Hospitalization up to 24 hours,426608.6,4582318.0,2.121069228,41.387196699,2023-05-06 05:00:00
2023S002695    ,Nou Barris,Verdun,Júlia,Friday,2023,5,May,5,Afternoon,,Not caused by the pedestrian,"Camió rígid > 3,5 tones",Woman,21,Passenger,A la vorera / Andana,Unknown,Unknown,Minor injury: Medical assistance at accident site,431399.53,4588343.96,2.177682148,41.441893631,2023-05-05 18:00:00
2023S002696    ,Sarrià-Sant Gervasi,Sant Gervasi - Galvany,Marià Cubí,Saturday,2023,5,May,6,Morning,,Not caused by the pedestrian,Taxi,Man,22,Driver,Desconegut,Unknown,Taxi,Minor injury: Medical assistance at accident site,429021.33,4583530.77,2.149781658,41.398336313,2023-05-06 06:00:00
2023S002697    ,Sant Martí,el Poblenou,Ramon Turró,Friday,2023,5,May,5,Afternoon,,Not caused by the pedestrian,Bicicleta,Woman,38,Driver,Desconegut,Unknown,Leisure and entertainment,Minor injury: Hospitalization up to 24 hours,433716.04,4583891.71,2.205897994,41.401988148,2023-05-05 15:00:00
2023S002699    ,Horta-Guinardó,Horta,Dalt (Llobregat),Saturday,2023,5,May,6,Morning,,Not caused by the pedestrian,"Camió rígid > 3,5 tones",Man,54,Driver,Desconegut,Unknown,On a mission,Minor injury: Medical assistance at accident site,429801.64,4588056.05,2.158589772,41.439162346,2023-05-06 11:00:00
2023S002700    ,Nou Barris,la Trinitat Nova,Dalt (Besòs),Saturday,2023,5,May,6,Morning,,Not caused by the pedestrian,Car,Woman,84,Driver,Desconegut,Unknown,On a mission,Minor injury: Hospitalization up to 24 hours,431724.23,4588823.72,2.181514384,41.446242348,2023-05-06 10:00:00
2023S002701    ,Sants-Montjuïc,la Bordeta,Mig (Descendent),Saturday,2023,5,May,6,Morning,,Not caused by the pedestrian,Motorcycle,Woman,15,Passenger,Desconegut,Unknown,Unknown,Minor injury: Hospitalization up to 24 hours,427726.02,4579962.15,2.134713848,41.36607965,2023-05-06 09:00:00
2023S002702    ,Nou Barris,la Prosperitat,Favència,Saturday,2023,5,May,6,Morning,,Not caused by the pedestrian,Car,Woman,42,Passenger,Desconegut,Unknown,Unknown,Minor injury: Hospitalization up to 24 hours,431720.19,4588848.82,2.181463185,41.446468071,2023-05-06 10:00:00
2023S002704    ,Les Corts,les Corts,Numància,Saturday,2023,5,May,6,Afternoon,,Not caused by the pedestrian,Motorcycle,Woman,17,Passenger,Desconegut,Unknown,Unknown,Minor injury: Hospitalization up to 24 hours,427839.09,4582173.48,2.135802252,41.386006446,2023-05-06 16:00:00
2023S002705    ,Sant Andreu,el Bon Pastor,Ferran Junoy,Saturday,2023,5,May,6,Afternoon,,Not caused by the pedestrian,Car,Woman,24,Passenger,Desconegut,Unknown,Unknown,Minor injury: Hospitalization up to 24 hours,432761.57,4588369.97,2.193982209,41.442243184,2023-05-06 15:00:00
2023S002706    ,Eixample,la Nova Esquerra de l'Eixample,Aragó,Saturday,2023,5,May,6,Morning,,Not caused by the pedestrian,Motorcycle,Woman,21,Passenger,Desconegut,Unknown,Unknown,Minor injury: Hospitalization up to 24 hours,428994.37,4581592.23,2.149686545,41.380874184,2023-05-06 13:00:00
2023S002707    ,Sant Andreu,el Bon Pastor,Potosí,Saturday,2023,5,May,6,Afternoon,,Not caused by the pedestrian,Car,Man,41,Pedestrian,Desconegut,Unknown,Unknown,Minor injury: Hospitalization up to 24 hours,433350.12,4588457.04,2.20101731,41.443076499,2023-05-06 14:00:00
2023S002708    ,Eixample,la Dreta de l'Eixample,Rosselló,Saturday,2023,5,May,6,Afternoon,,Not caused by the pedestrian,Motorcycle,Man,40,Driver,Desconegut,Unknown,Leisure and entertainment,Minor injury: Hospitalization up to 24 hours,429971.78,4583301.51,2.161176924,41.396354827,2023-05-06 16:00:00
2023S002709    ,Eixample,la Dreta de l'Eixample,Corts Catalanes,Saturday,2023,5,May,6,Afternoon,,Not caused by the pedestrian,Car,Woman,61,Driver,Desconegut,Unknown,Leisure and entertainment,Minor injury: Hospitalization up to 24 hours,431309.13,4583297.92,2.177173517,41.396437908,2023-05-06 19:00:00
2023S002710    ,Sant Andreu,el Bon Pastor,Potosí,Saturday,2023,5,May,6,Afternoon,,Not caused by the pedestrian,Motorcycle,Man,32,Driver,Desconegut,Unknown,Unknown,Minor injury: Hospitalization up to 24 hours,433350.12,4588457.04,2.20101731,41.443076499,2023-05-06 18:00:00
2023S002711    ,Horta-Guinardó,el Baix Guinardó,Alfons el Savi,Sunday,2023,5,May,7,Morning,,Not caused by the pedestrian,Motorcycle,Man,51,Driver,Desconegut,Unknown,Leisure and entertainment,Minor injury: Hospitalization up to 24 hours,430236.71,4584998.69,2.164150053,41.411663789,2023-05-07 11:00:00
2023S002712    ,Nou Barris,Verdun,Júlia,Sunday,2023,5,May,7,Morning,,Not caused by the pedestrian,Motorcycle,Man,66,Driver,Desconegut,Unknown,Unknown,Minor injury: Hospitalization up to 24 hours,431184.08,4588027.55,2.175139384,41.439025395,2023-05-07 11:00:00
2023S002713    ,Sants-Montjuïc,la Bordeta,Corts Catalanes,Sunday,2023,5,May,7,Morning,,Not caused by the pedestrian,Car,Woman,48,Pedestrian,En pas regulat per semàfor,Unknown,Unknown,Minor injury: Hospitalization up to 24 hours,427640.5,4579673.38,2.13372589,41.363471113,2023-05-07 12:00:00
2023S002714    ,Eixample,l'Antiga Esquerra de l'Eixample,Diputació,Sunday,2023,5,May,7,Afternoon,,Not caused by the pedestrian,Motorcycle,Woman,24,Driver,Desconegut,Unknown,Unknown,Minor injury: Hospitalization up to 24 hours,429922.08,4582109.9,2.160720404,41.385618056,2023-05-07 15:00:00
2023S002715    ,Ciutat Vella,el Raval,Hospital,Sunday,2023,5,May,7,Afternoon,,Not caused by the pedestrian,Motorcycle,Man,31,Driver,Desconegut,Unknown,"Bombers, policia, ambulància",Minor injury: Refused medical assistance,430457.69,4581425.09,2.167204464,41.379496684,2023-05-07 16:00:00
2023S002718    ,Sant Andreu,la Trinitat Vella,Dalt (Llobregat),Sunday,2023,5,May,7,Afternoon,,Not caused by the pedestrian,Car,Man,25,Passenger,Desconegut,Unknown,Unknown,Minor injury: Hospitalization up to 24 hours,432598.95,4588910.2,2.1919754,41.447095207,2023-05-07 17:00:00
2023S002719    ,Eixample,la Nova Esquerra de l'Eixample,Provença,Sunday,2023,5,May,7,Afternoon,,Not caused by the pedestrian,Veh. mobilitat personal amb motor,Woman,27,Driver,Desconegut,Unknown,Commuting,Minor injury: Hospitalization up to 24 hours,428690.81,4581838.58,2.14602751,41.383066112,2023-05-07 20:00:00
2023S002720    ,Eixample,l'Antiga Esquerra de l'Eixample,Aribau,Sunday,2023,5,May,7,Night,,Not caused by the pedestrian,Motorcycle,Woman,23,Passenger,Desconegut,Unknown,Unknown,Minor injury: Medical assistance at accident site,429144.63,4583098.78,2.151307076,41.394456414,2023-05-07 23:00:00
2023S002722    ,Eixample,la Dreta de l'Eixample,Corts Catalanes,Monday,2023,5,May,8,Night,,Not caused by the pedestrian,Motorcycle,Man,36,Driver,Desconegut,Unknown,Leisure and entertainment,Minor injury: Hospitalization up to 24 hours,430557.69,4582525.42,2.168274082,41.389415667,2023-05-08 02:00:00
2023S002723    ,Ciutat Vella,el Raval,Paral·lel,Monday,2023,5,May,8,Morning,,Not caused by the pedestrian,Motorcycle,Man,44,Driver,Desconegut,Unknown,Unknown,Minor injury: Hospitalization up to 24 hours,430955.38,4580894.89,2.173216279,41.374764205,2023-05-08 08:00:00
2023S002724    ,Sarrià-Sant Gervasi,Sarrià,Dolors Monserdà,Monday,2023,5,May,8,Morning,,Not caused by the pedestrian,Motorcycle,Woman,47,Driver,Desconegut,Unknown,Commuting,Minor injury: Hospitalization up to 24 hours,426643.04,4583892.75,2.121290249,41.401382943,2023-05-08 08:00:00
2023S002725    ,Les Corts,Pedralbes,Dalt (Besòs),Monday,2023,5,May,8,Morning,,Not caused by the pedestrian,Car,Man,34,Driver,Desconegut,Unknown,Unknown,Minor injury: Refused medical assistance,425648.78,4583019.77,2.109504322,41.393429037,2023-05-08 08:00:00
2023S002726    ,Sarrià-Sant Gervasi,el Putxet i el Farró,General Mitre,Monday,2023,5,May,8,Morning,,Not caused by the pedestrian,Motorcycle,Man,43,Driver,Desconegut,Unknown,Unknown,Minor injury: Hospitalization up to 24 hours,428509.22,4584337.25,2.143560817,41.405554575,2023-05-08 10:00:00
2023S002728    ,Sant Martí,el Camp de l'Arpa del Clot,Maragall,Monday,2023,5,May,8,Morning,,Not caused by the pedestrian,Car,Woman,83,Pedestrian,En pas regulat per semàfor,Unknown,Unknown,Minor injury: Hospitalization up to 24 hours,431653.81,4585294.29,2.18107072,41.41444799,2023-05-08 09:00:00
2023S002729    ,Eixample,la Sagrada Família,Cartagena,Monday,2023,5,May,8,Morning,,Not caused by the pedestrian,Furgoneta,Man,82,Pedestrian,A la vorera / Andana,Unknown,Unknown,Minor injury: Hospitalization up to 24 hours,431554.86,4584456.44,2.179981666,41.406893313,2023-05-08 10:00:00
2023S002730    ,Ciutat Vella,la Barceloneta,Atlàntida,Monday,2023,5,May,8,Morning,,Not caused by the pedestrian,Motorcycle,Woman,31,Driver,Desconegut,Unknown,Leisure and entertainment,Minor injury: Medical assistance at accident site,432363.42,4581384.38,2.189997825,41.379292564,2023-05-08 12:00:00
2023S002731    ,Sarrià-Sant Gervasi,Sant Gervasi - Galvany,Johann Sebastian Bach,Monday,2023,5,May,8,Morning,,Not caused by the pedestrian,Bus,Woman,66,Passenger,Desconegut,Unknown,Unknown,Minor injury: Medical assistance at accident site,428251.86,4583409.15,2.140592155,41.397172601,2023-05-08 12:00:00
2023S002732    ,Horta-Guinardó,Can Baró,Albert Llanas,Monday,2023,5,May,8,Afternoon,,Not caused by the pedestrian,Bus,Woman,84,Passenger,Desconegut,Unknown,Unknown,Minor injury: Hospitalization up to 24 hours,429701.82,4585611.99,2.157679391,41.417140922,2023-05-08 14:00:00
2023S002733    ,Eixample,la Sagrada Família,Indústria,Friday,2023,5,May,5,Morning,,Others,Bus,Man,64,Passenger,Desconegut,Unknown,Unknown,Minor injury: Hospitalization up to 24 hours,431178.88,4584841.26,2.175440009,41.410327143,2023-05-05 13:00:00
2023S002734    ,Sant Andreu,el Bon Pastor,Litoral (Besòs),Monday,2023,5,May,8,Morning,,Not caused by the pedestrian,Motorcycle,Man,46,Driver,Desconegut,Unknown,Commuting,Minor injury: Hospitalization up to 24 hours,433698.18,4588639.96,2.205163421,41.444752839,2023-05-08 13:00:00
2023S002735    ,Les Corts,Pedralbes,John M. Keynes,Monday,2023,5,May,8,Afternoon,,Not caused by the pedestrian,Veh. mobilitat personal amb motor,Woman,37,Driver,Desconegut,Unknown,Unknown,Minor injury: Hospitalization up to 24 hours,426270.62,4582154.02,2.117047205,41.385688877,2023-05-08 14:00:00
2023S002736    ,Sarrià-Sant Gervasi,el Putxet i el Farró,República Argentina,Monday,2023,5,May,8,Afternoon,,Walking on the road,Motorcycle,Man,75,Pedestrian,Fora del pas,Unknown,Unknown,Minor injury: Hospitalization up to 24 hours,428432.53,4585014.68,2.142563239,41.41164909,2023-05-08 17:00:00
2023S002737    ,Sants-Montjuïc,Sants - Badal,Arizala,Monday,2023,5,May,8,Afternoon,,Not caused by the pedestrian,Motorcycle,Man,57,Driver,Desconegut,Unknown,Leisure and entertainment,Serious injury: Hospitalization over 24 hours,426928.45,4581142.49,2.125036229,41.376638482,2023-05-08 17:00:00
2023S002739    ,Unknown,Unknown,Unknown,Monday,2023,5,May,8,Afternoon,,Not caused by the pedestrian,Bicicleta,Woman,62,Driver,Desconegut,Unknown,Unknown,Minor injury: Hospitalization up to 24 hours,427728.32,4577932.12,2.134983286,41.347796057,2023-05-08 15:00:00
2023S002740    ,Eixample,la Dreta de l'Eixample,Mallorca,Monday,2023,5,May,8,Afternoon,,Not caused by the pedestrian,Bus,Woman,51,Passenger,Desconegut,Unknown,Unknown,Minor injury: Medical assistance at accident site,430552.0,4583494.85,2.168094798,41.398146525,2023-05-08 17:00:00
2023S002741    ,Horta-Guinardó,la Font d'en Fargues,Maragall,Monday,2023,5,May,8,Afternoon,,Not caused by the pedestrian,Motorcycle,Man,22,Driver,Desconegut,Unknown,Unknown,Minor injury: Medical assistance at accident site,430643.76,4586736.33,2.168820585,41.427349346,2023-05-08 17:00:00
2023S002742    ,Nou Barris,la Guineueta,Guineueta,Monday,2023,5,May,8,Afternoon,,Not caused by the pedestrian,Motorcycle,Woman,61,Driver,Desconegut,Unknown,Unknown,Minor injury: Hospitalization up to 24 hours,430530.73,4588130.41,2.167307652,41.439895523,2023-05-08 18:00:00
2023S002743    ,Eixample,la Dreta de l'Eixample,Corts Catalanes,Monday,2023,5,May,8,Afternoon,,Not caused by the pedestrian,Motorcycle,Man,10,Passenger,Desconegut,Unknown,Unknown,Minor injury: Medical assistance at accident site,430960.96,4582884.57,2.173056163,41.392685157,2023-05-08 20:00:00
2023S002744    ,Horta-Guinardó,el Carmel,Fastenrath,Monday,2023,5,May,8,Afternoon,,Not caused by the pedestrian,Motorcycle,Woman,48,Driver,Desconegut,Unknown,Leisure and entertainment,Minor injury: Medical assistance at accident site,429161.2,4586116.63,2.151151811,41.421638512,2023-05-08 19:00:00
2023S002745    ,Ciutat Vella,"Sant Pere, Santa Caterina i la Ribera",Laietana,Tuesday,2023,5,May,9,Night,,Not caused by the pedestrian,Motorcycle,Man,28,Driver,Desconegut,Unknown,Commuting,Minor injury: Refused medical assistance,431656.63,4581692.37,2.181511266,41.382006792,2023-05-09 00:00:00
2023S002746    ,Eixample,la Dreta de l'Eixample,Aragó,Monday,2023,5,May,8,Night,,Not caused by the pedestrian,Motorcycle,Man,49,Driver,Desconegut,Unknown,Unknown,Minor injury: Hospitalization up to 24 hours,430880.87,4583424.29,2.172036613,41.397539366,2023-05-08 22:00:00
2023S002747    ,Sarrià-Sant Gervasi,Sarrià,Monestir,Monday,2023,5,May,8,Afternoon,,Not caused by the pedestrian,Tot terreny,Man,39,Driver,Desconegut,Unknown,Unknown,Minor injury: Hospitalization up to 24 hours,426244.86,4583627.76,2.116559577,41.39895985,2023-05-08 19:00:00
2023S002749    ,Sants-Montjuïc,la Marina del Prat Vermell,Litoral (Besòs),Tuesday,2023,5,May,9,Morning,,Not caused by the pedestrian,Motorcycle,Man,44,Driver,Desconegut,Unknown,Commuting,Minor injury: Medical assistance at accident site,429405.16,4578337.29,2.154977967,41.351594094,2023-05-09 06:00:00
2023S002750    ,Sarrià-Sant Gervasi,Sant Gervasi - la Bonanova,Sant Gervasi,Tuesday,2023,5,May,9,Morning,,Not caused by the pedestrian,Bicicleta,Man,64,Driver,Desconegut,Unknown,Unknown,Serious injury: Hospitalization over 24 hours,428042.46,4584919.7,2.137907818,41.410758797,2023-05-09 08:00:00
2023S002751    ,Eixample,la Sagrada Família,València,Tuesday,2023,5,May,9,Morning,,Not caused by the pedestrian,Motorcycle,Woman,39,Driver,Desconegut,Unknown,Unknown,Minor injury: Hospitalization up to 24 hours,431555.53,4584270.88,2.180010678,41.405222088,2023-05-09 06:00:00
2023S002752    ,Eixample,la Dreta de l'Eixample,Aragó,Tuesday,2023,5,May,9,Morning,,Not caused by the pedestrian,Veh. mobilitat personal amb motor,Man,36,Driver,Desconegut,Unknown,Unknown,Minor injury: Medical assistance at accident site,430594.16,4583143.18,2.168639423,41.394982788,2023-05-09 08:00:00
2023S002754    ,Eixample,la Sagrada Família,Lepant,Tuesday,2023,5,May,9,Morning,,Not caused by the pedestrian,Motorcycle,Woman,55,Driver,Desconegut,Unknown,Unknown,Minor injury: Hospitalization up to 24 hours,431533.6,4583923.69,2.179787628,41.402093186,2023-05-09 09:00:00
2023S002755    ,Ciutat Vella,el Raval,Rambla,Tuesday,2023,5,May,9,Morning,,Not caused by the pedestrian,Motorcycle,Woman,24,Passenger,Desconegut,Unknown,Unknown,Minor injury: Medical assistance at accident site,430701.07,4582037.56,2.17004472,41.385034031,2023-05-09 08:00:00
2023S002757    ,Eixample,la Dreta de l'Eixample,Pau Claris,Tuesday,2023,5,May,9,Morning,,Not caused by the pedestrian,Motorcycle,Man,53,Driver,Desconegut,Unknown,Unknown,Minor injury: Hospitalization up to 24 hours,429996.53,4583374.37,2.161464532,41.397013209,2023-05-09 12:00:00
2023S002758    ,Sant Andreu,la Trinitat Vella,Josep Andreu i Abelló,Tuesday,2023,5,May,9,Morning,,Not caused by the pedestrian,Veh. mobilitat personal amb motor,Woman,19,Driver,Desconegut,Unknown,Leisure and entertainment,Minor injury: Hospitalization up to 24 hours,432470.9,4589022.27,2.190430042,41.448093814,2023-05-09 09:00:00
2023S002759    ,Horta-Guinardó,Montbau,Dalt (Besòs),Tuesday,2023,5,May,9,Morning,,Not caused by the pedestrian,Motorcycle,Man,33,Driver,Desconegut,Unknown,Unknown,Minor injury: Hospitalization up to 24 hours,428632.38,4587020.89,2.144717335,41.429735978,2023-05-09 13:00:00
2023S002760    ,Eixample,la Dreta de l'Eixample,Gràcia,Tuesday,2023,5,May,9,Morning,,Not caused by the pedestrian,Ciclomotor,Man,32,Driver,Desconegut,Unknown,Unknown,Minor injury: Hospitalization up to 24 hours,430277.16,4582833.02,2.164883567,41.39216184,2023-05-09 11:00:00
2023S002761    ,Sarrià-Sant Gervasi,Sarrià,General Vives,Tuesday,2023,5,May,9,Morning,,Not caused by the pedestrian,Motorcycle,Man,39,Driver,Desconegut,Unknown,Commuting,Minor injury: Hospitalization up to 24 hours,426480.45,4584345.67,2.11929033,41.405447333,2023-05-09 10:00:00
2023S002762    ,Sant Martí,el Parc i la Llacuna del Poblenou,C-31,Tuesday,2023,5,May,9,Morning,,Not caused by the pedestrian,Car,Woman,60,Driver,Desconegut,Unknown,Commuting,Minor injury: Hospitalization up to 24 hours,432294.33,4584205.8,2.188856059,41.40469853,2023-05-09 11:00:00
2023S002763    ,Sant Martí,la Vila Olímpica del Poblenou,Arquitecte Sert,Tuesday,2023,5,May,9,Afternoon,,Not caused by the pedestrian,Bus,Man,0,Passenger,Desconegut,Unknown,Unknown,Minor injury: Hospitalization up to 24 hours,433211.5,4582488.33,2.200017449,41.389306472,2023-05-09 14:00:00
2023S002764    ,Sarrià-Sant Gervasi,Sarrià,Dalt (Besòs),Tuesday,2023,5,May,9,Afternoon,,Not caused by the pedestrian,Tot terreny,Woman,72,Pedestrian,En pas regulat per semàfor,Leisure and entertainment,Unknown,Minor injury: Hospitalization up to 24 hours,426544.03,4584388.45,2.120045718,41.405838449,2023-05-09 16:00:00
2023S002765    ,Eixample,la Dreta de l'Eixample,Gràcia,Tuesday,2023,5,May,9,Afternoon,,Not caused by the pedestrian,Motorcycle,Woman,29,Driver,Desconegut,Unknown,Leisure and entertainment,Minor injury: Hospitalization up to 24 hours,430229.21,4582840.75,2.164309179,41.392227301,2023-05-09 16:00:00
2023S002766    ,Eixample,el Fort Pienc,Castillejos,Tuesday,2023,5,May,9,Afternoon,,Not caused by the pedestrian,Motorcycle,Man,34,Passenger,Desconegut,Unknown,Unknown,Minor injury: Hospitalization up to 24 hours,431991.7,4583838.25,2.185277113,41.401362555,2023-05-09 17:00:00
2023S002767    ,Eixample,l'Antiga Esquerra de l'Eixample,València,Saturday,2023,4,April,1,Afternoon,,Not caused by the pedestrian,Motorcycle,Man,63,Driver,Desconegut,Unknown,Other activities,Minor injury: Hospitalization up to 24 hours,429355.76,4582115.68,2.153947059,41.385620554,2023-04-01 15:00:00
2023S002768    ,Sarrià-Sant Gervasi,Sant Gervasi - Galvany,Diagonal,Tuesday,2023,5,May,9,Afternoon,,Not caused by the pedestrian,Veh. mobilitat personal amb motor,Woman,28,Driver,Desconegut,Unknown,Commuting,Minor injury: Medical assistance at accident site,428614.3,4582926.6,2.144984276,41.392858727,2023-05-09 20:00:00
2023S002769    ,Sants-Montjuïc,la Bordeta,Ildefons Cerdà,Tuesday,2023,5,May,9,Afternoon,,Not caused by the pedestrian,Motorcycle,Woman,36,Driver,Desconegut,Unknown,Unknown,Minor injury: Refused medical assistance,427718.43,4579750.57,2.134648336,41.364173341,2023-05-09 21:00:00
2023S002770    ,Sarrià-Sant Gervasi,Sant Gervasi - la Bonanova,Bonanova,Tuesday,2023,5,May,9,Night,,Not caused by the pedestrian,Motorcycle,Man,19,Driver,Desconegut,Unknown,Leisure and entertainment,Minor injury: Hospitalization up to 24 hours,427491.81,4584339.01,2.13138966,41.405479255,2023-05-09 22:00:00
2023S002772    ,Eixample,la Dreta de l'Eixample,Diagonal,Wednesday,2023,5,May,10,Night,,Crossing outside the pedestrian crossing,Veh. mobilitat personal amb motor,Woman,20,Driver,Fora del pas,Unknown,Leisure and entertainment,Minor injury: Hospitalization up to 24 hours,430033.16,4583412.55,2.161898257,41.397360273,2023-05-10 00:00:00
2023S002773    ,Sants-Montjuïc,la Marina del Prat Vermell,A Zona Franca,Wednesday,2023,5,May,10,Morning,,Not caused by the pedestrian,Motorcycle,Man,50,Driver,Desconegut,Unknown,Commuting,Minor injury: Medical assistance at accident site,428488.89,4577248.47,2.144154281,41.341706539,2023-05-10 07:00:00
2023S002775    ,Eixample,Sant Antoni,Comte d'Urgell,Tuesday,2023,5,May,9,Night,,Not caused by the pedestrian,Veh. mobilitat personal amb motor,Man,27,Driver,Desconegut,Unknown,Unknown,Minor injury: Medical assistance at accident site,429841.22,4581617.31,2.159810459,41.381174403,2023-05-09 23:00:00
2023S002776    ,Horta-Guinardó,la Vall d'Hebron,Dalt (Llobregat),Wednesday,2023,5,May,10,Morning,,Not caused by the pedestrian,Car,Man,50,Driver,Desconegut,Unknown,Unknown,Minor injury: Hospitalization up to 24 hours,429819.22,4588109.77,2.158793943,41.439647718,2023-05-10 08:00:00
2023S002778    ,Les Corts,Pedralbes,Doctor Ferran,Wednesday,2023,5,May,10,Morning,,Not caused by the pedestrian,Motorcycle,Man,65,Driver,Desconegut,Unknown,Unknown,Minor injury: Medical assistance at accident site,426837.43,4582678.19,2.123762342,41.390461638,2023-05-10 09:00:00
2023S002779    ,Eixample,l'Antiga Esquerra de l'Eixample,Diagonal,Wednesday,2023,5,May,10,Morning,,Not caused by the pedestrian,Bicicleta,Woman,47,Driver,Desconegut,Unknown,Unknown,Minor injury: Hospitalization up to 24 hours,429002.19,4583024.82,2.149612071,41.393777714,2023-05-10 09:00:00
2023S002780    ,Eixample,la Nova Esquerra de l'Eixample,Mallorca,Wednesday,2023,5,May,10,Morning,,Not caused by the pedestrian,Bicicleta,Woman,40,Driver,Desconegut,Unknown,Unknown,Minor injury: Hospitalization up to 24 hours,429260.74,4582212.74,2.152799369,41.386486386,2023-05-10 11:00:00
2023S002781    ,Sant Martí,el Clot,Aragó,Wednesday,2023,5,May,10,Morning,,Not caused by the pedestrian,Car,Woman,40,Passenger,Desconegut,Unknown,Unknown,Minor injury: Refused medical assistance,432184.11,4584725.86,2.187479223,41.409373262,2023-05-10 12:00:00
2023S002782    ,Sarrià-Sant Gervasi,Sant Gervasi - Galvany,Granada del Penedès,Wednesday,2023,5,May,10,Morning,,Not caused by the pedestrian,Veh. mobilitat personal amb motor,Woman,45,Pedestrian,En pas regulat per semàfor,Unknown,Unknown,Minor injury: Hospitalization up to 24 hours,429378.61,4583452.96,2.154064311,41.397666981,2023-05-10 11:00:00
2023S002783    ,Sarrià-Sant Gervasi,Sant Gervasi - Galvany,Modolell,Wednesday,2023,5,May,10,Afternoon,,Not caused by the pedestrian,Motorcycle,Woman,53,Driver,Desconegut,Unknown,Commuting,Minor injury: Hospitalization up to 24 hours,427991.77,4583985.3,2.137412615,41.402338495,2023-05-10 14:00:00
2023S002784    ,Eixample,la Dreta de l'Eixample,Corts Catalanes,Wednesday,2023,5,May,10,Afternoon,,Not caused by the pedestrian,Motorcycle,Man,43,Driver,Desconegut,Unknown,Leisure and entertainment,Minor injury: Medical assistance at accident site,430557.69,4582525.42,2.168274082,41.389415667,2023-05-10 14:00:00
2023S002785    ,Eixample,l'Antiga Esquerra de l'Eixample,Diputació,Wednesday,2023,5,May,10,Afternoon,,Not caused by the pedestrian,Ciclomotor,Man,37,Driver,Desconegut,Unknown,On a mission,Minor injury: Hospitalization up to 24 hours,430018.62,4582204.72,2.161863977,41.386480478,2023-05-10 15:00:00
2023S002786    ,Eixample,Sant Antoni,Espanya,Wednesday,2023,5,May,10,Afternoon,,Not caused by the pedestrian,Motorcycle,Man,63,Driver,Desconegut,Unknown,On a mission,Minor injury: Hospitalization up to 24 hours,428989.31,4580940.29,2.149702461,41.375001931,2023-05-10 16:00:00
2023S002787    ,Sants-Montjuïc,la Bordeta,Corts Catalanes,Wednesday,2023,5,May,10,Afternoon,,Not caused by the pedestrian,Veh. mobilitat personal amb motor,Man,33,Driver,Desconegut,Unknown,Unknown,Minor injury: Medical assistance at accident site,428206.42,4580224.24,2.140426203,41.368483216,2023-05-10 16:00:00