Case_Number,District_Name,Neighborhood_Name,Street_Name,Day_of_Week,Year,Month_Code,Month_Name,Day_of_Month,Shift_Description,Hour_of_Day,Pedestrian_Cause_Description,Involved_Vehicle_Type,Gender_Description,Age,Person_Type_Description,Pedestrian_Accident_Location_Description,Pedestrian_Movement_Reason_Description,Driver_Movement_Reason_Description,Victimization_Description,UTM_X_Coordinate,UTM_Y_Coordinate,Longitude,Latitude,datetime
2023S002788    ,Sant Martí,Diagonal Mar i el Front Marítim del Poblenou,Litoral (Llobregat),Wednesday,2023,5,May,10,Afternoon,,Not caused by the pedestrian,Motorcycle,Man,51,Driver,Desconegut,Unknown,Unknown,Minor injury: Hospitalization up to 24 hours,434313.7,4583894.96,2.213047001,41.4020665,2023-05-10 17:00:00
2023S002789    ,Sarrià-Sant Gervasi,Sant Gervasi - la Bonanova,Isaac Newton,Wednesday,2023,5,May,10,Afternoon,,Not caused by the pedestrian,Car,Man,41,Driver,Desconegut,Unknown,Leisure and entertainment,Minor injury: Hospitalization up to 24 hours,427052.99,4584880.78,2.126074875,41.41031902,2023-05-10 16:00:00
2023S002790    ,Sarrià-Sant Gervasi,Sant Gervasi - Galvany,Augusta,Wednesday,2023,5,May,10,Afternoon,,Not caused by the pedestrian,Motorcycle,Woman,38,Driver,Desconegut,Unknown,Unknown,Minor injury: Hospitalization up to 24 hours,427986.52,4583479.44,2.137410019,41.397781944,2023-05-10 19:00:00
2023S002791    ,Nou Barris,Porta,Ciutat de Mallorca,Wednesday,2023,5,May,10,Afternoon,,Disobeying the traffic light signal,Motorcycle,Woman,38,Driver,Desconegut,Unknown,Unknown,Minor injury: Hospitalization up to 24 hours,431442.73,4587357.14,2.178311253,41.433009391,2023-05-10 17:00:00
2023S002792    ,Sarrià-Sant Gervasi,Sant Gervasi - Galvany,Diagonal,Wednesday,2023,5,May,10,Morning,,Not caused by the pedestrian,Veh. mobilitat personal amb motor,Woman,53,Pedestrian,En pas regulat per semàfor,Unknown,Unknown,Minor injury: Hospitalization up to 24 hours,429144.63,4583098.78,2.151307076,41.394456414,2023-05-10 12:00:00
2023S002793    ,Eixample,la Dreta de l'Eixample,València,Wednesday,2023,5,May,10,Afternoon,,Not caused by the pedestrian,Ciclomotor,Man,62,Driver,Desconegut,Unknown,Unknown,Minor injury: Hospitalization up to 24 hours,430310.82,4583051.57,2.165260989,41.394133169,2023-05-10 18:00:00
2023S002794    ,Sarrià-Sant Gervasi,Sant Gervasi - Galvany,Marià Cubí,Wednesday,2023,5,May,10,Afternoon,,Not caused by the pedestrian,Motorcycle,Man,29,Driver,Desconegut,Unknown,Commuting,Minor injury: Hospitalization up to 24 hours,428580.93,4583190.96,2.144553964,41.395236755,2023-05-10 20:00:00
2023S002795    ,Eixample,l'Antiga Esquerra de l'Eixample,Villarroel,Wednesday,2023,5,May,10,Afternoon,,Not caused by the pedestrian,Bus,Woman,63,Passenger,Desconegut,Unknown,Unknown,Minor injury: Hospitalization up to 24 hours,429418.19,4582228.54,2.154680509,41.386642529,2023-05-10 18:00:00
2023S002796    ,Sant Andreu,Navas,Sant Antoni Maria Claret,Wednesday,2023,5,May,10,Night,,Not caused by the pedestrian,Motorcycle,Man,30,Driver,Desconegut,Unknown,Leisure and entertainment,Minor injury: Hospitalization up to 24 hours,431768.44,4585618.91,2.182405569,41.417381485,2023-05-10 23:00:00
2023S002797    ,Nou Barris,Canyelles,Dalt (Besòs),Thursday,2023,5,May,11,Morning,,Not caused by the pedestrian,Motorcycle,Man,44,Driver,Desconegut,Unknown,Commuting,Minor injury: Hospitalization up to 24 hours,429885.48,4588089.59,2.159589353,41.439471757,2023-05-11 07:00:00
2023S002798    ,Sants-Montjuïc,Sants,Viriat,Thursday,2023,5,May,11,Morning,,Not caused by the pedestrian,Ciclomotor,Woman,48,Driver,Desconegut,Unknown,Commuting,Minor injury: Refused medical assistance,428245.69,4581555.63,2.140738031,41.380478085,2023-05-11 10:00:00
2023S002799    ,Eixample,la Sagrada Família,Gaudí,Thursday,2023,5,May,11,Morning,,Not caused by the pedestrian,Motorcycle,Man,50,Driver,Desconegut,Unknown,Unknown,Minor injury: Medical assistance at accident site,431089.06,4584377.39,2.174418284,41.406141516,2023-05-11 11:00:00
2023S002800    ,Sants-Montjuïc,el Poble-sec,Roser,Thursday,2023,5,May,11,Morning,,Not caused by the pedestrian,Veh. mobilitat personal amb motor,Woman,56,Pedestrian,Fora del pas,Unknown,Unknown,Minor injury: Hospitalization up to 24 hours,430429.7,4580806.0,2.166940858,41.3739183,2023-05-11 11:00:00
2023S002801    ,Eixample,la Sagrada Família,Diagonal,Thursday,2023,5,May,11,Morning,,Not caused by the pedestrian,Veh. mobilitat personal amb motor,Woman,29,Driver,Desconegut,Unknown,Commuting,Minor injury: Hospitalization up to 24 hours,431175.97,4583782.38,2.175525672,41.400789898,2023-05-11 11:00:00
2023S002802    ,Eixample,el Fort Pienc,Corts Catalanes,Thursday,2023,5,May,11,Morning,,Not caused by the pedestrian,Car,Woman,79,Pedestrian,En pas regulat per semàfor,Unknown,Unknown,Minor injury: Hospitalization up to 24 hours,431363.28,4583313.93,2.177819397,41.396586731,2023-05-11 13:00:00
2023S002803    ,Sant Martí,la Verneda i la Pau,Trajana,Thursday,2023,5,May,11,Morning,,Not caused by the pedestrian,Motorcycle,Man,48,Driver,Desconegut,Unknown,Leisure and entertainment,Minor injury: Hospitalization up to 24 hours,433475.99,4586760.69,2.202710787,41.427808435,2023-05-11 13:00:00
2023S002804    ,Les Corts,les Corts,Reina Maria Cristina,Thursday,2023,5,May,11,Morning,,Not caused by the pedestrian,Bus,Woman,60,Passenger,Desconegut,Unknown,Unknown,Minor injury: Hospitalization up to 24 hours,427112.71,4582502.61,2.127075797,41.388905266,2023-05-11 13:00:00
2023S002805    ,Sant Andreu,Navas,Campo Florido,Thursday,2023,5,May,11,Morning,,Others,Bicicleta,Man,39,Driver,Fora del pas,Unknown,Leisure and entertainment,Minor injury: Hospitalization up to 24 hours,431863.3,4586084.57,2.183488079,41.421583589,2023-05-11 12:00:00
2023S002806    ,Eixample,la Nova Esquerra de l'Eixample,Mallorca,Thursday,2023,5,May,11,Afternoon,,Not caused by the pedestrian,Motorcycle,Man,24,Driver,Desconegut,Unknown,Leisure and entertainment,Minor injury: Hospitalization up to 24 hours,428879.49,4581838.15,2.148283908,41.383078949,2023-05-11 15:00:00
2023S002807    ,Sant Andreu,Sant Andreu,Cinca,Thursday,2023,5,May,11,Afternoon,,Not caused by the pedestrian,Car,Man,13,Pedestrian,En pas sense regular,Unknown,Unknown,Minor injury: Hospitalization up to 24 hours,432587.03,4587974.61,2.191937177,41.438667664,2023-05-11 14:00:00
2023S002808    ,Eixample,la Nova Esquerra de l'Eixample,Nicaragua,Thursday,2023,5,May,11,Afternoon,,Not caused by the pedestrian,Veh. mobilitat personal amb motor,Man,17,Driver,Desconegut,Unknown,Unknown,Minor injury: Hospitalization up to 24 hours,428500.64,4581652.19,2.143775351,41.381370475,2023-05-11 16:00:00
2023S002809    ,Horta-Guinardó,la Vall d'Hebron,Dalt (Llobregat),Thursday,2023,5,May,11,Afternoon,,Not caused by the pedestrian,Motorcycle,Man,35,Driver,Desconegut,Unknown,Commuting,Minor injury: Medical assistance at accident site,428408.32,4586457.54,2.142102724,41.424642175,2023-05-11 14:00:00
2023S002810    ,Eixample,l'Antiga Esquerra de l'Eixample,Aragó,Thursday,2023,5,May,11,Afternoon,,Not caused by the pedestrian,Motorcycle,Man,24,Driver,Desconegut,Unknown,Unknown,Minor injury: Hospitalization up to 24 hours,429986.01,4582571.15,2.161431611,41.389777956,2023-05-11 14:00:00
2023S002811    ,Eixample,la Nova Esquerra de l'Eixample,Londres,Thursday,2023,5,May,11,Afternoon,,Not caused by the pedestrian,Veh. mobilitat personal amb motor,Man,26,Driver,Desconegut,Unknown,Leisure and entertainment,Minor injury: Hospitalization up to 24 hours,428548.23,4582449.03,2.144250421,41.388551559,2023-05-11 16:00:00
2023S002812    ,Eixample,l'Antiga Esquerra de l'Eixample,París,Thursday,2023,5,May,11,Afternoon,,Not caused by the pedestrian,Motorcycle,Man,25,Driver,Desconegut,Unknown,Unknown,Minor injury: Medical assistance at accident site,429173.98,4582876.38,2.151684146,41.392455923,2023-05-11 15:00:00
2023S002813    ,Sant Martí,el Camp de l'Arpa del Clot,Maragall,Thursday,2023,5,May,11,Afternoon,,Not caused by the pedestrian,Motorcycle,Man,57,Driver,Desconegut,Unknown,Leisure and entertainment,Minor injury: Hospitalization up to 24 hours,431607.86,4585359.6,2.180513566,41.415032305,2023-05-11 16:00:00
2023S002815    ,Sants-Montjuïc,Sants,Països Catalans,Thursday,2023,5,May,11,Afternoon,,Not caused by the pedestrian,Bicicleta,Woman,58,Pedestrian,En zona peatonal,Unknown,Unknown,Serious injury: Hospitalization over 24 hours,428249.82,4581449.84,2.14079995,41.379525641,2023-05-11 14:00:00
2023S002816    ,Unknown,Unknown,Unknown,Thursday,2023,5,May,11,Afternoon,,Not caused by the pedestrian,Motorcycle,Woman,34,Driver,Desconegut,Unknown,Commuting,Minor injury: Hospitalization up to 24 hours,427994.28,4577969.06,2.138157684,41.348152595,2023-05-11 18:00:00
2023S002817    ,Sants-Montjuïc,la Bordeta,Corts Catalanes,Thursday,2023,5,May,11,Afternoon,,Not caused by the pedestrian,Veh. mobilitat personal amb motor,Man,54,Pedestrian,A la vorera / Andana,Unknown,Unknown,Minor injury: Hospitalization up to 24 hours,427911.61,4579972.11,2.136931475,41.366186006,2023-05-11 17:00:00
2023S002818    ,Sant Martí,el Parc i la Llacuna del Poblenou,Badajoz,Thursday,2023,5,May,11,Afternoon,,Not caused by the pedestrian,Motorcycle,Woman,26,Passenger,Desconegut,Unknown,Unknown,Minor injury: Hospitalization up to 24 hours,432702.53,4583663.17,2.193799592,41.399845504,2023-05-11 19:00:00
2023S002819    ,Sant Martí,el Parc i la Llacuna del Poblenou,Badajoz,Thursday,2023,5,May,11,Afternoon,,Not caused by the pedestrian,Motorcycle,Man,78,Driver,Desconegut,Unknown,Unknown,Serious injury: Hospitalization over 24 hours,432702.53,4583663.17,2.193799592,41.399845504,2023-05-11 19:00:00
2023S002820    ,Sant Martí,Provençals del Poblenou,C-31,Thursday,2023,5,May,11,Afternoon,,Not caused by the pedestrian,Bicicleta,Man,20,Driver,Altres,Unknown,On a mission,Minor injury: Hospitalization up to 24 hours,433372.35,4585277.86,2.201633992,41.41444441,2023-05-11 19:00:00
2023S002821    ,Les Corts,Pedralbes,Esplugues,Thursday,2023,5,May,11,Afternoon,,Not caused by the pedestrian,Motorcycle,Man,27,Driver,Desconegut,Unknown,Unknown,Minor injury: Hospitalization up to 24 hours,425534.86,4582570.14,2.108197105,41.389368878,2023-05-11 19:00:00
2023S002822    ,Horta-Guinardó,la Teixonera,Vall d'Hebron,Thursday,2023,5,May,11,Night,,Not caused by the pedestrian,Motorcycle,Man,32,Driver,Desconegut,Unknown,Commuting,Minor injury: Hospitalization up to 24 hours,428397.64,4586311.71,2.141992202,41.423327794,2023-05-11 22:00:00
2023S002823    ,Eixample,la Dreta de l'Eixample,Aragó,Friday,2023,5,May,12,Night,,Not caused by the pedestrian,Ciclomotor,Man,22,Driver,Desconegut,Unknown,Unknown,Minor injury: Hospitalization up to 24 hours,430498.67,4583050.27,2.167507952,41.394137725,2023-05-12 00:00:00
2023S002824    ,Sant Martí,el Parc i la Llacuna del Poblenou,Nàpols,Thursday,2023,5,May,11,Afternoon,,Not caused by the pedestrian,Motorcycle,Woman,32,Driver,Desconegut,Unknown,Commuting,Minor injury: Hospitalization up to 24 hours,431922.12,4582739.46,2.184568398,41.391460173,2023-05-11 19:00:00
2023S002825    ,Eixample,la Dreta de l'Eixample,Pau Claris,Friday,2023,5,May,12,Morning,,Not caused by the pedestrian,Motorcycle,Woman,37,Driver,Desconegut,Unknown,Commuting,Minor injury: Medical assistance at accident site,430215.57,4583149.45,2.164110449,41.395006478,2023-05-12 07:00:00
2023S002826    ,Sants-Montjuïc,la Marina del Prat Vermell,Litoral (Llobregat),Friday,2023,5,May,12,Morning,,Not caused by the pedestrian,Car,Man,30,Driver,Desconegut,Unknown,Unknown,Minor injury: Medical assistance at accident site,430993.73,4580287.98,2.173743955,41.369301221,2023-05-12 10:00:00
2023S002827    ,Sant Andreu,Baró de Viver,Pilar Miró,Friday,2023,5,May,12,Morning,,Not caused by the pedestrian,Motorcycle,Man,32,Driver,Desconegut,Unknown,Unknown,Minor injury: Hospitalization up to 24 hours,433466.99,4588946.53,2.202362268,41.447494878,2023-05-12 07:00:00
2023S002828    ,Les Corts,la Maternitat i Sant Ramon,Mig (Descendent),Friday,2023,5,May,12,Morning,,Not caused by the pedestrian,Motorcycle,Woman,46,Driver,Desconegut,Unknown,Commuting,Minor injury: Medical assistance at accident site,427207.0,4582445.17,2.128210374,41.38839647,2023-05-12 11:00:00
2023S002830    ,Sarrià-Sant Gervasi,Sant Gervasi - Galvany,Muntaner,Friday,2023,5,May,12,Morning,,Not caused by the pedestrian,Motorcycle,Man,26,Driver,Desconegut,Unknown,On a mission,Minor injury: Hospitalization up to 24 hours,428302.2,4583783.37,2.14114994,41.400547548,2023-05-12 11:00:00
2023S002831    ,Sarrià-Sant Gervasi,Sarrià,Bisbe Català,Friday,2023,5,May,12,Morning,,Not caused by the pedestrian,Car,Woman,15,Pedestrian,En pas regulat per semàfor,Unknown,Unknown,Minor injury: Hospitalization up to 24 hours,426097.09,4583334.48,2.114827855,41.396304833,2023-05-12 08:00:00
2023S002832    ,Eixample,la Dreta de l'Eixample,Sant Joan,Friday,2023,5,May,12,Morning,,Not caused by the pedestrian,Motorcycle,Man,38,Driver,Desconegut,Unknown,Unknown,Minor injury: Refused medical assistance,431476.6,4582778.17,2.179235493,41.391770967,2023-05-12 12:00:00
2023S002833    ,Eixample,Sant Antoni,Paral·lel,Friday,2023,5,May,12,Morning,,Not caused by the pedestrian,Taxi,Man,27,Passenger,Desconegut,Unknown,Unknown,Minor injury: Medical assistance at accident site,429928.43,4580928.19,2.160933058,41.374975315,2023-05-12 13:00:00
2023S002834    ,Sant Martí,la Vila Olímpica del Poblenou,Litoral (Llobregat),Friday,2023,5,May,12,Afternoon,,Not caused by the pedestrian,Motorcycle,Woman,44,Driver,Desconegut,Unknown,Commuting,Minor injury: Hospitalization up to 24 hours,432755.23,4582208.23,2.194591623,41.386745643,2023-05-12 14:00:00
2023S002835    ,Sarrià-Sant Gervasi,Sant Gervasi - Galvany,Santaló,Friday,2023,5,May,12,Afternoon,,Not caused by the pedestrian,Car,Man,75,Pedestrian,En pas sense regular,Leisure and entertainment,Unknown,Minor injury: Hospitalization up to 24 hours,428502.87,4583417.56,2.143593533,41.397270716,2023-05-12 14:00:00
2023S002836    ,Eixample,la Dreta de l'Eixample,Corts Catalanes,Friday,2023,5,May,12,Afternoon,,Not caused by the pedestrian,Veh. mobilitat personal amb motor,Woman,32,Driver,Desconegut,Unknown,Commuting,Minor injury: Hospitalization up to 24 hours,430557.69,4582525.42,2.168274082,41.389415667,2023-05-12 14:00:00
2023S002837    ,Eixample,la Dreta de l'Eixample,València,Friday,2023,5,May,12,Morning,,Not caused by the pedestrian,Veh. mobilitat personal amb motor,Woman,35,Driver,Desconegut,Unknown,On a mission,Minor injury: Hospitalization up to 24 hours,430626.75,4583380.31,2.169002045,41.397121356,2023-05-12 13:00:00
2023S002838    ,Eixample,la Dreta de l'Eixample,Pau Claris,Friday,2023,5,May,12,Morning,,Not caused by the pedestrian,Car,Woman,26,Driver,Desconegut,Unknown,Unknown,Minor injury: Medical assistance at accident site,430496.73,4582861.52,2.167506422,41.392437546,2023-05-12 10:00:00
2023S002839    ,Sarrià-Sant Gervasi,Sant Gervasi - la Bonanova,Escoles Pies,Friday,2023,5,May,12,Afternoon,,Not caused by the pedestrian,Bicicleta,Man,44,Driver,Desconegut,Unknown,Commuting,Minor injury: Hospitalization up to 24 hours,426980.99,4584433.94,2.125267446,41.406287987,2023-05-12 16:00:00
2023S002840    ,Les Corts,les Corts,Reina Maria Cristina,Friday,2023,5,May,12,Afternoon,,Not caused by the pedestrian,Car,Woman,17,Passenger,Desconegut,Unknown,Unknown,Minor injury: Hospitalization up to 24 hours,427253.12,4582427.17,2.12876411,41.388238526,2023-05-12 15:00:00
2023S002841    ,Les Corts,les Corts,Diagonal,Friday,2023,5,May,12,Afternoon,,Not caused by the pedestrian,Motorcycle,Man,58,Driver,Desconegut,Unknown,Unknown,Minor injury: Hospitalization up to 24 hours,428145.43,4582763.57,2.13939577,41.391348601,2023-05-12 16:00:00
2023S002842    ,Eixample,la Nova Esquerra de l'Eixample,Josep Tarradellas,Friday,2023,5,May,12,Afternoon,,Not caused by the pedestrian,Motorcycle,Man,36,Driver,Desconegut,Unknown,Unknown,Minor injury: Hospitalization up to 24 hours,428409.41,4582129.0,2.142628031,41.385656815,2023-05-12 15:00:00
2023S002843    ,Sarrià-Sant Gervasi,Sarrià,Bosch i Gimpera,Friday,2023,5,May,12,Afternoon,,Not caused by the pedestrian,Motorcycle,Woman,52,Driver,Desconegut,Unknown,Unknown,Minor injury: Medical assistance at accident site,426385.11,4583037.45,2.118308968,41.393656045,2023-05-12 17:00:00
2023S002844    ,Les Corts,la Maternitat i Sant Ramon,Xile,Friday,2023,5,May,12,Afternoon,,Not caused by the pedestrian,Motorcycle,Man,48,Driver,Desconegut,Unknown,Unknown,Minor injury: Hospitalization up to 24 hours,426111.68,4581655.5,2.115207269,41.381184329,2023-05-12 15:00:00
2023S002845    ,Sants-Montjuïc,Sants - Badal,Mig (Descendent),Friday,2023,5,May,12,Afternoon,,Not caused by the pedestrian,Motorcycle,Woman,40,Driver,Desconegut,Unknown,Leisure and entertainment,Minor injury: Hospitalization up to 24 hours,427231.66,4581394.68,2.128631524,41.378937351,2023-05-12 18:00:00
2023S002846    ,Nou Barris,Torre Baró,Vallcivera,Friday,2023,5,May,12,Afternoon,,Not caused by the pedestrian,Motorcycle,Man,32,Driver,Desconegut,Unknown,Leisure and entertainment,Minor injury: Hospitalization up to 24 hours,431697.85,4590423.69,2.181017509,41.460650425,2023-05-12 16:00:00
2023S002847    ,Sant Martí,el Clot,Meridiana,Friday,2023,5,May,12,Afternoon,,Not caused by the pedestrian,Motorcycle,Man,38,Driver,Desconegut,Unknown,Unknown,Minor injury: Hospitalization up to 24 hours,432134.81,4584834.86,2.186877189,41.410350829,2023-05-12 19:00:00
2023S002848    ,Sants-Montjuïc,el Poble-sec,Miramar,Friday,2023,5,May,12,Afternoon,,Not caused by the pedestrian,Motorcycle,Woman,33,Driver,Desconegut,Unknown,En pràctiques d'autoescola,Minor injury: Hospitalization up to 24 hours,430461.79,4580459.58,2.167364314,41.370800968,2023-05-12 18:00:00
2023S002849    ,Eixample,l'Antiga Esquerra de l'Eixample,Sarrià,Friday,2023,5,May,12,Afternoon,,Not caused by the pedestrian,Motorcycle,Woman,27,Driver,Desconegut,Unknown,Unknown,Minor injury: Medical assistance at accident site,428711.21,4582610.57,2.146180574,41.39002096,2023-05-12 20:00:00
2023S002850    ,Sant Martí,el Parc i la Llacuna del Poblenou,Marina,Friday,2023,5,May,12,Afternoon,,Not caused by the pedestrian,Motorcycle,Woman,37,Passenger,Desconegut,Unknown,Unknown,Minor injury: Hospitalization up to 24 hours,432369.93,4582905.44,2.189905776,41.392992912,2023-05-12 21:00:00
2023S002851    ,Eixample,el Fort Pienc,Corts Catalanes,Friday,2023,5,May,12,Afternoon,,Not caused by the pedestrian,Motorcycle,Man,68,Driver,Desconegut,Unknown,Unknown,Minor injury: Hospitalization up to 24 hours,431843.45,4583785.44,2.183509686,41.40087435,2023-05-12 17:00:00
2023S002852    ,Sants-Montjuïc,Sants,Sants,Friday,2023,5,May,12,Afternoon,,Not caused by the pedestrian,Motorcycle,Man,44,Driver,Desconegut,Unknown,Leisure and entertainment,Minor injury: Hospitalization up to 24 hours,427749.46,4580988.81,2.134871676,41.375328515,2023-05-12 16:00:00
2023S002853    ,Gràcia,la Vila de Gràcia,Riera de Cassoles,Friday,2023,5,May,12,Afternoon,,Disobeying the traffic light signal,Motorcycle,Woman,26,Pedestrian,En pas regulat per semàfor,Leisure and entertainment,Unknown,Minor injury: Hospitalization up to 24 hours,429062.85,4584178.65,2.150202336,41.404175195,2023-05-12 14:00:00
2023S002854    ,Gràcia,Vallcarca i els Penitents,Vallcarca,Friday,2023,5,May,12,Afternoon,,Not caused by the pedestrian,Motorcycle,Woman,31,Driver,Desconegut,Unknown,Leisure and entertainment,Minor injury: Hospitalization up to 24 hours,428951.81,4584623.71,2.148821748,41.40817387,2023-05-12 14:00:00
2023S002855    ,Nou Barris,la Prosperitat,Vinyar,Saturday,2023,5,May,13,Morning,,Not caused by the pedestrian,Car,Man,50,Driver,Desconegut,Unknown,Leisure and entertainment,Minor injury: Hospitalization up to 24 hours,431781.59,4588261.42,2.182264537,41.441182795,2023-05-13 11:00:00
2023S002856    ,Eixample,l'Antiga Esquerra de l'Eixample,Comte d'Urgell,Saturday,2023,5,May,13,Morning,,Not caused by the pedestrian,Car,Woman,30,Passenger,Desconegut,Unknown,Unknown,Minor injury: Medical assistance at accident site,429634.84,4581829.77,2.157317825,41.383069929,2023-05-13 09:00:00
2023S002858    ,Sarrià-Sant Gervasi,Sant Gervasi - Galvany,Muntaner,Saturday,2023,5,May,13,Morning,,Not caused by the pedestrian,Motorcycle,Woman,31,Passenger,Desconegut,Unknown,Unknown,Minor injury: Hospitalization up to 24 hours,428744.96,4583316.6,2.146501105,41.396382907,2023-05-13 12:00:00
2023S002859    ,Ciutat Vella,la Barceloneta,Marítim de la Barceloneta,Saturday,2023,5,May,13,Morning,,Not caused by the pedestrian,Veh. mobilitat personal amb motor,Woman,27,Pedestrian,A la vorera / Andana,Leisure and entertainment,Unknown,Minor injury: Hospitalization up to 24 hours,432803.97,4581839.64,2.195215428,41.383429917,2023-05-13 13:00:00
2023S002860    ,Sarrià-Sant Gervasi,el Putxet i el Farró,República Argentina,Saturday,2023,5,May,13,Morning,,Not caused by the pedestrian,Motorcycle,Man,29,Driver,Desconegut,Unknown,Unknown,Minor injury: Hospitalization up to 24 hours,428156.12,4585181.49,2.139236503,41.413126805,2023-05-13 13:00:00
2023S002861    ,Eixample,la Dreta de l'Eixample,Aragó,Saturday,2023,5,May,13,Afternoon,,Not caused by the pedestrian,Bicicleta,Man,24,Driver,Desconegut,Unknown,Unknown,Minor injury: Medical assistance at accident site,430109.98,4582647.64,2.162905446,41.390477664,2023-05-13 14:00:00
2023S002862    ,Sants-Montjuïc,el Poble-sec,Paral·lel,Saturday,2023,5,May,13,Afternoon,,Disobeying other signals,Veh. mobilitat personal amb motor,Man,38,Driver,Desconegut,Unknown,Leisure and entertainment,Minor injury: Hospitalization up to 24 hours,430117.62,4580925.85,2.163195502,41.3749707,2023-05-13 16:00:00
2023S002863    ,Les Corts,la Maternitat i Sant Ramon,Arístides Maillol,Saturday,2023,5,May,13,Afternoon,,Not caused by the pedestrian,Car,Man,23,Passenger,Desconegut,Unknown,Unknown,Minor injury: Hospitalization up to 24 hours,426530.93,4581414.22,2.120249993,41.37904963,2023-05-13 18:00:00
2023S002864    ,Unknown,Unknown,Unknown,Saturday,2023,5,May,13,Afternoon,,Not caused by the pedestrian,Motorcycle,Woman,52,Driver,Desconegut,Unknown,Unknown,Minor injury: Hospitalization up to 24 hours,429178.93,4586631.06,2.151303679,41.426273341,2023-05-13 18:00:00
2023S002865    ,Sarrià-Sant Gervasi,Sant Gervasi - la Bonanova,General Mitre,Saturday,2023,5,May,13,Afternoon,,Not caused by the pedestrian,Motorcycle,Man,49,Driver,Desconegut,Unknown,Unknown,Minor injury: Medical assistance at accident site,428205.75,4584193.88,2.139947513,41.404236239,2023-05-13 19:00:00
2023S002867    ,Eixample,la Dreta de l'Eixample,Corts Catalanes,Saturday,2023,5,May,13,Afternoon,,Not caused by the pedestrian,Motorcycle,Man,46,Driver,Desconegut,Unknown,Leisure and entertainment,Minor injury: Medical assistance at accident site,430886.26,4582847.07,2.172167,41.392340987,2023-05-13 19:00:00
2023S002868    ,Sant Martí,el Parc i la Llacuna del Poblenou,Joan d'Àustria,Saturday,2023,5,May,13,Night,,Not caused by the pedestrian,Car,Man,39,Driver,Desconegut,Unknown,Unknown,Minor injury: Hospitalization up to 24 hours,432129.18,4583295.86,2.186982495,41.396489025,2023-05-13 23:00:00
2023S002870    ,Eixample,la Dreta de l'Eixample,Corts Catalanes,Saturday,2023,5,May,13,Afternoon,,Not caused by the pedestrian,Motorcycle,Man,37,Driver,Desconegut,Unknown,Unknown,Minor injury: Hospitalization up to 24 hours,430495.65,4582501.94,2.16753479,41.389198828,2023-05-13 21:00:00
2023S002872    ,Eixample,la Dreta de l'Eixample,Gràcia,Friday,2023,5,May,12,Afternoon,,Not caused by the pedestrian,Bicicleta,Man,69,Pedestrian,A la vorera / Andana,Other activities,Unknown,Minor injury: Medical assistance at accident site,430639.26,4582486.43,2.169254112,41.389071538,2023-05-12 19:00:00
2023S002873    ,Les Corts,les Corts,Diagonal,Sunday,2023,5,May,14,Morning,,Not caused by the pedestrian,Motorcycle,Man,50,Driver,Desconegut,Unknown,Leisure and entertainment,Minor injury: Hospitalization up to 24 hours,428484.44,4582839.4,2.143441403,41.392061806,2023-05-14 10:00:00
2023S002874    ,Sant Martí,la Vila Olímpica del Poblenou,Marina,Tuesday,2023,5,May,9,Afternoon,,Not caused by the pedestrian,Veh. mobilitat personal amb motor,Woman,58,Pedestrian,En pas regulat per semàfor,Unknown,Unknown,Minor injury: Hospitalization up to 24 hours,432751.35,4582465.56,2.194516637,41.389063026,2023-05-09 15:00:00
2023S002875    ,Sant Martí,Diagonal Mar i el Front Marítim del Poblenou,Litoral,Sunday,2023,5,May,14,Morning,,Not caused by the pedestrian,Motorcycle,Woman,29,Driver,Desconegut,Unknown,Unknown,Minor injury: Hospitalization up to 24 hours,434273.15,4583794.77,2.212572815,41.401160796,2023-05-14 13:00:00
2023S002876    ,Sant Martí,el Poblenou,Calvell,Sunday,2023,5,May,14,Afternoon,,Disobeying other signals,Bicicleta,Man,40,Driver,Altres,Unknown,Unknown,Minor injury: Hospitalization up to 24 hours,433603.47,4583142.91,2.20463357,41.395234593,2023-05-14 15:00:00
2023S002877    ,Sarrià-Sant Gervasi,Sant Gervasi - Galvany,Copèrnic,Sunday,2023,5,May,14,Afternoon,,Not caused by the pedestrian,Motorcycle,Man,52,Driver,Desconegut,Unknown,On a mission,Minor injury: Hospitalization up to 24 hours,428098.25,4583736.11,2.138715952,41.400103674,2023-05-14 17:00:00
2023S002879    ,Eixample,la Dreta de l'Eixample,Aragó,Sunday,2023,5,May,14,Afternoon,,Not caused by the pedestrian,Car,Woman,28,Passenger,Desconegut,Unknown,Unknown,Minor injury: Hospitalization up to 24 hours,430818.26,4583342.25,2.171297093,41.39679507,2023-05-14 19:00:00
2023S002880    ,Les Corts,la Maternitat i Sant Ramon,Arizala,Sunday,2023,5,May,14,Night,,Not caused by the pedestrian,Motorcycle,Man,45,Driver,Desconegut,Unknown,Unknown,Minor injury: Hospitalization up to 24 hours,426835.88,4581306.77,2.123909497,41.378109672,2023-05-14 22:00:00
2023S002881    ,Sants-Montjuïc,Hostafrancs,Creu Coberta,Sunday,2023,5,May,14,Night,,Crossing outside the pedestrian crossing,Motorcycle,Man,25,Driver,Desconegut,Unknown,Unknown,Minor injury: Medical assistance at accident site,428843.01,4580971.69,2.147949446,41.375271811,2023-05-14 22:00:00
2023S002882    ,Sant Martí,Sant Martí de Provençals,Guipúscoa,Monday,2023,5,May,15,Morning,,Not caused by the pedestrian,Motorcycle,Man,62,Driver,Desconegut,Unknown,Commuting,Minor injury: Hospitalization up to 24 hours,432792.64,4585292.45,2.194696433,41.414527519,2023-05-15 09:00:00