Case_Number,District_Name,Neighborhood_Name,Street_Name,Day_of_Week,Year,Month_Code,Month_Name,Day_of_Month,Shift_Description,Hour_of_Day,Pedestrian_Cause_Description,Involved_Vehicle_Type,Gender_Description,Age,Person_Type_Description,Pedestrian_Accident_Location_Description,Pedestrian_Movement_Reason_Description,Driver_Movement_Reason_Description,Victimization_Description,UTM_X_Coordinate,UTM_Y_Coordinate,Longitude,Latitude,datetime
2023S002883    ,Sants-Montjuïc,el Poble-sec,Font-trobada,Sunday,2023,5,May,14,Afternoon,,Not caused by the pedestrian,Veh. mobilitat personal amb motor,Man,23,Driver,Desconegut,Unknown,Unknown,Minor injury: Hospitalization up to 24 hours,430577.5,4580475.76,2.168745937,41.370956691,2023-05-14 20:00:00
2023S002884    ,Horta-Guinardó,el Baix Guinardó,Padilla,Monday,2023,5,May,15,Morning,,Not caused by the pedestrian,Motorcycle,Man,33,Driver,Desconegut,Unknown,Commuting,Minor injury: Hospitalization up to 24 hours,430317.31,4585099.91,2.165102679,41.412582438,2023-05-15 10:00:00
2023S002885    ,Sant Martí,el Poblenou,Litoral (Llobregat),Monday,2023,5,May,15,Morning,,Not caused by the pedestrian,Motorcycle,Woman,31,Driver,Desconegut,Unknown,Unknown,Minor injury: Medical assistance at accident site,433689.13,4583118.93,2.205660776,41.395025683,2023-05-15 11:00:00
2023S002886    ,Les Corts,les Corts,Joan Güell,Monday,2023,5,May,15,Morning,,Not caused by the pedestrian,Car,Man,34,Pedestrian,En pas sense regular,Leisure and entertainment,Unknown,Minor injury: Hospitalization up to 24 hours,427473.43,4581830.05,2.131470424,41.382880403,2023-05-15 07:00:00
2023S002887    ,Sant Martí,el Poblenou,Diagonal,Monday,2023,5,May,15,Morning,,Not caused by the pedestrian,Ciclomotor,Man,30,Driver,Desconegut,Unknown,Commuting,Minor injury: Hospitalization up to 24 hours,433005.71,4584334.12,2.197351875,41.405913906,2023-05-15 11:00:00
2023S002888    ,Eixample,la Dreta de l'Eixample,Aragó,Monday,2023,5,May,15,Morning,,Not caused by the pedestrian,Motorcycle,Man,47,Driver,Desconegut,Unknown,On a mission,Minor injury: Medical assistance at accident site,430520.67,4583095.1,2.167765941,41.394543397,2023-05-15 11:00:00
2023S002889    ,Sarrià-Sant Gervasi,Sarrià,Sant Vicenç de Sarrià,Monday,2023,5,May,15,Morning,,Not caused by the pedestrian,Bicicleta,Woman,47,Pedestrian,En zona peatonal,Unknown,Unknown,Minor injury: Hospitalization up to 24 hours,426885.26,4583428.39,2.124243763,41.397222726,2023-05-15 08:00:00
2023S002890    ,Nou Barris,Porta,Verdum,Monday,2023,5,May,15,Morning,,Not caused by the pedestrian,Motorcycle,Man,47,Driver,Desconegut,Unknown,Unknown,Minor injury: Hospitalization up to 24 hours,431057.48,4587824.66,2.173647278,41.437187175,2023-05-15 10:00:00
2023S002891    ,Gràcia,Vallcarca i els Penitents,Ca l'Alegre,Monday,2023,5,May,15,Morning,,Not caused by the pedestrian,Car,Man,46,Driver,Desconegut,Unknown,Leisure and entertainment,Minor injury: Hospitalization up to 24 hours,427797.32,4585376.83,2.13492047,41.414853977,2023-05-15 12:00:00
2023S002892    ,Ciutat Vella,"Sant Pere, Santa Caterina i la Ribera",Comerç,Monday,2023,5,May,15,Morning,,Crossing outside the pedestrian crossing,Furgoneta,Woman,67,Pedestrian,En pas sense regular,Leisure and entertainment,Unknown,Minor injury: Hospitalization up to 24 hours,431642.2,4582528.64,2.181244295,41.38953762,2023-05-15 11:00:00
2023S002893    ,Sants-Montjuïc,el Poble-sec,Paral·lel,Monday,2023,4,April,10,Afternoon,,Not caused by the pedestrian,Motorcycle,Woman,30,Passenger,Desconegut,Unknown,Unknown,Minor injury: Refused medical assistance,429782.97,4580953.24,2.159190867,41.375188247,2023-04-10 19:00:00
2023S002894    ,Nou Barris,la Prosperitat,Enric Casanovas,Monday,2023,5,May,15,Morning,,Not caused by the pedestrian,Ciclomotor,Man,25,Driver,Desconegut,Unknown,Other activities,Minor injury: Hospitalization up to 24 hours,431593.05,4588265.57,2.180007364,41.441204122,2023-05-15 12:00:00
2023S002895    ,Horta-Guinardó,el Carmel,Dante Alighieri,Monday,2023,5,May,15,Afternoon,,Not caused by the pedestrian,Car,Woman,54,Pedestrian,En pas regulat per semàfor,Commuting,Unknown,Minor injury: Hospitalization up to 24 hours,429409.17,4586570.55,2.154065923,41.425748628,2023-05-15 15:00:00
2023S002896    ,Ciutat Vella,"Sant Pere, Santa Caterina i la Ribera",Marquès de l'Argentera,Monday,2023,5,May,15,Afternoon,,Not caused by the pedestrian,Bicicleta,Man,27,Driver,Desconegut,Unknown,Unknown,Minor injury: Hospitalization up to 24 hours,431919.55,4581929.16,2.184628777,41.384161801,2023-05-15 14:00:00
2023S002897    ,Les Corts,les Corts,Diagonal,Monday,2023,5,May,15,Afternoon,,Not caused by the pedestrian,Motorcycle,Man,23,Driver,Desconegut,Unknown,Unknown,Minor injury: Medical assistance at accident site,427575.97,4582577.49,2.13260725,41.389621548,2023-05-15 15:00:00
2023S002898    ,Nou Barris,la Trinitat Nova,Favència,Monday,2023,5,May,15,Afternoon,,Not caused by the pedestrian,Car,Man,24,Driver,Desconegut,Unknown,Commuting,Minor injury: Hospitalization up to 24 hours,431724.23,4588823.72,2.181514384,41.446242348,2023-05-15 17:00:00
2023S002899    ,Nou Barris,Ciutat Meridiana,Rasos de Peguera,Monday,2023,5,May,15,Afternoon,,Not caused by the pedestrian,Motorcycle,Woman,22,Passenger,Desconegut,Unknown,Unknown,Minor injury: Hospitalization up to 24 hours,431516.08,4590599.61,2.178821215,41.462219364,2023-05-15 16:00:00
2023S002900    ,Sants-Montjuïc,Sants - Badal,Canalejas,Monday,2023,5,May,15,Afternoon,,Not caused by the pedestrian,Car,Man,48,Pedestrian,En zona peatonal,Unknown,Unknown,Minor injury: Hospitalization up to 24 hours,427304.19,4580690.16,2.12958336,41.372598565,2023-05-15 18:00:00
2023S002901    ,Eixample,la Nova Esquerra de l'Eixample,Aragó,Monday,2023,5,May,15,Afternoon,,Not caused by the pedestrian,Motorcycle,Man,22,Driver,Desconegut,Unknown,Leisure and entertainment,Minor injury: Medical assistance at accident site,428994.37,4581592.23,2.149686545,41.380874184,2023-05-15 18:00:00
2023S002902    ,Horta-Guinardó,Horta,Horta a Cerdanyola,Monday,2023,5,May,15,Afternoon,,Not caused by the pedestrian,Bicicleta,Man,51,Driver,Desconegut,Unknown,Activitat esportiva particular,Minor injury: Hospitalization up to 24 hours,429195.5,4588322.66,2.151303679,41.441510338,2023-05-15 20:00:00
2023S002903    ,Sarrià-Sant Gervasi,les Tres Torres,Artós,Monday,2023,5,May,15,Night,,Not caused by the pedestrian,Motorcycle,Man,35,Driver,Desconegut,Unknown,Commuting,Minor injury: Hospitalization up to 24 hours,426997.09,4583262.8,2.125601349,41.395741492,2023-05-15 22:00:00
2023S002904    ,Sarrià-Sant Gervasi,Sarrià,Dalt (Llobregat),Tuesday,2023,5,May,16,Morning,,Not caused by the pedestrian,Motorcycle,Man,51,Driver,Desconegut,Unknown,Commuting,Minor injury: Hospitalization up to 24 hours,426544.03,4584388.45,2.120045718,41.405838449,2023-05-16 08:00:00
2023S002905    ,Sarrià-Sant Gervasi,Sant Gervasi - Galvany,Augusta,Tuesday,2023,5,May,16,Morning,,Not caused by the pedestrian,Motorcycle,Man,34,Driver,Desconegut,Unknown,Commuting,Minor injury: Hospitalization up to 24 hours,429503.04,4583283.82,2.155572358,41.396154521,2023-05-16 09:00:00
2023S002906    ,Les Corts,les Corts,Numància,Tuesday,2023,5,May,16,Morning,,Not caused by the pedestrian,Veh. mobilitat personal amb motor,Man,18,Driver,Desconegut,Unknown,Unknown,Minor injury: Medical assistance at accident site,427722.44,4582364.77,2.134384389,41.387718843,2023-05-16 11:00:00
2023S002907    ,Les Corts,les Corts,Josep Tarradellas,Tuesday,2023,5,May,16,Morning,,Not caused by the pedestrian,Veh. mobilitat personal amb motor,Woman,72,Pedestrian,En pas sense regular,Unknown,Unknown,Minor injury: Hospitalization up to 24 hours,428456.16,4582583.9,2.143133364,41.389758095,2023-05-16 11:00:00
2023S002909    ,Sant Martí,la Verneda i la Pau,Puigcerdà,Tuesday,2023,5,May,16,Morning,,Not caused by the pedestrian,Furgoneta,Woman,70,Pedestrian,En pas sense senyalitzar,Unknown,Unknown,Minor injury: Hospitalization up to 24 hours,433698.29,4585692.54,2.205488229,41.418206295,2023-05-16 12:00:00
2023S002910    ,Ciutat Vella,el Raval,Rambla,Tuesday,2023,5,May,16,Morning,,Not caused by the pedestrian,Bicicleta,Man,44,Driver,En pas sense regular,Unknown,Leisure and entertainment,Minor injury: Medical assistance at accident site,431144.57,4581298.5,2.175432578,41.378415629,2023-05-16 11:00:00
2023S002911    ,Nou Barris,Vilapicina i la Torre Llobeta,Escòcia,Tuesday,2023,5,May,16,Afternoon,,Not caused by the pedestrian,Motorcycle,Man,31,Driver,Desconegut,Unknown,Commuting,Minor injury: Hospitalization up to 24 hours,431642.4,4586873.46,2.180755604,41.428670082,2023-05-16 16:00:00
2023S002912    ,Les Corts,Pedralbes,Diagonal,Tuesday,2023,5,May,16,Afternoon,,Not caused by the pedestrian,Motorcycle,Woman,55,Driver,Desconegut,Unknown,Leisure and entertainment,Minor injury: Hospitalization up to 24 hours,425497.61,4581866.91,2.107838134,41.383031749,2023-05-16 19:00:00
2023S002913    ,Sants-Montjuïc,la Marina de Port,Alts Forns,Tuesday,2023,5,May,16,Afternoon,,Not caused by the pedestrian,Veh. mobilitat personal amb motor,Man,54,Driver,Desconegut,Unknown,Commuting,Minor injury: Hospitalization up to 24 hours,428188.51,4579099.98,2.140345254,41.358355782,2023-05-16 19:00:00
2023S002914    ,Horta-Guinardó,la Vall d'Hebron,Dalt (Llobregat),Tuesday,2023,5,May,16,Afternoon,,Not caused by the pedestrian,Motorcycle,Man,61,Driver,Desconegut,Unknown,Commuting,Minor injury: Medical assistance at accident site,428744.95,4587406.84,2.146018955,41.433222065,2023-05-16 18:00:00
2023S002915    ,Eixample,la Sagrada Família,Diagonal,Tuesday,2023,5,May,16,Afternoon,,Walking on the road,Bicicleta,Man,28,Driver,Desconegut,Unknown,Leisure and entertainment,Minor injury: Hospitalization up to 24 hours,431200.82,4583790.35,2.175822019,41.400863809,2023-05-16 18:00:00
2023S002916    ,Ciutat Vella,el Barri Gòtic,Rambla,Tuesday,2023,5,May,16,Afternoon,,Not caused by the pedestrian,Car,Woman,28,Driver,Desconegut,Unknown,Other activities,Minor injury: Medical assistance at accident site,431210.33,4581256.09,2.176223741,41.378039281,2023-05-16 20:00:00
2023S002917    ,Sant Martí,el Poblenou,Litoral (Llobregat),Wednesday,2023,5,May,17,Night,,Not caused by the pedestrian,Motorcycle,Man,24,Driver,Desconegut,Unknown,Leisure and entertainment,Minor injury: Medical assistance at accident site,433762.35,4583188.31,2.206528964,41.39565661,2023-05-17 03:00:00
2023S002918    ,Sants-Montjuïc,el Poble-sec,Litoral (Llobregat),Wednesday,2023,5,May,17,Morning,,Not caused by the pedestrian,Car,Woman,26,Passenger,Desconegut,Unknown,Unknown,Minor injury: Refused medical assistance,430515.24,4579432.98,2.168121075,41.361559281,2023-05-17 07:00:00
2023S002919    ,Gràcia,la Salut,Dalt,Wednesday,2023,5,May,17,Morning,,Not caused by the pedestrian,Motorcycle,Woman,39,Driver,Desconegut,Unknown,Commuting,Minor injury: Hospitalization up to 24 hours,429295.93,4584702.88,2.152929273,41.408917284,2023-05-17 08:00:00
2023S002920    ,Eixample,la Nova Esquerra de l'Eixample,Diputació,Wednesday,2023,5,May,17,Morning,,Not caused by the pedestrian,Motorcycle,Woman,49,Driver,Desconegut,Unknown,Commuting,Minor injury: Hospitalization up to 24 hours,429112.78,4581304.55,2.151136183,41.378293593,2023-05-17 09:00:00
2023S002921    ,Les Corts,la Maternitat i Sant Ramon,Diagonal,Wednesday,2023,5,May,17,Morning,,Not caused by the pedestrian,Autobús articulat,Woman,20,Pedestrian,En pas regulat per semàfor,Student heading to an educational center,Unknown,Minor injury: Hospitalization up to 24 hours,426532.46,4582239.97,2.120168117,41.386486961,2023-05-17 10:00:00
2023S002922    ,Sarrià-Sant Gervasi,les Tres Torres,Mig (Descendent),Wednesday,2023,5,May,17,Morning,,Not caused by the pedestrian,Motorcycle,Man,27,Driver,Desconegut,Unknown,Unknown,Minor injury: Hospitalization up to 24 hours,427605.52,4583482.64,2.1328524,41.397776536,2023-05-17 09:00:00
2023S002923    ,Sarrià-Sant Gervasi,les Tres Torres,Mig (Descendent),Wednesday,2023,5,May,17,Morning,,Not caused by the pedestrian,Ciclomotor,Man,20,Driver,Desconegut,Unknown,Unknown,Minor injury: Hospitalization up to 24 hours,427602.93,4583375.03,2.132834294,41.396807102,2023-05-17 08:00:00
2023S002924    ,Les Corts,la Maternitat i Sant Ramon,Diagonal,Wednesday,2023,5,May,17,Morning,,Not caused by the pedestrian,Taxi,Woman,25,Pedestrian,En pas regulat per semàfor,Leisure and entertainment,Unknown,Minor injury: Hospitalization up to 24 hours,425419.34,4581867.11,2.106902121,41.383026294,2023-05-17 09:00:00
2023S002926    ,Les Corts,Pedralbes,Marquès de Mulhacén,Wednesday,2023,5,May,17,Morning,,Not caused by the pedestrian,Bicicleta,Woman,49,Driver,Desconegut,Unknown,Commuting,Minor injury: Refused medical assistance,426247.87,4582940.38,2.116679345,41.392769197,2023-05-17 09:00:00
2023S002927    ,Sarrià-Sant Gervasi,Sant Gervasi - Galvany,Alfons XII,Wednesday,2023,4,April,26,Morning,,Others,Taxi,Man,60,Pedestrian,En pas regulat per semàfor,Unknown,Unknown,Minor injury: Hospitalization up to 24 hours,428821.3,4583809.71,2.147356208,41.40083093,2023-04-26 11:00:00
2023S002928    ,Sarrià-Sant Gervasi,Sant Gervasi - Galvany,Bori i Fontestà,Wednesday,2023,5,May,17,Morning,,Not caused by the pedestrian,Motorcycle,Woman,59,Pedestrian,En pas sense senyalitzar,Unknown,Unknown,Minor injury: Hospitalization up to 24 hours,428202.42,4583002.83,2.140048997,41.393508618,2023-05-17 10:00:00
2023S002929    ,Sants-Montjuïc,la Marina del Prat Vermell,Parc Logístic,Wednesday,2023,5,May,17,Morning,,Not caused by the pedestrian,Motorcycle,Man,27,Driver,Desconegut,Unknown,Unknown,Minor injury: Medical assistance at accident site,426831.77,4577122.72,2.124365251,41.340425085,2023-05-17 10:00:00
2023S002930    ,Sants-Montjuïc,la Bordeta,Constitució,Wednesday,2023,5,May,17,Morning,,Not caused by the pedestrian,Motorcycle,Woman,25,Driver,Desconegut,Unknown,Unknown,Minor injury: Medical assistance at accident site,427578.77,4580280.39,2.132915382,41.368932683,2023-05-17 13:00:00
2023S002932    ,Sants-Montjuïc,la Marina del Prat Vermell,Litoral (Besòs),Wednesday,2023,5,May,17,Afternoon,,Not caused by the pedestrian,Motorcycle,Man,60,Driver,Desconegut,Unknown,Unknown,Minor injury: Hospitalization up to 24 hours,428737.42,4578084.0,2.147026335,41.349253949,2023-05-17 15:00:00
2023S002933    ,Sant Martí,el Poblenou,Pujades,Wednesday,2023,5,May,17,Afternoon,,Not caused by the pedestrian,Motorcycle,Man,45,Driver,Desconegut,Unknown,Unknown,Minor injury: Hospitalization up to 24 hours,433555.49,4584133.75,2.203950873,41.404154881,2023-05-17 15:00:00
2023S002934    ,Ciutat Vella,el Barri Gòtic,Rambla,Wednesday,2023,5,May,17,Afternoon,,Disobeying the traffic light signal,Motorcycle,Man,44,Pedestrian,En pas regulat per semàfor,Unknown,Unknown,Minor injury: Medical assistance at accident site,430780.67,4581980.58,2.171003172,41.384527686,2023-05-17 15:00:00
2023S002935    ,Horta-Guinardó,la Vall d'Hebron,Dalt (Llobregat),Wednesday,2023,5,May,17,Afternoon,,Not caused by the pedestrian,Motorcycle,Woman,26,Driver,Desconegut,Unknown,Unknown,Minor injury: Hospitalization up to 24 hours,428461.5,4586654.83,2.142715731,41.426423822,2023-05-17 16:00:00
2023S002936    ,Sant Martí,el Camp de l'Arpa del Clot,València,Wednesday,2023,5,May,17,Afternoon,,Not caused by the pedestrian,Motorcycle,Woman,34,Passenger,Desconegut,Unknown,Unknown,Minor injury: Hospitalization up to 24 hours,431783.3,4584478.23,2.182712052,41.407108999,2023-05-17 17:00:00
2023S002937    ,Unknown,Unknown,Unknown,Wednesday,2023,5,May,17,Afternoon,,Not caused by the pedestrian,Ciclomotor,Man,68,Passenger,Desconegut,Unknown,Unknown,Minor injury: Hospitalization up to 24 hours,433746.5,4587235.6,2.205895892,41.432108183,2023-05-17 17:00:00
2023S002938    ,Gràcia,la Vila de Gràcia,Riera de Cassoles,Wednesday,2023,5,May,17,Afternoon,,Not caused by the pedestrian,Motorcycle,Man,20,Driver,Desconegut,Unknown,Unknown,Minor injury: Hospitalization up to 24 hours,429081.48,4584226.2,2.150419622,41.404605105,2023-05-17 16:00:00
2023S002939    ,Horta-Guinardó,Horta,Logronyo,Wednesday,2023,5,May,17,Afternoon,,Not caused by the pedestrian,Car,Woman,52,Passenger,Desconegut,Unknown,Unknown,Minor injury: Medical assistance at accident site,429982.88,4588112.4,2.160752487,41.439685701,2023-05-17 19:00:00
2023S002940    ,Sants-Montjuïc,el Poble-sec,Paral·lel,Wednesday,2023,5,May,17,Afternoon,,Not caused by the pedestrian,Motorcycle,Man,17,Driver,Desconegut,Unknown,Leisure and entertainment,Minor injury: Medical assistance at accident site,429895.54,4580909.81,2.160541914,41.374806906,2023-05-17 20:00:00
2023S002941    ,Les Corts,les Corts,Diagonal,Wednesday,2023,5,May,17,Afternoon,,Not caused by the pedestrian,Bicicleta,Woman,19,Driver,Desconegut,Unknown,Leisure and entertainment,Minor injury: Hospitalization up to 24 hours,427256.75,4582543.5,2.128793545,41.389286592,2023-05-17 19:00:00
2023S002942    ,Ciutat Vella,el Barri Gòtic,Portal de la Pau,Wednesday,2023,5,May,17,Afternoon,,Disobeying the traffic light signal,Bus,Man,32,Driver,En pas regulat per semàfor,Unknown,Bus urbà,Minor injury: Medical assistance at accident site,431358.53,4581040.46,2.178020316,41.376109822,2023-05-17 19:00:00
2023S002943    ,Les Corts,la Maternitat i Sant Ramon,Pascual i Vila,Wednesday,2023,5,May,17,Afternoon,,Not caused by the pedestrian,Motorcycle,Woman,29,Driver,Desconegut,Unknown,Unknown,Minor injury: Hospitalization up to 24 hours,426234.03,4581953.53,2.116634048,41.383879792,2023-05-17 20:00:00
2023S002944    ,Eixample,la Nova Esquerra de l'Eixample,Aragó,Wednesday,2023,5,May,17,Night,,Not caused by the pedestrian,Motorcycle,Man,36,Passenger,Desconegut,Unknown,Unknown,Minor injury: Hospitalization up to 24 hours,429354.29,4581928.4,2.153951329,41.383933657,2023-05-17 23:00:00
2023S002945    ,Sants-Montjuïc,la Marina del Prat Vermell,Zona Franca,Thursday,2023,5,May,18,Morning,,Not caused by the pedestrian,Motorcycle,Woman,27,Driver,Desconegut,Unknown,Commuting,Minor injury: Hospitalization up to 24 hours,428541.53,4578355.76,2.144652966,41.351684246,2023-05-18 07:00:00
2023S002946    ,Les Corts,la Maternitat i Sant Ramon,Pius XII,Thursday,2023,5,May,18,Morning,,Not caused by the pedestrian,Motorcycle,Man,28,Driver,Desconegut,Unknown,Commuting,Minor injury: Hospitalization up to 24 hours,426793.07,4582325.32,2.12327447,41.387279445,2023-05-18 08:00:00
2023S002947    ,Sant Andreu,Sant Andreu,Palomar,Thursday,2023,5,May,18,Morning,,Not caused by the pedestrian,Motorcycle,Woman,42,Driver,Desconegut,Unknown,Leisure and entertainment,Minor injury: Medical assistance at accident site,432478.32,4588421.89,2.190586018,41.442687024,2023-05-18 10:00:00
2023S002948    ,Sarrià-Sant Gervasi,Sarrià,Sant Joan Bosco,Thursday,2023,5,May,18,Morning,,Not caused by the pedestrian,Motorcycle,Man,9,Passenger,Desconegut,Unknown,Unknown,Minor injury: Refused medical assistance,427272.31,4583009.38,2.128923667,41.393483993,2023-05-18 08:00:00
2023S002949    ,Gràcia,la Vila de Gràcia,Dalt,Thursday,2023,5,May,18,Morning,,Not caused by the pedestrian,Motorcycle,Woman,78,Pedestrian,En pas regulat per semàfor,Leisure and entertainment,Unknown,Minor injury: Hospitalization up to 24 hours,429241.33,4584658.67,2.152281247,41.408514294,2023-05-18 10:00:00
2023S002950    ,Sants-Montjuïc,el Poble-sec,Santa Madrona,Thursday,2023,5,May,18,Morning,,Not caused by the pedestrian,Motorcycle,Woman,59,Pedestrian,En zona peatonal,Commuting,Unknown,Minor injury: Hospitalization up to 24 hours,429659.94,4580072.69,2.15782199,41.367246651,2023-05-18 09:00:00
2023S002951    ,Sants-Montjuïc,la Marina del Prat Vermell,Litoral (Besòs),Thursday,2023,5,May,18,Morning,,Not caused by the pedestrian,Car,Man,46,Passenger,Desconegut,Unknown,Unknown,Minor injury: Medical assistance at accident site,426503.22,4577014.83,2.120451911,41.339423439,2023-05-18 09:00:00
2023S002952    ,Horta-Guinardó,el Carmel,Sigüenza,Thursday,2023,5,May,18,Morning,,Not caused by the pedestrian,Car,Woman,22,Pedestrian,En pas sense regular,Unknown,Unknown,Minor injury: Refused medical assistance,429522.17,4586451.53,2.155432012,41.424686589,2023-05-18 11:00:00
2023S002953    ,Ciutat Vella,la Barceloneta,Litoral (Llobregat),Thursday,2023,5,May,18,Morning,,Not caused by the pedestrian,Motorcycle,Man,19,Driver,Desconegut,Unknown,On a mission,Minor injury: Hospitalization up to 24 hours,432683.81,4582138.32,2.193745254,41.386110004,2023-05-18 13:00:00
2023S002954    ,Sants-Montjuïc,Hostafrancs,Corts Catalanes,Thursday,2023,5,May,18,Morning,,Not caused by the pedestrian,Motorcycle,Man,63,Driver,Desconegut,Unknown,Unknown,Minor injury: Hospitalization up to 24 hours,428814.53,4580855.53,2.147622554,41.374223076,2023-05-18 11:00:00
2023S002955    ,Eixample,la Nova Esquerra de l'Eixample,Viladomat,Thursday,2023,5,May,18,Afternoon,,Not caused by the pedestrian,Car,Man,12,Pedestrian,En pas regulat per semàfor,Leisure and entertainment,Unknown,Minor injury: Hospitalization up to 24 hours,429288.68,4581819.12,2.153179474,41.382943641,2023-05-18 14:00:00
2023S002956    ,Gràcia,Vallcarca i els Penitents,Vallcarca,Thursday,2023,5,May,18,Afternoon,,Not caused by the pedestrian,Motorcycle,Man,47,Driver,Desconegut,Unknown,Unknown,Minor injury: Refused medical assistance,428951.81,4584623.71,2.148821748,41.40817387,2023-05-18 16:00:00
2023S002957    ,Horta-Guinardó,Montbau,Vall d'Hebron,Thursday,2023,5,May,18,Afternoon,,Not caused by the pedestrian,Ciclomotor,Woman,23,Passenger,Desconegut,Unknown,Unknown,Minor injury: Hospitalization up to 24 hours,428614.9,4587084.65,2.144500616,41.430308683,2023-05-18 16:00:00
2023S002958    ,Sarrià-Sant Gervasi,Sant Gervasi - la Bonanova,Joaquim Folguera,Thursday,2023,5,May,18,Afternoon,,Not caused by the pedestrian,Motorcycle,Man,80,Driver,Desconegut,Unknown,Leisure and entertainment,Minor injury: Medical assistance at accident site,428115.75,4584393.63,2.138847157,41.40602726,2023-05-18 18:00:00
2023S002959    ,Sants-Montjuïc,la Marina del Prat Vermell,Litoral (Llobregat),Thursday,2023,5,May,18,Afternoon,,Not caused by the pedestrian,Car,Woman,23,Passenger,Desconegut,Unknown,Unknown,Minor injury: Refused medical assistance,427389.94,4577429.38,2.1309991,41.343237595,2023-05-18 18:00:00
2023S002960    ,Nou Barris,Vilapicina i la Torre Llobeta,Cubelles,Thursday,2023,5,May,18,Afternoon,,Not caused by the pedestrian,Motorcycle,Woman,19,Passenger,Desconegut,Unknown,Unknown,Minor injury: Hospitalization up to 24 hours,431202.29,4586681.38,2.175510656,41.426902488,2023-05-18 20:00:00
2023S002961    ,Eixample,la Dreta de l'Eixample,Diagonal,Thursday,2023,5,May,18,Afternoon,,Not caused by the pedestrian,Motorcycle,Woman,35,Driver,Desconegut,Unknown,Commuting,Minor injury: Hospitalization up to 24 hours,430134.59,4583421.81,2.163110418,41.397452499,2023-05-18 19:00:00
2023S002963    ,Eixample,la Dreta de l'Eixample,Gràcia,Friday,2023,5,May,19,Night,,Not caused by the pedestrian,Motorcycle,Man,43,Driver,Desconegut,Unknown,Commuting,Minor injury: Hospitalization up to 24 hours,430658.0,4582415.71,2.169486338,41.388436201,2023-05-19 01:00:00
2023S002964    ,Eixample,el Fort Pienc,Sardenya,Friday,2023,5,May,19,Night,,Not caused by the pedestrian,Motorcycle,Man,41,Driver,Desconegut,Unknown,Commuting,Minor injury: Hospitalization up to 24 hours,431752.08,4583297.38,2.182471768,41.396470781,2023-05-19 01:00:00
2023S002965    ,Gràcia,la Vila de Gràcia,Torrent de les Flors,Friday,2023,5,May,19,Morning,,Not caused by the pedestrian,Motorcycle,Woman,57,Driver,Desconegut,Unknown,Unknown,Minor injury: Medical assistance at accident site,429688.15,4584679.3,2.157624284,41.408739331,2023-05-19 09:00:00
2023S002966    ,Sants-Montjuïc,Sants,Berlín,Friday,2023,5,May,19,Morning,,Not caused by the pedestrian,Motorcycle,Woman,6,Pedestrian,Fora del pas,Unknown,Unknown,Minor injury: Refused medical assistance,427987.29,4581807.13,2.137618156,41.382720155,2023-05-19 08:00:00
2023S002967    ,Eixample,Sant Antoni,Comte d'Urgell,Friday,2023,5,May,19,Morning,,Not caused by the pedestrian,Motorcycle,Woman,32,Driver,Desconegut,Unknown,Unknown,Minor injury: Medical assistance at accident site,430029.45,4581426.92,2.162083363,41.379476019,2023-05-19 12:00:00
2023S002969    ,Sants-Montjuïc,Hostafrancs,Corts Catalanes,Friday,2023,5,May,19,Morning,,Not caused by the pedestrian,Motorcycle,Man,32,Driver,Desconegut,Unknown,Unknown,Minor injury: Medical assistance at accident site,428694.98,4580660.99,2.146215993,41.37246033,2023-05-19 11:00:00
2023S002970    ,Les Corts,la Maternitat i Sant Ramon,Diagonal,Friday,2023,5,May,19,Morning,,Not caused by the pedestrian,Motorcycle,Man,70,Driver,Desconegut,Unknown,Other activities,Minor injury: Hospitalization up to 24 hours,426968.02,4582381.68,2.12535995,41.387802968,2023-05-19 12:00:00
2023S002971    ,Sarrià-Sant Gervasi,Sarrià,Augusta,Friday,2023,5,May,19,Morning,,Not caused by the pedestrian,Motorcycle,Woman,71,Pedestrian,En pas sense regular,Leisure and entertainment,Unknown,Minor injury: Hospitalization up to 24 hours,426465.72,4584125.1,2.119140932,41.40345941,2023-05-19 12:00:00
2023S002972    ,Horta-Guinardó,el Carmel,Fastenrath,Friday,2023,5,May,19,Morning,,Not caused by the pedestrian,Motorcycle,Woman,47,Driver,Desconegut,Unknown,Unknown,Minor injury: Hospitalization up to 24 hours,429161.2,4586116.63,2.151151811,41.421638512,2023-05-19 12:00:00
2023S002973    ,Sants-Montjuïc,el Poble-sec,Litoral (Llobregat),Friday,2023,5,May,19,Morning,,Not caused by the pedestrian,Motorcycle,Man,30,Driver,Desconegut,Unknown,Commuting,Minor injury: Medical assistance at accident site,429180.71,4578306.44,2.152298752,41.351296522,2023-05-19 13:00:00
2023S002974    ,Horta-Guinardó,Sant Genís dels Agudells,Naïm,Thursday,2023,3,March,23,Afternoon,,Not caused by the pedestrian,Veh. mobilitat personal amb motor,Man,66,Pedestrian,A la vorera / Andana,Unknown,Unknown,Minor injury: Medical assistance at accident site,428084.54,4586602.49,2.13821106,41.425918742,2023-03-23 16:00:00
2023S002975    ,Nou Barris,Vilapicina i la Torre Llobeta,Quinze,Friday,2023,5,May,19,Afternoon,,Not caused by the pedestrian,Motorcycle,Woman,50,Driver,Desconegut,Unknown,Unknown,Minor injury: Medical assistance at accident site,431122.09,4586910.29,2.174524831,41.428957323,2023-05-19 14:00:00
2023S002976    ,Sarrià-Sant Gervasi,Sant Gervasi - la Bonanova,Dalt (Besòs),Friday,2023,5,May,19,Morning,,Not caused by the pedestrian,Car,Woman,71,Passenger,Desconegut,Unknown,Unknown,Minor injury: Medical assistance at accident site,427429.54,4585230.89,2.130537728,41.413506414,2023-05-19 13:00:00