Case_Number,District_Name,Neighborhood_Name,Street_Name,Day_of_Week,Year,Month_Code,Month_Name,Day_of_Month,Shift_Description,Hour_of_Day,Pedestrian_Cause_Description,Involved_Vehicle_Type,Gender_Description,Age,Person_Type_Description,Pedestrian_Accident_Location_Description,Pedestrian_Movement_Reason_Description,Driver_Movement_Reason_Description,Victimization_Description,UTM_X_Coordinate,UTM_Y_Coordinate,Longitude,Latitude,datetime
2023S002977    ,Sant Andreu,la Sagrera,Berenguer de Palou,Thursday,2023,5,May,18,Afternoon,,Not caused by the pedestrian,Bus,Woman,81,Pedestrian,Desconegut,Unknown,Unknown,Minor injury: Hospitalization up to 24 hours,432554.05,4586337.91,2.191725172,41.423923661,2023-05-18 19:00:00
2023S002978    ,Sarrià-Sant Gervasi,Sant Gervasi - la Bonanova,Balmes,Friday,2023,5,May,19,Afternoon,,Not caused by the pedestrian,Motorcycle,Man,26,Driver,Desconegut,Unknown,Commuting,Minor injury: Hospitalization up to 24 hours,428182.1,4584284.3,2.139653867,41.405048502,2023-05-19 15:00:00
2023S002979    ,Sant Andreu,Sant Andreu,Santa Coloma,Friday,2023,5,May,19,Afternoon,,Not caused by the pedestrian,Ciclomotor,Man,41,Driver,Desconegut,Unknown,On a mission,Minor injury: Hospitalization up to 24 hours,432437.97,4588710.74,2.190070717,41.4452852,2023-05-19 14:00:00
2023S002980    ,Eixample,la Dreta de l'Eixample,Gràcia,Friday,2023,5,May,19,Afternoon,,Not caused by the pedestrian,Motorcycle,Man,52,Driver,Desconegut,Unknown,Unknown,Minor injury: Hospitalization up to 24 hours,429892.18,4583306.91,2.160224197,41.396396524,2023-05-19 15:00:00
2023S002981    ,Eixample,l'Antiga Esquerra de l'Eixample,Corts Catalanes,Friday,2023,5,May,19,Afternoon,,Not caused by the pedestrian,Car,Woman,39,Passenger,Desconegut,Unknown,Unknown,Minor injury: Medical assistance at accident site,430025.03,4582004.98,2.161963719,41.384682041,2023-05-19 16:00:00
2023S002982    ,Sant Martí,la Vila Olímpica del Poblenou,Litoral (Llobregat),Friday,2023,5,May,19,Afternoon,,Not caused by the pedestrian,Motorcycle,Man,31,Driver,Desconegut,Unknown,Unknown,Minor injury: Hospitalization up to 24 hours,432899.2,4582415.5,2.196290448,41.388624503,2023-05-19 16:00:00
2023S002983    ,Eixample,la Dreta de l'Eixample,Corts Catalanes,Friday,2023,5,May,19,Afternoon,,Not caused by the pedestrian,Bicicleta,Man,25,Driver,Desconegut,Unknown,Unknown,Minor injury: Hospitalization up to 24 hours,430694.58,4582659.98,2.169895858,41.390639421,2023-05-19 16:00:00
2023S002984    ,Sants-Montjuïc,Hostafrancs,Creu Coberta,Saturday,2023,5,May,20,Night,,Not caused by the pedestrian,Ciclomotor,Man,39,Driver,Desconegut,Unknown,Unknown,Minor injury: Hospitalization up to 24 hours,428660.28,4580964.83,2.145765322,41.375193838,2023-05-20 00:00:00
2023S002985    ,Eixample,la Dreta de l'Eixample,Gràcia,Saturday,2023,5,May,20,Night,,Not caused by the pedestrian,Car,Man,43,Driver,Desconegut,Unknown,Taxi,Minor injury: Hospitalization up to 24 hours,430707.55,4582361.15,2.170085183,41.387949068,2023-05-20 01:00:00
2023S002986    ,Nou Barris,la Prosperitat,Joaquim Valls,Friday,2023,5,May,19,Afternoon,,Not caused by the pedestrian,Car,Woman,74,Pedestrian,En pas sense senyalitzar,Unknown,Unknown,Minor injury: Medical assistance at accident site,431801.0,4588426.6,2.182478204,41.442672162,2023-05-19 15:00:00
2023S002987    ,Eixample,la Dreta de l'Eixample,Pau Claris,Friday,2023,5,May,19,Afternoon,,Not caused by the pedestrian,Veh. mobilitat personal amb motor,Man,16,Driver,Desconegut,Unknown,Leisure and entertainment,Minor injury: Hospitalization up to 24 hours,430310.82,4583051.57,2.165260989,41.394133169,2023-05-19 20:00:00
2023S002988    ,Horta-Guinardó,Montbau,Dalt (Besòs),Saturday,2023,5,May,20,Morning,,Not caused by the pedestrian,Motorcycle,Man,31,Driver,Desconegut,Unknown,Leisure and entertainment,Minor injury: Medical assistance at accident site,428817.02,4587609.98,2.146857535,41.435058054,2023-05-20 07:00:00
2023S002989    ,Nou Barris,la Guineueta,Guineueta,Saturday,2023,5,May,20,Morning,,Not caused by the pedestrian,Motorcycle,Man,24,Driver,Desconegut,Unknown,Leisure and entertainment,Minor injury: Hospitalization up to 24 hours,430447.05,4588185.11,2.166299779,41.440380936,2023-05-20 08:00:00
2023S002990    ,Gràcia,Vallcarca i els Penitents,Dalt (Besòs),Saturday,2023,5,May,20,Morning,,Not caused by the pedestrian,Car,Woman,64,Passenger,Desconegut,Unknown,Unknown,Minor injury: Medical assistance at accident site,428210.43,4585888.55,2.139802315,41.419499855,2023-05-20 08:00:00
2023S002991    ,Gràcia,Vallcarca i els Penitents,Dalt (Besòs),Saturday,2023,5,May,20,Morning,,Not caused by the pedestrian,Motorcycle,Woman,38,Driver,Desconegut,Unknown,Unknown,Minor injury: Refused medical assistance,428053.34,4585610.79,2.137955752,41.41698413,2023-05-20 09:00:00
2023S002992    ,Eixample,l'Antiga Esquerra de l'Eixample,Villarroel,Saturday,2023,5,May,20,Morning,,Not caused by the pedestrian,Veh. mobilitat personal amb motor,Woman,33,Driver,Desconegut,Unknown,Leisure and entertainment,Minor injury: Hospitalization up to 24 hours,429544.56,4582114.92,2.156205024,41.385630276,2023-05-20 08:00:00
2023S002993    ,Eixample,la Dreta de l'Eixample,Diagonal,Saturday,2023,5,May,20,Morning,,Not caused by the pedestrian,Car,Woman,36,Passenger,Desconegut,Unknown,Unknown,Minor injury: Hospitalization up to 24 hours,430333.78,4583509.96,2.165482838,41.398263729,2023-05-20 12:00:00
2023S002994    ,Sant Martí,la Verneda i la Pau,Corts Catalanes,Saturday,2023,5,May,20,Morning,,Not caused by the pedestrian,Car,Man,26,Passenger,Desconegut,Unknown,Unknown,Minor injury: Medical assistance at accident site,434102.35,4586062.74,2.210282537,41.421573847,2023-05-20 12:00:00
2023S002995    ,Eixample,la Sagrada Família,Aragó,Saturday,2023,5,May,20,Morning,,Not caused by the pedestrian,Motorcycle,Man,29,Driver,Desconegut,Unknown,Unknown,Minor injury: Medical assistance at accident site,431553.57,4584083.99,2.180008377,41.40353866,2023-05-20 13:00:00
2023S002996    ,Eixample,la Dreta de l'Eixample,València,Saturday,2023,5,May,20,Afternoon,,Not caused by the pedestrian,Motorcycle,Woman,35,Driver,Desconegut,Unknown,Unknown,Minor injury: Hospitalization up to 24 hours,430094.67,4582858.13,2.16269803,41.392372148,2023-05-20 18:00:00
2023S002997    ,Sant Andreu,el Bon Pastor,B-10 (Besòs),Saturday,2023,5,May,20,Afternoon,,Not caused by the pedestrian,Car,Woman,52,Passenger,Desconegut,Unknown,Unknown,Minor injury: Medical assistance at accident site,433346.77,4589084.0,2.200907985,41.448723046,2023-05-20 18:00:00
2023S002998    ,Eixample,l'Antiga Esquerra de l'Eixample,Aragó,Saturday,2023,5,May,20,Afternoon,,Not caused by the pedestrian,Motorcycle,Man,48,Driver,Desconegut,Unknown,Leisure and entertainment,Minor injury: Hospitalization up to 24 hours,429735.29,4582301.52,2.158464328,41.387327612,2023-05-20 17:00:00
2023S002999    ,Eixample,la Sagrada Família,Provença,Saturday,2023,5,May,20,Afternoon,,Not caused by the pedestrian,Motorcycle,Woman,24,Driver,Desconegut,Unknown,Leisure and entertainment,Minor injury: Hospitalization up to 24 hours,431183.54,4584280.16,2.175559601,41.405273895,2023-05-20 18:00:00
2023S003000    ,Sarrià-Sant Gervasi,Sant Gervasi - Galvany,Mig (Ascendent),Saturday,2023,5,May,20,Night,,Not caused by the pedestrian,Motorcycle,Woman,59,Passenger,Desconegut,Unknown,Unknown,Minor injury: Medical assistance at accident site,427605.52,4583482.64,2.1328524,41.397776536,2023-05-20 23:00:00
2023S003001    ,Sarrià-Sant Gervasi,Sant Gervasi - Galvany,Escoles Pies,Saturday,2023,5,May,20,Afternoon,,Not caused by the pedestrian,Motorcycle,Man,18,Driver,Desconegut,Unknown,Unknown,Minor injury: Medical assistance at accident site,427884.67,4583176.48,2.136227865,41.39504417,2023-05-20 21:00:00
2023S003002    ,Eixample,la Sagrada Família,València,Saturday,2023,5,May,20,Afternoon,,Not caused by the pedestrian,Motorcycle,Man,64,Driver,Desconegut,Unknown,Unknown,Minor injury: Hospitalization up to 24 hours,431686.61,4584414.63,2.181562522,41.406527957,2023-05-20 20:00:00
2023S003003    ,Eixample,la Dreta de l'Eixample,Aragó,Saturday,2023,5,May,20,Afternoon,,Not caused by the pedestrian,Motorcycle,Woman,22,Passenger,Desconegut,Unknown,Unknown,Minor injury: Hospitalization up to 24 hours,430786.4,4583330.2,2.170917388,41.396683796,2023-05-20 21:00:00
2023S003004    ,Horta-Guinardó,el Guinardó,Mare de Déu de Montserrat,Saturday,2023,5,May,20,Afternoon,,Not caused by the pedestrian,Car,Woman,76,Pedestrian,En pas regulat per semàfor,Unknown,Unknown,Minor injury: Hospitalization up to 24 hours,431110.68,4586147.11,2.174475289,41.422082649,2023-05-20 21:00:00
2023S003005    ,Sant Martí,Provençals del Poblenou,C-31,Sunday,2023,5,May,21,Afternoon,,Not caused by the pedestrian,Car,Woman,55,Driver,Desconegut,Unknown,Leisure and entertainment,Minor injury: Hospitalization up to 24 hours,432986.83,4584903.52,2.197062924,41.411040761,2023-05-21 14:00:00
2023S003006    ,Horta-Guinardó,el Guinardó,Maragall,Sunday,2023,5,May,21,Morning,,Not caused by the pedestrian,Autobús articulat,Woman,85,Passenger,Desconegut,Unknown,Unknown,Minor injury: Hospitalization up to 24 hours,431483.35,4586153.26,2.178933902,41.422169927,2023-05-21 13:00:00
2023S003007    ,Eixample,la Dreta de l'Eixample,València,Sunday,2023,5,May,21,Afternoon,,Not caused by the pedestrian,Car,Woman,48,Passenger,Desconegut,Unknown,Unknown,Minor injury: Refused medical assistance,430839.39,4583587.88,2.17152176,41.399009201,2023-05-21 16:00:00
2023S003008    ,Eixample,la Dreta de l'Eixample,Corts Catalanes,Sunday,2023,5,May,21,Afternoon,,Not caused by the pedestrian,Autobús articulat,Woman,58,Passenger,Desconegut,Unknown,Unknown,Minor injury: Hospitalization up to 24 hours,430948.88,4582872.68,2.172913037,41.39257703,2023-05-21 14:00:00
2023S003009    ,Sants-Montjuïc,la Marina de Port,Foneria,Sunday,2023,5,May,21,Night,,Not caused by the pedestrian,Car,Woman,35,Passenger,Desconegut,Unknown,Unknown,Minor injury: Hospitalization up to 24 hours,428172.43,4579432.11,2.140113687,41.361345733,2023-05-21 22:00:00
2023S003010    ,Eixample,Sant Antoni,Espanya,Monday,2023,5,May,22,Night,,Not caused by the pedestrian,Veh. mobilitat personal amb motor,Man,27,Driver,Desconegut,Unknown,Commuting,Minor injury: Hospitalization up to 24 hours,428989.31,4580940.29,2.149702461,41.375001931,2023-05-22 01:00:00
2023S003011    ,Sant Martí,Diagonal Mar i el Front Marítim del Poblenou,Selva de Mar,Monday,2023,5,May,22,Night,,Not caused by the pedestrian,Motorcycle,Man,52,Driver,Desconegut,Unknown,Leisure and entertainment,Minor injury: Hospitalization up to 24 hours,434402.09,4584203.84,2.214070853,41.404855733,2023-05-22 05:00:00
2023S003012    ,Les Corts,les Corts,Equador,Monday,2023,5,May,22,Morning,,Not caused by the pedestrian,Motorcycle,Man,53,Driver,Desconegut,Unknown,On a mission,Minor injury: Refused medical assistance,428043.39,4582383.01,2.138220595,41.387911914,2023-05-22 10:00:00
2023S003013    ,Sants-Montjuïc,la Bordeta,Constitució,Monday,2023,5,May,22,Morning,,Disobeying the traffic light signal,Veh. mobilitat personal amb motor,Woman,50,Pedestrian,En pas regulat per semàfor,Unknown,Unknown,Minor injury: Hospitalization up to 24 hours,427989.79,4580394.9,2.137815919,41.37000093,2023-05-22 08:00:00
2023S003014    ,Eixample,la Sagrada Família,Aragó,Monday,2023,5,May,22,Morning,,Not caused by the pedestrian,Ciclomotor,Woman,54,Driver,Desconegut,Unknown,Commuting,Minor injury: Hospitalization up to 24 hours,431675.68,4584232.02,2.181452393,41.404882315,2023-05-22 08:00:00
2023S003016    ,Sant Martí,el Poblenou,Litoral (Llobregat),Monday,2023,5,May,22,Morning,,Not caused by the pedestrian,Motorcycle,Man,20,Driver,Desconegut,Unknown,Student heading to an educational center,Minor injury: Hospitalization up to 24 hours,433777.75,4583199.54,2.206711936,41.395759025,2023-05-22 09:00:00
2023S003017    ,Sant Martí,el Poblenou,Litoral,Monday,2023,5,May,22,Morning,,Not caused by the pedestrian,Car,Man,75,Driver,Desconegut,Unknown,On a mission,Minor injury: Hospitalization up to 24 hours,433600.12,4582986.31,2.204610681,41.393823857,2023-05-22 12:00:00
2023S003018    ,Eixample,la Dreta de l'Eixample,Gràcia,Monday,2023,5,May,22,Morning,,Crossing outside the pedestrian crossing,Bus,Woman,57,Passenger,Desconegut,Unknown,Unknown,Minor injury: Medical assistance at accident site,430157.28,4583012.79,2.163429022,41.393770563,2023-05-22 09:00:00
2023S003019    ,Sant Martí,el Clot,Meridiana,Monday,2023,5,May,22,Morning,,Not caused by the pedestrian,Car,Woman,26,Pedestrian,En pas regulat per semàfor,Unknown,Unknown,Minor injury: Hospitalization up to 24 hours,432161.53,4584895.27,2.187190083,41.410897181,2023-05-22 12:00:00
2023S003021    ,Eixample,l'Antiga Esquerra de l'Eixample,Mallorca,Monday,2023,5,May,22,Morning,,Disobeying the traffic light signal,Motorcycle,Man,32,Pedestrian,En pas regulat per semàfor,Unknown,Unknown,Minor injury: Hospitalization up to 24 hours,429452.6,4582399.4,2.15507212,41.388184428,2023-05-22 13:00:00
2023S003022    ,Sants-Montjuïc,la Marina de Port,Ferrocarrils Catalans,Monday,2023,5,May,22,Morning,,Disobeying other signals,Car,Woman,25,Passenger,Desconegut,Unknown,Unknown,Minor injury: Medical assistance at accident site,428205.27,4579648.21,2.140480683,41.363295005,2023-05-22 13:00:00
2023S003023    ,Eixample,l'Antiga Esquerra de l'Eixample,Corts Catalanes,Monday,2023,5,May,22,Morning,,Not caused by the pedestrian,Motorcycle,Man,48,Driver,Desconegut,Unknown,Unknown,Minor injury: Hospitalization up to 24 hours,430121.36,4582099.83,2.163104777,41.385544703,2023-05-22 13:00:00
2023S003024    ,Ciutat Vella,el Raval,Pelai,Monday,2023,5,May,22,Afternoon,,Not caused by the pedestrian,Ciclomotor,Man,39,Driver,Desconegut,Unknown,Commuting,Minor injury: Hospitalization up to 24 hours,430643.28,4582079.93,2.169348755,41.385410662,2023-05-22 15:00:00
2023S003025    ,Gràcia,la Vila de Gràcia,Diagonal,Monday,2023,5,May,22,Afternoon,,Not caused by the pedestrian,Veh. mobilitat personal amb motor,Man,54,Driver,Desconegut,Unknown,Unknown,Minor injury: Hospitalization up to 24 hours,429570.02,4583264.8,2.15637572,41.395989087,2023-05-22 16:00:00
2023S003026    ,Sarrià-Sant Gervasi,el Putxet i el Farró,República Argentina,Monday,2023,5,May,22,Afternoon,,Not caused by the pedestrian,Ciclomotor,Woman,53,Pedestrian,En pas regulat per semàfor,Leisure and entertainment,Unknown,Minor injury: Hospitalization up to 24 hours,428573.99,4584975.32,2.14426029,41.41130718,2023-05-22 16:00:00
2023S003027    ,Sant Martí,la Vila Olímpica del Poblenou,Marina,Monday,2023,5,May,22,Afternoon,,Not caused by the pedestrian,Car,Woman,29,Pedestrian,En pas regulat per semàfor,Unknown,Unknown,Minor injury: Medical assistance at accident site,432592.28,4582626.29,2.19259629,41.390497358,2023-05-22 15:00:00
2023S003028    ,Eixample,Sant Antoni,Vilamarí,Monday,2023,5,May,22,Afternoon,,Not caused by the pedestrian,Motorcycle,Man,63,Driver,Desconegut,Unknown,Commuting,Minor injury: Medical assistance at accident site,429269.66,4581057.55,2.153040952,41.376082757,2023-05-22 18:00:00
2023S003029    ,Eixample,la Dreta de l'Eixample,Corts Catalanes,Monday,2023,5,May,22,Afternoon,,Not caused by the pedestrian,Motorcycle,Man,60,Driver,Desconegut,Unknown,Unknown,Minor injury: Refused medical assistance,431363.28,4583313.93,2.177819397,41.396586731,2023-05-22 17:00:00
2023S003030    ,Nou Barris,Vilapicina i la Torre Llobeta,Pitàgores,Monday,2023,5,May,22,Afternoon,,Not caused by the pedestrian,Furgoneta,Woman,75,Pedestrian,En pas sense regular,Unknown,Unknown,Minor injury: Hospitalization up to 24 hours,430364.02,4586837.25,2.165461369,41.42823408,2023-05-22 18:00:00
2023S003031    ,Unknown,Unknown,Unknown,Monday,2023,5,May,22,Afternoon,,Not caused by the pedestrian,Motorcycle,Woman,23,Passenger,Desconegut,Unknown,Unknown,Minor injury: Hospitalization up to 24 hours,430513.1,4584954.86,2.167461791,41.411292984,2023-05-22 18:00:00
2023S003032    ,Sant Martí,el Camp de l'Arpa del Clot,Antic de Bofarull,Monday,2023,5,May,22,Afternoon,,Not caused by the pedestrian,Motorcycle,Man,54,Driver,Desconegut,Unknown,Unknown,Minor injury: Hospitalization up to 24 hours,432134.81,4584834.86,2.186877189,41.410350829,2023-05-22 19:00:00
2023S003033    ,Nou Barris,la Prosperitat,Rio de Janeiro,Monday,2023,5,May,22,Afternoon,,Not caused by the pedestrian,Veh. mobilitat personal amb motor,Woman,9,Pedestrian,A la vorera / Andana,Leisure and entertainment,Unknown,Minor injury: Medical assistance at accident site,431787.59,4588106.71,2.18235383,41.439789887,2023-05-22 17:00:00
2023S003034    ,Gràcia,la Vila de Gràcia,Riera de Cassoles,Monday,2023,5,May,22,Afternoon,,Disobeying the traffic light signal,Motorcycle,Man,74,Pedestrian,Fora del pas,Unknown,Unknown,Minor injury: Hospitalization up to 24 hours,429050.42,4584083.49,2.150064802,41.403317027,2023-05-22 21:00:00
2023S003035    ,Sants-Montjuïc,la Marina de Port,Mare de Déu de Port,Monday,2023,5,May,22,Night,,Not caused by the pedestrian,Motorcycle,Woman,45,Passenger,Desconegut,Unknown,Unknown,Minor injury: Hospitalization up to 24 hours,428458.71,4579056.19,2.143580406,41.357985444,2023-05-22 23:00:00
2023S003036    ,Nou Barris,Ciutat Meridiana,Rasos de Peguera,Monday,2023,5,May,22,Night,,Not caused by the pedestrian,Car,Woman,32,Driver,Desconegut,Unknown,"Bombers, policia, ambulància",Minor injury: Hospitalization up to 24 hours,431331.73,4590473.53,2.176628306,41.461068046,2023-05-22 02:00:00
2023S003037    ,Eixample,la Sagrada Família,Provença,Monday,2023,1,January,2,Morning,,Not caused by the pedestrian,Bicicleta,Man,32,Driver,Altres,Unknown,Unknown,Minor injury: Hospitalization up to 24 hours,430829.2,4583922.32,2.171361638,41.402020518,2023-01-02 12:00:00
2023S003038    ,Eixample,el Fort Pienc,Diagonal,Tuesday,2023,5,May,23,Morning,,Not caused by the pedestrian,Motorcycle,Man,25,Driver,Desconegut,Unknown,Commuting,Minor injury: Medical assistance at accident site,431207.13,4583723.12,2.175905143,41.40025883,2023-05-23 07:00:00
2023S003039    ,Sarrià-Sant Gervasi,Sarrià,Capità Arenas,Tuesday,2023,5,May,23,Morning,,Not caused by the pedestrian,Car,Man,64,Pedestrian,Altres,Unknown,Unknown,Minor injury: Hospitalization up to 24 hours,426985.34,4582853.9,2.125510135,41.392057633,2023-05-23 08:00:00
2023S003040    ,Eixample,l'Antiga Esquerra de l'Eixample,Buenos Aires,Monday,2023,5,May,22,Night,,Not caused by the pedestrian,Motorcycle,Man,28,Driver,Desconegut,Unknown,On a mission,Minor injury: Hospitalization up to 24 hours,428794.3,4582881.46,2.147142455,41.392468133,2023-05-22 22:00:00
2023S003041    ,Sants-Montjuïc,la Marina de Port,Mare de Déu de Port,Tuesday,2023,5,May,23,Morning,,Not caused by the pedestrian,Bicicleta,Man,55,Driver,Desconegut,Unknown,Commuting,Minor injury: Hospitalization up to 24 hours,428396.8,4579154.8,2.14282869,41.358868087,2023-05-23 09:00:00
2023S003042    ,Nou Barris,Verdun,Favència,Tuesday,2023,5,May,23,Morning,,Not caused by the pedestrian,Car,Man,44,Driver,Desconegut,Unknown,Other activities,Minor injury: Hospitalization up to 24 hours,431311.39,4588712.57,2.17658522,41.445206023,2023-05-23 09:00:00
2023S003044    ,Sarrià-Sant Gervasi,el Putxet i el Farró,Balmes,Tuesday,2023,5,May,23,Morning,,Not caused by the pedestrian,Motorcycle,Woman,26,Driver,Desconegut,Unknown,Unknown,Minor injury: Hospitalization up to 24 hours,428523.23,4584068.95,2.143760115,41.403139348,2023-05-23 10:00:00
2023S003045    ,Sant Martí,la Vila Olímpica del Poblenou,Litoral (Llobregat),Tuesday,2023,5,May,23,Morning,,Not caused by the pedestrian,Veh. mobilitat personal amb motor,Woman,50,Driver,Desconegut,Unknown,Leisure and entertainment,Serious injury: Hospitalization over 24 hours,433167.94,4582635.8,2.199480195,41.390631079,2023-05-23 11:00:00
2023S003046    ,Sant Martí,el Clot,València,Tuesday,2023,5,May,23,Morning,,Not caused by the pedestrian,Autobús articulat,Woman,84,Passenger,Desconegut,Unknown,Unknown,Minor injury: Hospitalization up to 24 hours,432270.8,4584972.11,2.188488764,41.411598477,2023-05-23 10:00:00
2023S003047    ,Eixample,la Dreta de l'Eixample,Corts Catalanes,Tuesday,2023,5,May,23,Morning,,Not caused by the pedestrian,Autobús articulat,Woman,70,Passenger,Desconegut,Unknown,Unknown,Minor injury: Hospitalization up to 24 hours,430856.46,4582782.32,2.171817977,41.39175524,2023-05-23 10:00:00
2023S003048    ,Gràcia,la Vila de Gràcia,Gran de Gràcia,Tuesday,2023,5,May,23,Morning,,Not caused by the pedestrian,Bicicleta,Woman,22,Driver,Desconegut,Unknown,Unknown,Minor injury: Hospitalization up to 24 hours,429497.51,4583693.13,2.155458526,41.399840547,2023-05-23 12:00:00
2023S003049    ,Sants-Montjuïc,la Bordeta,Carrilet,Tuesday,2023,5,May,23,Morning,,Not caused by the pedestrian,Motorcycle,Man,26,Driver,Desconegut,Unknown,Unknown,Minor injury: Hospitalization up to 24 hours,427568.12,4579901.01,2.13283339,41.365514784,2023-05-23 13:00:00
2023S003050    ,Eixample,la Nova Esquerra de l'Eixample,Corts Catalanes,Tuesday,2023,5,May,23,Morning,,Not caused by the pedestrian,Veh. mobilitat personal amb motor,Man,37,Driver,Desconegut,Unknown,Unknown,Minor injury: Hospitalization up to 24 hours,429737.74,4581724.85,2.15856054,41.382133946,2023-05-23 12:00:00
2023S003051    ,Eixample,l'Antiga Esquerra de l'Eixample,Diagonal,Tuesday,2023,5,May,23,Morning,,Not caused by the pedestrian,Motorcycle,Man,32,Driver,Desconegut,Unknown,Unknown,Minor injury: Hospitalization up to 24 hours,429408.57,4583157.34,2.154457153,41.395007068,2023-05-23 11:00:00
2023S003052    ,Eixample,l'Antiga Esquerra de l'Eixample,Diputació,Tuesday,2023,5,May,23,Afternoon,,Not caused by the pedestrian,Motorcycle,Woman,46,Driver,Desconegut,Unknown,Unknown,Minor injury: Hospitalization up to 24 hours,430018.62,4582204.72,2.161863977,41.386480478,2023-05-23 16:00:00
2023S003053    ,Sant Andreu,la Trinitat Vella,B-20 (Llobregat),Tuesday,2023,5,May,23,Afternoon,,Not caused by the pedestrian,Motorcycle,Man,21,Driver,Desconegut,Unknown,Unknown,Minor injury: Hospitalization up to 24 hours,432744.63,4589215.29,2.193685264,41.449855274,2023-05-23 17:00:00
2023S003054    ,Eixample,la Sagrada Família,Provença,Tuesday,2023,5,May,23,Afternoon,,Not caused by the pedestrian,Bicicleta,Woman,25,Driver,Desconegut,Unknown,Unknown,Minor injury: Hospitalization up to 24 hours,430915.08,4584036.08,2.172375957,41.403052506,2023-05-23 17:00:00
2023S003056    ,Sarrià-Sant Gervasi,Sarrià,Dalt (Besòs),Saturday,2023,5,May,20,Afternoon,,Not caused by the pedestrian,Car,Woman,21,Driver,Desconegut,Unknown,Leisure and entertainment,Minor injury: Hospitalization up to 24 hours,425982.38,4583777.91,2.113401582,41.400288051,2023-05-20 17:00:00
2023S003057    ,Eixample,la Dreta de l'Eixample,Aragó,Tuesday,2023,5,May,23,Afternoon,,Crossing outside the pedestrian crossing,Bicicleta,Woman,56,Pedestrian,Fora del pas,Leisure and entertainment,Unknown,Minor injury: Medical assistance at accident site,430215.73,4582751.32,2.164158264,41.391420664,2023-05-23 21:00:00
2023S003058    ,Nou Barris,el Turó de la Peira,Virrei Amat,Tuesday,2023,5,May,23,Afternoon,,Not caused by the pedestrian,Bus,Woman,84,Passenger,Desconegut,Unknown,Unknown,Minor injury: Hospitalization up to 24 hours,431137.73,4587060.17,2.174694913,41.430308581,2023-05-23 20:00:00
2023S003060    ,Sant Martí,la Vila Olímpica del Poblenou,Voluntaris Olímpics,Wednesday,2023,5,May,24,Night,,Not caused by the pedestrian,Taxi,Man,24,Driver,Desconegut,Unknown,Taxi,Minor injury: Hospitalization up to 24 hours,432869.81,4582348.98,2.195946327,41.38802292,2023-05-24 01:00:00
2023S003061    ,Sants-Montjuïc,el Poble-sec,Paral·lel,Wednesday,2023,5,May,24,Morning,,Disobeying the traffic light signal,Motorcycle,Man,34,Pedestrian,En pas regulat per semàfor,Leisure and entertainment,Unknown,Minor injury: Medical assistance at accident site,430879.48,4580880.61,2.172310361,41.37462907,2023-05-24 06:00:00
2023S003062    ,Sarrià-Sant Gervasi,Sant Gervasi - la Bonanova,Dalt (Besòs),Wednesday,2023,5,May,24,Morning,,Not caused by the pedestrian,Car,Woman,56,Driver,Desconegut,Unknown,On a mission,Minor injury: Hospitalization up to 24 hours,426972.87,4584864.31,2.125118346,41.410163403,2023-05-24 07:00:00
2023S003063    ,Eixample,la Dreta de l'Eixample,Corts Catalanes,Wednesday,2023,5,May,24,Morning,,Not caused by the pedestrian,Motorcycle,Woman,22,Driver,Desconegut,Unknown,Unknown,Minor injury: Hospitalization up to 24 hours,430886.26,4582847.07,2.172167,41.392340987,2023-05-24 08:00:00
2023S003064    ,Eixample,Sant Antoni,Corts Catalanes,Wednesday,2023,5,May,24,Morning,,Not caused by the pedestrian,Motorcycle,Man,56,Passenger,Desconegut,Unknown,Unknown,Minor injury: Hospitalization up to 24 hours,429275.87,4581307.9,2.153085979,41.378338124,2023-05-24 09:00:00
2023S003065    ,Sarrià-Sant Gervasi,Sant Gervasi - Galvany,Balmes,Wednesday,2023,5,May,24,Morning,,Not caused by the pedestrian,Motorcycle,Man,58,Driver,Desconegut,Unknown,Unknown,Minor injury: Hospitalization up to 24 hours,428762.08,4583896.74,2.14663758,41.401609529,2023-05-24 08:00:00
2023S003066    ,Sants-Montjuïc,la Bordeta,Ildefons Cerdà,Wednesday,2023,5,May,24,Morning,,Not caused by the pedestrian,Motorcycle,Woman,29,Driver,Desconegut,Unknown,Commuting,Minor injury: Medical assistance at accident site,427718.43,4579750.57,2.134648336,41.364173341,2023-05-24 09:00:00
2023S003068    ,Sarrià-Sant Gervasi,Sant Gervasi - la Bonanova,Adrià Margarit,Wednesday,2023,5,May,24,Morning,,Not caused by the pedestrian,Motorcycle,Man,29,Driver,Desconegut,Unknown,Commuting,Minor injury: Refused medical assistance,427518.18,4585332.24,2.131586079,41.414427233,2023-05-24 09:00:00
2023S003069    ,Eixample,la Nova Esquerra de l'Eixample,Corts Catalanes,Wednesday,2023,5,May,24,Morning,,Not caused by the pedestrian,Motorcycle,Man,46,Driver,Desconegut,Unknown,Unknown,Minor injury: Hospitalization up to 24 hours,429737.74,4581724.85,2.15856054,41.382133946,2023-05-24 12:00:00
2023S003070    ,Eixample,el Fort Pienc,Padilla,Wednesday,2023,5,May,24,Morning,,Not caused by the pedestrian,Motorcycle,Woman,62,Driver,Desconegut,Unknown,Unknown,Minor injury: Refused medical assistance,431895.3,4583755.32,2.184133305,41.400607464,2023-05-24 12:00:00