Case_Number,District_Name,Neighborhood_Name,Street_Name,Day_of_Week,Year,Month_Code,Month_Name,Day_of_Month,Shift_Description,Hour_of_Day,Pedestrian_Cause_Description,Involved_Vehicle_Type,Gender_Description,Age,Person_Type_Description,Pedestrian_Accident_Location_Description,Pedestrian_Movement_Reason_Description,Driver_Movement_Reason_Description,Victimization_Description,UTM_X_Coordinate,UTM_Y_Coordinate,Longitude,Latitude,datetime
2023S003164    ,Sant Martí,Provençals del Poblenou,C-31,Friday,2023,5,May,26,Night,,Not caused by the pedestrian,Motorcycle,Man,25,Driver,Desconegut,Unknown,Leisure and entertainment,Minor injury: Hospitalization up to 24 hours,432800.78,4584710.49,2.194858496,41.409286652,2023-05-26 23:00:00
2023S003166    ,Sarrià-Sant Gervasi,les Tres Torres,General Mitre,Sunday,2023,5,May,28,Night,,Not caused by the pedestrian,Motorcycle,Man,22,Passenger,Desconegut,Unknown,Unknown,Minor injury: Hospitalization up to 24 hours,427606.68,4583389.95,2.132877363,41.396941819,2023-05-28 04:00:00
2023S003167    ,Sarrià-Sant Gervasi,Sarrià,Sant Joan Bosco,Friday,2023,5,May,26,Afternoon,,Not caused by the pedestrian,Motorcycle,Man,48,Driver,Desconegut,Unknown,On a mission,Minor injury: Hospitalization up to 24 hours,427272.31,4583009.38,2.128923667,41.393483993,2023-05-26 20:00:00
2023S003168    ,Eixample,la Dreta de l'Eixample,Bruc,Saturday,2023,5,May,27,Afternoon,,Not caused by the pedestrian,Motorcycle,Woman,48,Passenger,Desconegut,Unknown,Unknown,Minor injury: Hospitalization up to 24 hours,430216.04,4583527.36,2.164072493,41.398410229,2023-05-27 18:00:00
2023S003169    ,Sants-Montjuïc,Hostafrancs,Creu Coberta,Saturday,2023,5,May,27,Afternoon,,Others,Bicicleta,Man,2,Pedestrian,Fora del pas,Unknown,Unknown,Minor injury: Hospitalization up to 24 hours,428557.14,4580958.15,2.14453285,41.375124519,2023-05-27 15:00:00
2023S003170    ,Sants-Montjuïc,la Bordeta,Gavà,Saturday,2023,5,May,27,Afternoon,,Not caused by the pedestrian,Veh. mobilitat personal amb motor,Man,22,Driver,Desconegut,Unknown,Unknown,Minor injury: Medical assistance at accident site,428244.32,4580587.91,2.14083627,41.371762049,2023-05-27 16:00:00
2023S003171    ,Sants-Montjuïc,la Bordeta,Badal,Friday,2023,5,May,26,Afternoon,,Not caused by the pedestrian,Motorcycle,Woman,29,Driver,Desconegut,Unknown,Leisure and entertainment,Minor injury: Hospitalization up to 24 hours,427726.02,4579962.15,2.134713848,41.36607965,2023-05-26 21:00:00
2023S003172    ,Sarrià-Sant Gervasi,Sant Gervasi - Galvany,Muntaner,Saturday,2023,5,May,27,Afternoon,,Not caused by the pedestrian,Motorcycle,Woman,50,Passenger,Desconegut,Unknown,Unknown,Minor injury: Hospitalization up to 24 hours,428528.41,4583537.23,2.143884888,41.39835081,2023-05-27 19:00:00
2023S003173    ,Sant Martí,Sant Martí de Provençals,Agricultura,Saturday,2023,5,May,27,Morning,,Not caused by the pedestrian,Veh. mobilitat personal amb motor,Woman,66,Pedestrian,En pas regulat per semàfor,Unknown,Unknown,Minor injury: Hospitalization up to 24 hours,433270.56,4585763.3,2.200362543,41.418808183,2023-05-27 12:00:00
2023S003174    ,Sant Martí,Diagonal Mar i el Front Marítim del Poblenou,Bac de Roda,Saturday,2023,5,May,27,Morning,,Not caused by the pedestrian,Tot terreny,Woman,39,Driver,Desconegut,Unknown,Other activities,Minor injury: Medical assistance at accident site,434217.23,4583928.75,2.211889326,41.402362947,2023-05-27 13:00:00
2023S003175    ,Eixample,la Dreta de l'Eixample,Bruc,Saturday,2023,5,May,27,Afternoon,,Not caused by the pedestrian,Ciclomotor,Woman,32,Passenger,Desconegut,Unknown,Unknown,Minor injury: Hospitalization up to 24 hours,430267.57,4583494.11,2.164692698,41.398115231,2023-05-27 18:00:00
2023S003176    ,Eixample,l'Antiga Esquerra de l'Eixample,Corts Catalanes,Saturday,2023,5,May,27,Afternoon,,Not caused by the pedestrian,Motorcycle,Man,54,Driver,Desconegut,Unknown,Unknown,Minor injury: Hospitalization up to 24 hours,429781.3,4581802.67,2.159072428,41.382838651,2023-05-27 18:00:00
2023S003177    ,Sant Andreu,la Trinitat Vella,Santa Coloma,Saturday,2023,5,May,27,Afternoon,,Not caused by the pedestrian,Motorcycle,Man,42,Driver,Desconegut,Unknown,Leisure and entertainment,Minor injury: Hospitalization up to 24 hours,433118.62,4589134.87,2.19817121,41.449162226,2023-05-27 20:00:00
2023S003179    ,Nou Barris,la Prosperitat,Valldaura,Sunday,2023,5,May,28,Night,,Not caused by the pedestrian,Veh. mobilitat personal amb motor,Woman,19,Passenger,Desconegut,Unknown,Unknown,Minor injury: Medical assistance at accident site,431735.72,4588048.32,2.181739593,41.439259578,2023-05-28 03:00:00
2023S003180    ,Sant Martí,Provençals del Poblenou,Bilbao,Sunday,2023,5,May,28,Afternoon,,Not caused by the pedestrian,Motorcycle,Woman,47,Driver,Desconegut,Unknown,Leisure and entertainment,Minor injury: Hospitalization up to 24 hours,432901.43,4584611.26,2.196073636,41.408401328,2023-05-28 14:00:00
2023S003181    ,Horta-Guinardó,la Vall d'Hebron,Coll i Alentorn,Sunday,2023,5,May,28,Afternoon,,Not caused by the pedestrian,Car,Woman,47,Passenger,Desconegut,Unknown,Unknown,Minor injury: Hospitalization up to 24 hours,429004.98,4586550.75,2.149231537,41.425534658,2023-05-28 16:00:00
2023S003183    ,Eixample,la Sagrada Família,Sicília,Sunday,2023,5,May,28,Afternoon,,Not caused by the pedestrian,Veh. mobilitat personal amb motor,Man,53,Driver,Desconegut,Unknown,Unknown,Minor injury: Hospitalization up to 24 hours,430980.02,4583895.78,2.173168797,41.40179445,2023-05-28 17:00:00
2023S003184    ,Eixample,la Dreta de l'Eixample,Catalunya,Sunday,2023,5,May,28,Afternoon,,Not caused by the pedestrian,Motorcycle,Man,21,Driver,Desconegut,Unknown,Unknown,Minor injury: Medical assistance at accident site,430061.22,4582806.77,2.162303891,41.391906656,2023-05-28 16:00:00
2023S003185    ,Les Corts,la Maternitat i Sant Ramon,Pius XII,Monday,2023,5,May,29,Morning,,Not caused by the pedestrian,Veh. mobilitat personal amb motor,Woman,26,Driver,Desconegut,Unknown,Unknown,Minor injury: Hospitalization up to 24 hours,426793.07,4582325.32,2.12327447,41.387279445,2023-05-29 10:00:00
2023S003186    ,Eixample,l'Antiga Esquerra de l'Eixample,Corts Catalanes,Sunday,2023,5,May,28,Afternoon,,Not caused by the pedestrian,Car,Man,1,Passenger,Desconegut,Unknown,Unknown,Minor injury: Hospitalization up to 24 hours,430091.07,4582033.04,2.162750247,41.384940514,2023-05-28 16:00:00
2023S003187    ,Sant Martí,la Vila Olímpica del Poblenou,Icària,Sunday,2023,5,May,28,Afternoon,,Not caused by the pedestrian,Motorcycle,Man,41,Driver,Desconegut,Unknown,On a mission,Minor injury: Hospitalization up to 24 hours,432751.35,4582465.56,2.194516637,41.389063026,2023-05-28 19:00:00
2023S003188    ,Ciutat Vella,el Barri Gòtic,Colom,Monday,2023,5,May,29,Night,,Not caused by the pedestrian,Car,Woman,37,Driver,Desconegut,Unknown,Other activities,Minor injury: Medical assistance at accident site,431432.64,4581161.43,2.178892787,41.377205689,2023-05-29 00:00:00
2023S003191    ,Ciutat Vella,el Barri Gòtic,Litoral (Llobregat),Monday,2023,5,May,29,Night,,Not caused by the pedestrian,Motorcycle,Man,44,Driver,Desconegut,Unknown,Leisure and entertainment,Minor injury: Hospitalization up to 24 hours,431453.68,4581236.07,2.179135929,41.377879745,2023-05-29 01:00:00
2023S003192    ,Eixample,l'Antiga Esquerra de l'Eixample,Enric Granados,Sunday,2023,5,May,28,Afternoon,,Not caused by the pedestrian,Veh. mobilitat personal amb motor,Woman,24,Driver,Desconegut,Unknown,Leisure and entertainment,Minor injury: Hospitalization up to 24 hours,429301.07,4583149.39,2.153172296,41.394926017,2023-05-28 19:00:00
2023S003193    ,Sants-Montjuïc,el Poble-sec,Olímpic,Monday,2023,5,May,29,Afternoon,,Not caused by the pedestrian,Veh. mobilitat personal amb motor,Woman,30,Driver,Desconegut,Unknown,Unknown,Minor injury: Hospitalization up to 24 hours,429206.73,4579426.05,2.152479059,41.36138281,2023-05-29 20:00:00
2023S003194    ,Sants-Montjuïc,la Marina del Prat Vermell,Número 2 Zona Franca,Monday,2023,5,May,29,Morning,,Not caused by the pedestrian,Motorcycle,Man,46,Driver,Desconegut,Unknown,"Bombers, policia, ambulància",Minor injury: Hospitalization up to 24 hours,428404.57,4577301.1,2.143140362,41.34217307,2023-05-29 07:00:00
2023S003195    ,Horta-Guinardó,Horta,Fabra i Puig,Monday,2023,5,May,29,Morning,,Not caused by the pedestrian,Motorcycle,Woman,44,Driver,Desconegut,Unknown,Unknown,Minor injury: Hospitalization up to 24 hours,430177.76,4587232.52,2.163186728,41.431777947,2023-05-29 06:00:00
2023S003197    ,Eixample,Sant Antoni,Paral·lel,Sunday,2023,5,May,28,Night,,Not caused by the pedestrian,Motorcycle,Man,20,Passenger,Desconegut,Unknown,Unknown,Minor injury: Hospitalization up to 24 hours,429362.65,4580936.13,2.154167022,41.374997338,2023-05-28 22:00:00
2023S003198    ,Sarrià-Sant Gervasi,Sant Gervasi - Galvany,Madrazo,Monday,2023,5,May,29,Morning,,Not caused by the pedestrian,Motorcycle,Woman,42,Passenger,Desconegut,Unknown,Unknown,Minor injury: Hospitalization up to 24 hours,428597.29,4583395.96,2.144725457,41.397084567,2023-05-29 11:00:00
2023S003199    ,Les Corts,la Maternitat i Sant Ramon,Corts,Monday,2023,5,May,29,Morning,,Not caused by the pedestrian,Motorcycle,Man,40,Driver,Desconegut,Unknown,Unknown,Minor injury: Hospitalization up to 24 hours,426524.72,4581209.93,2.120200515,41.377209106,2023-05-29 12:00:00
2023S003200    ,Eixample,la Dreta de l'Eixample,Corts Catalanes,Monday,2023,5,May,29,Morning,,Not caused by the pedestrian,Veh. mobilitat personal amb motor,Man,25,Driver,Desconegut,Unknown,Unknown,Minor injury: Hospitalization up to 24 hours,430786.78,4582752.66,2.170987978,41.391482105,2023-05-29 12:00:00
2023S003201    ,Sarrià-Sant Gervasi,Sant Gervasi - Galvany,General Mitre,Monday,2023,5,May,29,Morning,,Not caused by the pedestrian,Motorcycle,Man,55,Driver,Desconegut,Unknown,Bus de línia regular,Minor injury: Medical assistance at accident site,427747.31,4583669.72,2.134526048,41.39947425,2023-05-29 12:00:00
2023S003202    ,Eixample,la Sagrada Família,Provença,Monday,2023,5,May,29,Morning,,Not caused by the pedestrian,Motorcycle,Woman,40,Driver,Desconegut,Unknown,Unknown,Minor injury: Hospitalization up to 24 hours,430983.35,4584083.92,2.173187168,41.403489253,2023-05-29 13:00:00
2023S003203    ,Sants-Montjuïc,la Bordeta,Corts Catalanes,Monday,2023,5,May,29,Afternoon,,Not caused by the pedestrian,Motorcycle,Woman,32,Driver,Desconegut,Unknown,Unknown,Minor injury: Medical assistance at accident site,428120.79,4580141.49,2.139412234,41.367730269,2023-05-29 14:00:00
2023S003204    ,Sant Martí,Provençals del Poblenou,Cristóbal de Moura,Monday,2023,5,May,29,Afternoon,,Not caused by the pedestrian,Bus,Woman,58,Passenger,Desconegut,Unknown,Unknown,Minor injury: Hospitalization up to 24 hours,434039.87,4585166.59,2.209632692,41.413497328,2023-05-29 15:00:00
2023S003205    ,Sarrià-Sant Gervasi,Sant Gervasi - la Bonanova,Mandri,Monday,2023,5,May,29,Morning,,Not caused by the pedestrian,Motorcycle,Man,40,Driver,Desconegut,Unknown,Leisure and entertainment,Minor injury: Hospitalization up to 24 hours,427639.37,4584176.67,2.133174287,41.404030429,2023-05-29 09:00:00
2023S003206    ,Eixample,el Fort Pienc,Marina,Monday,2023,5,May,29,Afternoon,,Not caused by the pedestrian,Motorcycle,Man,73,Driver,Desconegut,Unknown,Unknown,Minor injury: Hospitalization up to 24 hours,431648.43,4583591.24,2.181198802,41.399108683,2023-05-29 17:00:00
2023S003208    ,Les Corts,la Maternitat i Sant Ramon,Doctor Marañón,Monday,2023,5,May,29,Afternoon,,Not caused by the pedestrian,Motorcycle,Woman,17,Passenger,Desconegut,Unknown,Unknown,Minor injury: Medical assistance at accident site,425915.23,4581849.42,2.112834371,41.382912809,2023-05-29 19:00:00
2023S003209    ,Sant Andreu,Sant Andreu,Santa Coloma,Monday,2023,5,May,29,Afternoon,,Not caused by the pedestrian,Veh. mobilitat personal amb motor,Woman,51,Pedestrian,A la vorera / Andana,Unknown,Unknown,Minor injury: Hospitalization up to 24 hours,432381.98,4588685.06,2.189403385,41.445049192,2023-05-29 19:00:00
2023S003210    ,Les Corts,la Maternitat i Sant Ramon,Pius XII,Tuesday,2023,3,March,28,Morning,,Not caused by the pedestrian,Motorcycle,Man,61,Driver,Desconegut,Unknown,Unknown,Minor injury: Hospitalization up to 24 hours,426720.56,4582217.0,2.122420411,41.386297246,2023-03-28 10:00:00
2023S003211    ,Ciutat Vella,"Sant Pere, Santa Caterina i la Ribera",Basses de Sant Pere,Monday,2023,5,May,29,Morning,,Others,Motorcycle,Man,22,Pedestrian,Altres,Other activities,Unknown,Minor injury: Hospitalization up to 24 hours,431522.17,4582452.97,2.17981731,41.388845866,2023-05-29 10:00:00
2023S003212    ,Sant Martí,el Camp de l'Arpa del Clot,Indústria,Monday,2023,5,May,29,Afternoon,,Not caused by the pedestrian,Ciclomotor,Woman,46,Driver,Desconegut,Unknown,Other activities,Minor injury: Hospitalization up to 24 hours,431529.87,4585185.94,2.179600116,41.41346156,2023-05-29 16:00:00
2023S003213    ,Horta-Guinardó,Horta,Horta a Cerdanyola,Monday,2023,5,May,29,Afternoon,,Not caused by the pedestrian,Car,Woman,44,Passenger,Desconegut,Unknown,Unknown,Minor injury: Medical assistance at accident site,429305.55,4587950.92,2.152664424,41.438171936,2023-05-29 19:00:00
2023S003214    ,Eixample,la Sagrada Família,Provença,Monday,2023,5,May,29,Afternoon,,Not caused by the pedestrian,Veh. mobilitat personal amb motor,Woman,39,Driver,Desconegut,Unknown,Commuting,Minor injury: Hospitalization up to 24 hours,431035.34,4584153.38,2.173801175,41.404119321,2023-05-29 18:00:00
2023S003215    ,Sant Martí,la Vila Olímpica del Poblenou,Litoral (Llobregat),Tuesday,2023,5,May,30,Morning,,Not caused by the pedestrian,Motorcycle,Man,39,Driver,Desconegut,Unknown,Unknown,Minor injury: Medical assistance at accident site,432823.78,4582436.9,2.195386068,41.388810948,2023-05-30 08:00:00
2023S003216    ,Nou Barris,les Roquetes,Dalt (Besòs),Tuesday,2023,5,May,30,Morning,,Not caused by the pedestrian,Motorcycle,Man,50,Driver,Desconegut,Unknown,Unknown,Minor injury: Hospitalization up to 24 hours,431253.54,4588685.4,2.175895845,41.444956358,2023-05-30 07:00:00
2023S003217    ,Sant Martí,Provençals del Poblenou,C-31,Tuesday,2023,5,May,30,Morning,,Not caused by the pedestrian,Motorcycle,Woman,25,Driver,Desconegut,Unknown,Unknown,Minor injury: Hospitalization up to 24 hours,433372.35,4585277.86,2.201633992,41.41444441,2023-05-30 07:00:00
2023S003218    ,Gràcia,el Camp d'en Grassot i Gràcia Nova,Sardenya,Tuesday,2023,5,May,30,Morning,,Not caused by the pedestrian,Furgoneta,Man,83,Pedestrian,Fora del pas,Unknown,Unknown,Minor injury: Hospitalization up to 24 hours,430536.23,4584543.28,2.167785787,41.407588024,2023-05-30 09:00:00
2023S003219    ,Ciutat Vella,el Raval,Sant Antoni,Tuesday,2023,5,May,30,Morning,,Not caused by the pedestrian,Veh. mobilitat personal amb motor,Woman,46,Driver,Desconegut,Unknown,Unknown,Minor injury: Hospitalization up to 24 hours,430184.49,4581833.13,2.163890504,41.383148104,2023-05-30 10:00:00
2023S003220    ,Sants-Montjuïc,Sants,Berlín,Tuesday,2023,5,May,30,Morning,,Not caused by the pedestrian,Veh. mobilitat personal amb motor,Woman,18,Driver,Desconegut,Unknown,Unknown,Minor injury: Medical assistance at accident site,428217.26,4581940.17,2.140352484,41.38393896,2023-05-30 10:00:00
2023S003221    ,Sant Martí,el Clot,Meridiana,Tuesday,2023,5,May,30,Morning,,Not caused by the pedestrian,Motorcycle,Man,43,Driver,Desconegut,Unknown,Unknown,Minor injury: Hospitalization up to 24 hours,432127.7,4584285.31,2.186853797,41.405400594,2023-05-30 11:00:00
2023S003222    ,Sants-Montjuïc,la Marina del Prat Vermell,Foc,Monday,2023,5,May,29,Morning,,Not caused by the pedestrian,Motorcycle,Woman,52,Driver,Desconegut,Unknown,Other activities,Minor injury: Hospitalization up to 24 hours,427769.31,4578586.56,2.135395274,41.353694064,2023-05-29 11:00:00
2023S003223    ,Sant Martí,el Camp de l'Arpa del Clot,Indústria,Tuesday,2023,5,May,30,Morning,,Not caused by the pedestrian,Bicicleta,Woman,45,Driver,Desconegut,Unknown,Commuting,Minor injury: Hospitalization up to 24 hours,431572.74,4585262.63,2.180104345,41.414155936,2023-05-30 09:00:00
2023S003225    ,Sarrià-Sant Gervasi,Sant Gervasi - la Bonanova,Isaac Newton,Tuesday,2023,5,May,30,Morning,,Not caused by the pedestrian,Car,Man,55,Driver,Desconegut,Unknown,Unknown,Minor injury: Hospitalization up to 24 hours,427504.46,4585298.73,2.131425947,41.414124185,2023-05-30 09:00:00
2023S003226    ,Eixample,la Nova Esquerra de l'Eixample,Comte d'Urgell,Tuesday,2023,5,May,30,Afternoon,,Not caused by the pedestrian,Bicicleta,Woman,46,Pedestrian,En pas regulat per semàfor,Leisure and entertainment,Unknown,Minor injury: Hospitalization up to 24 hours,429167.46,4582306.69,2.15167282,41.387324349,2023-05-30 14:00:00
2023S003227    ,Eixample,l'Antiga Esquerra de l'Eixample,París,Tuesday,2023,5,May,30,Morning,,Not caused by the pedestrian,Car,Man,37,Driver,Desconegut,Unknown,Taxi,Minor injury: Hospitalization up to 24 hours,429029.44,4582720.08,2.149973726,41.391035436,2023-05-30 11:00:00
2023S003229    ,Sant Andreu,Sant Andreu,Segre,Tuesday,2023,5,May,30,Afternoon,,Not caused by the pedestrian,Unknown,Man,71,Pedestrian,En pas regulat per semàfor,Other activities,Unknown,Minor injury: Hospitalization up to 24 hours,432658.52,4587351.22,2.192862343,41.433058995,2023-05-30 16:00:00
2023S003230    ,Sant Martí,Sant Martí de Provençals,Guipúscoa,Tuesday,2023,5,May,30,Afternoon,,Not caused by the pedestrian,Motorcycle,Man,50,Driver,Desconegut,Unknown,Other activities,Minor injury: Hospitalization up to 24 hours,432708.92,4585242.92,2.193700277,41.414074407,2023-05-30 16:00:00
2023S003231    ,Sarrià-Sant Gervasi,Sant Gervasi - Galvany,Augusta,Tuesday,2023,5,May,30,Afternoon,,Not caused by the pedestrian,Motorcycle,Man,62,Driver,Desconegut,Unknown,Leisure and entertainment,Minor injury: Hospitalization up to 24 hours,427986.52,4583479.44,2.137410019,41.397781944,2023-05-30 15:00:00
2023S003232    ,Horta-Guinardó,el Baix Guinardó,Alfons el Savi,Tuesday,2023,5,May,30,Afternoon,,Not caused by the pedestrian,Motorcycle,Woman,36,Driver,Desconegut,Unknown,Commuting,Minor injury: Hospitalization up to 24 hours,430309.53,4585003.03,2.165020764,41.411709199,2023-05-30 16:00:00
2023S003233    ,Ciutat Vella,el Barri Gòtic,Laietana,Tuesday,2023,5,May,30,Afternoon,,Not caused by the pedestrian,Motorcycle,Man,29,Driver,Desconegut,Unknown,Commuting,Minor injury: Hospitalization up to 24 hours,431493.17,4581859.34,2.179537642,41.383496735,2023-05-30 18:00:00
2023S003234    ,Nou Barris,Porta,Andreu Nin,Tuesday,2023,5,May,30,Afternoon,,Not caused by the pedestrian,Motorcycle,Man,26,Driver,Desconegut,Unknown,Leisure and entertainment,Minor injury: Medical assistance at accident site,431791.07,4587776.85,2.182432739,41.43681925,2023-05-30 18:00:00
2023S003235    ,Eixample,la Dreta de l'Eixample,Fontanella,Tuesday,2023,5,May,30,Afternoon,,Not caused by the pedestrian,Bicicleta,Man,22,Driver,Desconegut,Unknown,Unknown,Minor injury: Hospitalization up to 24 hours,430922.07,4582382.27,2.172648339,41.388157751,2023-05-30 19:00:00
2023S003236    ,Sarrià-Sant Gervasi,el Putxet i el Farró,Vallirana,Tuesday,2023,5,May,30,Afternoon,,Not caused by the pedestrian,Motorcycle,Man,31,Driver,Desconegut,Unknown,Unknown,Minor injury: Hospitalization up to 24 hours,428666.0,4584343.61,2.145435581,41.405625792,2023-05-30 18:00:00
2023S003237    ,Ciutat Vella,el Barri Gòtic,Canuda,Tuesday,2023,5,May,30,Afternoon,,Not caused by the pedestrian,"Camió rígid > 3,5 tones",Man,45,Pedestrian,En zona peatonal,Unknown,Unknown,Minor injury: Hospitalization up to 24 hours,430813.87,4581993.58,2.171398723,41.384647631,2023-05-30 14:00:00
2023S003238    ,Eixample,la Dreta de l'Eixample,Aragó,Tuesday,2023,5,May,30,Afternoon,,Not caused by the pedestrian,Motorcycle,Man,24,Driver,Desconegut,Unknown,Leisure and entertainment,Minor injury: Hospitalization up to 24 hours,430786.4,4583330.2,2.170917388,41.396683796,2023-05-30 18:00:00
2023S003239    ,Sants-Montjuïc,la Marina de Port,Corts Catalanes,Tuesday,2023,5,May,30,Afternoon,,Not caused by the pedestrian,Motorcycle,Man,37,Driver,Desconegut,Unknown,Unknown,Minor injury: Hospitalization up to 24 hours,427746.59,4579719.63,2.134988679,41.363897204,2023-05-30 19:00:00
2023S003240    ,Horta-Guinardó,el Carmel,Lletres,Wednesday,2023,5,May,31,Night,,Not caused by the pedestrian,Motorcycle,Man,24,Driver,Desconegut,Unknown,Unknown,Minor injury: Medical assistance at accident site,429531.84,4587130.3,2.155468564,41.430800849,2023-05-31 00:00:00
2023S003241    ,Les Corts,Pedralbes,Dalt (Llobregat),Wednesday,2023,5,May,31,Morning,,Not caused by the pedestrian,Motorcycle,Man,30,Driver,Desconegut,Unknown,Unknown,Minor injury: Medical assistance at accident site,425425.23,4582447.68,2.106901056,41.388255774,2023-05-31 08:00:00
2023S003242    ,Sant Martí,Sant Martí de Provençals,Guipúscoa,Wednesday,2023,5,May,31,Morning,,Not caused by the pedestrian,Veh. mobilitat personal amb motor,Man,16,Driver,Desconegut,Unknown,Leisure and entertainment,Minor injury: Hospitalization up to 24 hours,432888.0,4585390.26,2.195826511,41.415416439,2023-05-31 08:00:00
2023S003243    ,Sarrià-Sant Gervasi,Sant Gervasi - la Bonanova,Dalt (Besòs),Wednesday,2023,5,May,31,Morning,,Not caused by the pedestrian,Car,Man,53,Driver,Desconegut,Unknown,Leisure and entertainment,Minor injury: Hospitalization up to 24 hours,427900.3,4585391.51,2.136150811,41.414995444,2023-05-31 09:00:00
2023S003244    ,Sant Martí,Provençals del Poblenou,Bilbao,Wednesday,2023,5,May,31,Morning,,Not caused by the pedestrian,Bicicleta,Man,38,Driver,Desconegut,Unknown,Unknown,Minor injury: Hospitalization up to 24 hours,432857.16,4584704.93,2.195533618,41.409241289,2023-05-31 08:00:00
2023S003245    ,Les Corts,les Corts,Anglesola,Wednesday,2023,5,May,31,Morning,,Not caused by the pedestrian,Car,Woman,70,Pedestrian,En pas sense regular,Leisure and entertainment,Unknown,Minor injury: Refused medical assistance,427561.47,4582369.6,2.132458707,41.387747858,2023-05-31 10:00:00
2023S003246    ,Sarrià-Sant Gervasi,les Tres Torres,Augusta,Wednesday,2023,5,May,31,Morning,,Not caused by the pedestrian,Car,Woman,47,Passenger,Desconegut,Unknown,Unknown,Minor injury: Refused medical assistance,427013.0,4583581.84,2.125753169,41.398616397,2023-05-31 10:00:00
2023S003247    ,Sants-Montjuïc,el Poble-sec,Santa Madrona,Wednesday,2023,5,May,31,Morning,,Not caused by the pedestrian,Motorcycle,Man,42,Driver,Desconegut,Unknown,Unknown,Minor injury: Hospitalization up to 24 hours,429494.96,4580422.49,2.155808839,41.370382752,2023-05-31 12:00:00
2023S003248    ,Sarrià-Sant Gervasi,el Putxet i el Farró,Balmes,Wednesday,2023,5,May,31,Morning,,Others,Car,Man,48,Pedestrian,En zona peatonal,On a mission,Unknown,Minor injury: Hospitalization up to 24 hours,428241.51,4584251.58,2.140368446,41.404759114,2023-05-31 13:00:00
2023S003249    ,Sarrià-Sant Gervasi,Sant Gervasi - Galvany,Santaló,Wednesday,2023,5,May,31,Afternoon,,Not caused by the pedestrian,Motorcycle,Man,50,Driver,Desconegut,Unknown,On a mission,Minor injury: Medical assistance at accident site,428483.15,4583465.01,2.143352051,41.397696326,2023-05-31 15:00:00
2023S003250    ,Sarrià-Sant Gervasi,Sant Gervasi - Galvany,Muntaner,Wednesday,2023,5,May,31,Afternoon,,Not caused by the pedestrian,Motorcycle,Man,30,Driver,Desconegut,Unknown,Leisure and entertainment,Minor injury: Medical assistance at accident site,428034.16,4584036.69,2.137913576,41.402805141,2023-05-31 19:00:00
2023S003251    ,Gràcia,la Vila de Gràcia,Verdi,Wednesday,2023,5,May,31,Afternoon,,Not caused by the pedestrian,Veh. mobilitat personal amb motor,Man,44,Driver,Desconegut,Unknown,Unknown,Minor injury: Hospitalization up to 24 hours,429525.29,4584253.16,2.155725587,41.404886974,2023-05-31 20:00:00
2023S003252    ,Sant Martí,el Besòs i el Maresme,Diagonal,Wednesday,2023,5,May,31,Night,,Disobeying the traffic light signal,Tren o tramvia,Man,57,Pedestrian,Altres,Leisure and entertainment,Unknown,Death (within 24 hours of accident),434705.35,4584915.8,2.217621826,41.411292897,2023-05-31 23:00:00
2023S003253    ,Sant Martí,Provençals del Poblenou,Marroc,Wednesday,2023,5,May,31,Afternoon,,Others,Motorcycle,Man,51,Driver,Desconegut,Unknown,On a mission,Minor injury: Hospitalization up to 24 hours,433188.11,4584530.33,2.199512242,41.407696307,2023-05-31 21:00:00
2023S003254    ,Sant Martí,el Besòs i el Maresme,Litoral (Llobregat),Thursday,2023,6,June,1,Night,,Not caused by the pedestrian,Car,Man,20,Driver,Desconegut,Unknown,Leisure and entertainment,Minor injury: Medical assistance at accident site,435033.45,4584725.51,2.221567653,41.409605601,2023-06-01 03:00:00
2023S003255    ,Unknown,Unknown,Unknown,Thursday,2023,6,June,1,Morning,,Not caused by the pedestrian,Motorcycle,Man,42,Driver,Desconegut,Unknown,Commuting,Minor injury: Hospitalization up to 24 hours,431302.28,4580803.95,2.17737453,41.373974837,2023-06-01 08:00:00
2023S003256    ,Sarrià-Sant Gervasi,el Putxet i el Farró,General Mitre,Thursday,2023,6,June,1,Morning,,Not caused by the pedestrian,Motorcycle,Woman,42,Driver,Desconegut,Unknown,Leisure and entertainment,Minor injury: Hospitalization up to 24 hours,428976.28,4584385.99,2.149142401,41.406034981,2023-06-01 09:00:00
2023S003257    ,Sant Martí,el Clot,Aragó,Thursday,2023,6,June,1,Night,,Not caused by the pedestrian,Motorcycle,Man,52,Driver,Desconegut,Unknown,Unknown,Minor injury: Hospitalization up to 24 hours,431934.16,4584454.66,2.184519459,41.406909506,2023-06-01 00:00:00
2023S003258    ,Sant Martí,el Poblenou,Litoral,Thursday,2023,6,June,1,Morning,,Not caused by the pedestrian,Motorcycle,Man,47,Driver,Desconegut,Unknown,Commuting,Minor injury: Medical assistance at accident site,433805.72,4583170.62,2.207049651,41.395500854,2023-06-01 11:00:00
2023S003259    ,Sarrià-Sant Gervasi,Sant Gervasi - la Bonanova,Isaac Newton,Thursday,2023,6,June,1,Afternoon,,Not caused by the pedestrian,Motorcycle,Man,26,Driver,Desconegut,Unknown,Unknown,Minor injury: Hospitalization up to 24 hours,427504.46,4585298.73,2.131425947,41.414124185,2023-06-01 14:00:00
2023S003261    ,Sant Andreu,el Bon Pastor,Lima,Thursday,2023,6,June,1,Afternoon,,Not caused by the pedestrian,Car,Man,62,Driver,Desconegut,Unknown,Leisure and entertainment,Minor injury: Medical assistance at accident site,433371.15,4588051.99,2.201313731,41.439430088,2023-06-01 17:00:00