Case_Number,District_Name,Neighborhood_Name,Street_Name,Day_of_Week,Year,Month_Code,Month_Name,Day_of_Month,Shift_Description,Hour_of_Day,Pedestrian_Cause_Description,Involved_Vehicle_Type,Gender_Description,Age,Person_Type_Description,Pedestrian_Accident_Location_Description,Pedestrian_Movement_Reason_Description,Driver_Movement_Reason_Description,Victimization_Description,UTM_X_Coordinate,UTM_Y_Coordinate,Longitude,Latitude,datetime
2023S003262    ,Les Corts,la Maternitat i Sant Ramon,Martí i Franquès,Thursday,2023,6,June,1,Afternoon,,Not caused by the pedestrian,Motorcycle,Woman,49,Passenger,Desconegut,Unknown,Unknown,Serious injury: Hospitalization over 24 hours,426339.27,4582176.37,2.11786547,41.385896466,2023-06-01 18:00:00
2023S003263    ,Ciutat Vella,el Barri Gòtic,Laietana,Thursday,2023,6,June,1,Afternoon,,Not caused by the pedestrian,Veh. mobilitat personal amb motor,Woman,25,Driver,Desconegut,Unknown,Other activities,Minor injury: Hospitalization up to 24 hours,431444.23,4581878.06,2.17895026,41.38366117,2023-06-01 18:00:00
2023S003264    ,Gràcia,la Vila de Gràcia,Riera de Cassoles,Thursday,2023,6,June,1,Afternoon,,Disobeying the traffic light signal,Motorcycle,Woman,33,Pedestrian,En pas regulat per semàfor,Leisure and entertainment,Unknown,Death (within 24 hours of accident),429116.73,4583923.03,2.150876823,41.401877675,2023-06-01 19:00:00
2023S003265    ,Sant Martí,Provençals del Poblenou,C-31,Thursday,2023,6,June,1,Afternoon,,Not caused by the pedestrian,Motorcycle,Man,43,Driver,Desconegut,Unknown,Leisure and entertainment,Minor injury: Hospitalization up to 24 hours,433010.8,4584901.86,2.197349882,41.41102781,2023-06-01 20:00:00
2023S003266    ,Sant Martí,Provençals del Poblenou,C-31,Thursday,2023,6,June,1,Afternoon,,Not caused by the pedestrian,Car,Woman,41,Driver,Desconegut,Unknown,Other activities,Minor injury: Hospitalization up to 24 hours,433723.92,4585600.72,2.205804964,41.417381413,2023-06-01 18:00:00
2023S003267    ,Les Corts,les Corts,Reina Maria Cristina,Thursday,2023,6,June,1,Afternoon,,Not caused by the pedestrian,Motorcycle,Man,49,Driver,Desconegut,Unknown,Leisure and entertainment,Minor injury: Hospitalization up to 24 hours,427256.75,4582543.5,2.128793545,41.389286592,2023-06-01 20:00:00
2023S003269    ,Les Corts,les Corts,Josep Tarradellas,Thursday,2023,6,June,1,Night,,Not caused by the pedestrian,Motorcycle,Woman,25,Driver,Desconegut,Unknown,Leisure and entertainment,Minor injury: Hospitalization up to 24 hours,428499.73,4582666.13,2.143644741,41.390502587,2023-06-01 22:00:00
2023S003271    ,Sants-Montjuïc,el Poble-sec,Foixarda,Friday,2023,6,June,2,Morning,,Not caused by the pedestrian,Car,Man,33,Driver,Desconegut,Unknown,On a mission,Minor injury: Medical assistance at accident site,428899.76,4579943.88,2.14874861,41.366019678,2023-06-02 08:00:00
2023S003273    ,Sant Martí,la Verneda i la Pau,Concili de Trento,Friday,2023,6,June,2,Morning,,Not caused by the pedestrian,Car,Man,51,Driver,Desconegut,Unknown,Unknown,Minor injury: Hospitalization up to 24 hours,434153.86,4586174.56,2.210886715,41.422585206,2023-06-02 09:00:00
2023S003274    ,Les Corts,les Corts,Marquès de Sentmenat,Friday,2023,6,June,2,Morning,,Not caused by the pedestrian,Motorcycle,Woman,28,Driver,Desconegut,Unknown,Unknown,Minor injury: Hospitalization up to 24 hours,428408.37,4582110.79,2.142617747,41.385492712,2023-06-02 10:00:00
2023S003275    ,Sants-Montjuïc,el Poble-sec,Litoral (Llobregat),Friday,2023,6,June,2,Morning,,Not caused by the pedestrian,Car,Woman,34,Driver,Desconegut,Unknown,Unknown,Minor injury: Hospitalization up to 24 hours,429823.54,4578732.78,2.159933046,41.355192748,2023-06-02 11:00:00
2023S003276    ,Eixample,l'Antiga Esquerra de l'Eixample,Aribau,Friday,2023,6,June,2,Morning,,Walking on the road,Furgoneta,Woman,82,Pedestrian,Fora del pas,Unknown,Unknown,Serious injury: Hospitalization over 24 hours,430018.62,4582204.72,2.161863977,41.386480478,2023-06-02 13:00:00
2023S003277    ,Eixample,l'Antiga Esquerra de l'Eixample,Provença,Friday,2023,6,June,2,Morning,,Disobeying the traffic light signal,Veh. mobilitat personal amb motor,Man,58,Pedestrian,En pas regulat per semàfor,Unknown,Unknown,Minor injury: Hospitalization up to 24 hours,429743.72,4582869.41,2.158499241,41.392443146,2023-06-02 13:00:00
2023S003278    ,Sant Martí,Provençals del Poblenou,Perú,Friday,2023,6,June,2,Afternoon,,Not caused by the pedestrian,Motorcycle,Man,38,Driver,Desconegut,Unknown,Unknown,Minor injury: Hospitalization up to 24 hours,432901.43,4584611.26,2.196073636,41.408401328,2023-06-02 14:00:00
2023S003279    ,Sants-Montjuïc,Hostafrancs,Príncep Jordi,Friday,2023,6,June,2,Afternoon,,Crossing outside the pedestrian crossing,Bus,Man,32,Pedestrian,Fora del pas,Unknown,Unknown,Minor injury: Hospitalization up to 24 hours,428779.83,4581124.96,2.147175974,41.37664667,2023-06-02 15:00:00
2023S003280    ,Sants-Montjuïc,la Marina del Prat Vermell,A Zona Franca,Friday,2023,6,June,2,Morning,,Not caused by the pedestrian,Car,Woman,14,Passenger,Desconegut,Unknown,Unknown,Minor injury: Medical assistance at accident site,428020.43,4576283.26,2.138670171,41.33297144,2023-06-02 13:00:00
2023S003281    ,Sarrià-Sant Gervasi,Sant Gervasi - la Bonanova,Dalt (Besòs),Friday,2023,6,June,2,Morning,,Not caused by the pedestrian,"Camió rígid <= 3,5 tones",Man,31,Driver,Desconegut,Unknown,On a mission,Minor injury: Medical assistance at accident site,427804.3,4585354.74,2.135006619,41.414655649,2023-06-02 13:00:00
2023S003282    ,Eixample,Sant Antoni,Casanova,Friday,2023,6,June,2,Morning,,Not caused by the pedestrian,Motorcycle,Woman,42,Driver,Desconegut,Unknown,Unknown,Minor injury: Hospitalization up to 24 hours,430150.97,4581683.53,2.163506904,41.381797791,2023-06-02 13:00:00
2023S003283    ,Les Corts,les Corts,Batista i Roca,Friday,2023,6,June,2,Afternoon,,Not caused by the pedestrian,Car,Man,38,Pedestrian,Altres,Unknown,Unknown,Minor injury: Hospitalization up to 24 hours,427875.98,4582261.51,2.136232937,41.386802609,2023-06-02 14:00:00
2023S003284    ,Ciutat Vella,la Barceloneta,Litoral (Besòs),Friday,2023,6,June,2,Morning,,Not caused by the pedestrian,Motorcycle,Man,36,Driver,Desconegut,Unknown,Unknown,Minor injury: Refused medical assistance,432819.79,4582205.3,2.195364048,41.386724651,2023-06-02 13:00:00
2023S003285    ,Eixample,l'Antiga Esquerra de l'Eixample,Corts Catalanes,Friday,2023,6,June,2,Afternoon,,Not caused by the pedestrian,Car,Woman,21,Passenger,Desconegut,Unknown,Unknown,Minor injury: Hospitalization up to 24 hours,430124.72,4582066.01,2.163148863,41.385240389,2023-06-02 15:00:00
2023S003286    ,Sants-Montjuïc,el Poble-sec,Blasco de Garay,Friday,2023,6,June,2,Afternoon,,Not caused by the pedestrian,Veh. mobilitat personal amb motor,Man,21,Driver,Desconegut,Unknown,Unknown,Minor injury: Hospitalization up to 24 hours,430077.26,4580737.47,2.162734652,41.373270509,2023-06-02 14:00:00
2023S003287    ,Eixample,Sant Antoni,Floridablanca,Friday,2023,6,June,2,Afternoon,,Not caused by the pedestrian,Car,Woman,26,Passenger,Desconegut,Unknown,Unknown,Minor injury: Medical assistance at accident site,429443.4,4581071.93,2.155116745,41.376227534,2023-06-02 15:00:00
2023S003288    ,Sants-Montjuïc,el Poble-sec,Espanya,Friday,2023,6,June,2,Afternoon,,Not caused by the pedestrian,Motorcycle,Man,53,Driver,Desconegut,Unknown,Unknown,Minor injury: Hospitalization up to 24 hours,429045.14,4580981.92,2.150365152,41.375381806,2023-06-02 16:00:00
2023S003289    ,Sants-Montjuïc,la Bordeta,Badal,Friday,2023,6,June,2,Afternoon,,Not caused by the pedestrian,Motorcycle,Man,34,Driver,Desconegut,Unknown,Commuting,Minor injury: Hospitalization up to 24 hours,427191.8,4582645.72,2.128004471,41.390201367,2023-06-02 17:00:00
2023S003290    ,Sants-Montjuïc,Sants - Badal,Ventura Plaja,Friday,2023,6,June,2,Afternoon,,Not caused by the pedestrian,Veh. mobilitat personal amb motor,Man,16,Driver,Desconegut,Unknown,Unknown,Minor injury: Hospitalization up to 24 hours,427046.98,4580934.37,2.126478595,41.374774786,2023-06-02 17:00:00
2023S003291    ,Ciutat Vella,la Barceloneta,Ginebra,Friday,2023,6,June,2,Afternoon,,Not caused by the pedestrian,Veh. mobilitat personal amb motor,Man,33,Driver,Desconegut,Unknown,Unknown,Minor injury: Hospitalization up to 24 hours,432169.34,4581624.91,2.187650073,41.381442611,2023-06-02 17:00:00
2023S003294    ,Sant Martí,Sant Martí de Provençals,Corts Catalanes,Tuesday,2023,5,May,30,Night,,Not caused by the pedestrian,Veh. mobilitat personal amb motor,Man,23,Driver,Desconegut,Unknown,Unknown,Minor injury: Hospitalization up to 24 hours,432986.83,4584903.52,2.197062924,41.411040761,2023-05-30 00:00:00
2023S003295    ,Ciutat Vella,el Barri Gòtic,Laietana,Friday,2023,6,June,2,Afternoon,,Not caused by the pedestrian,Motorcycle,Man,47,Driver,Desconegut,Unknown,Commuting,Minor injury: Hospitalization up to 24 hours,431544.51,4581775.84,2.180161044,41.382749046,2023-06-02 15:00:00
2023S003296    ,Eixample,la Nova Esquerra de l'Eixample,Comte d'Urgell,Friday,2023,6,June,2,Afternoon,,Not caused by the pedestrian,Motorcycle,Man,42,Driver,Desconegut,Unknown,Unknown,Minor injury: Medical assistance at accident site,429178.12,4582275.0,2.151804014,41.387039867,2023-06-02 16:00:00
2023S003297    ,Sarrià-Sant Gervasi,Sant Gervasi - Galvany,Muntaner,Friday,2023,6,June,2,Afternoon,,Not caused by the pedestrian,Motorcycle,Woman,60,Passenger,Desconegut,Unknown,Unknown,Minor injury: Hospitalization up to 24 hours,428744.96,4583316.6,2.146501105,41.396382907,2023-06-02 16:00:00
2023S003299    ,Unknown,Unknown,Unknown,Friday,2023,6,June,2,Night,,Not caused by the pedestrian,Bicicleta,Woman,26,Driver,Desconegut,Unknown,Leisure and entertainment,Minor injury: Medical assistance at accident site,431656.63,4581692.37,2.181511266,41.382006792,2023-06-02 23:00:00
2023S003300    ,Les Corts,la Maternitat i Sant Ramon,Diagonal,Friday,2023,6,June,2,Afternoon,,Not caused by the pedestrian,Car,Man,53,Driver,Desconegut,Unknown,Commuting,Minor injury: Medical assistance at accident site,426980.58,4582337.71,2.125515463,41.387408089,2023-06-02 17:00:00
2023S003301    ,Eixample,Sant Antoni,Sepúlveda,Saturday,2023,6,June,3,Morning,,Not caused by the pedestrian,Motorcycle,Man,59,Driver,Desconegut,Unknown,Commuting,Minor injury: Hospitalization up to 24 hours,429938.15,4581711.74,2.160958652,41.382033355,2023-06-03 07:00:00
2023S003302    ,Eixample,Sant Antoni,Floridablanca,Saturday,2023,6,June,3,Night,,Not caused by the pedestrian,Bicicleta,Man,26,Driver,Desconegut,Unknown,Leisure and entertainment,Minor injury: Hospitalization up to 24 hours,429866.27,4581470.41,2.160127025,41.379853506,2023-06-03 04:00:00
2023S003303    ,Horta-Guinardó,el Carmel,Ramon Rocafull,Friday,2023,6,June,2,Afternoon,,Not caused by the pedestrian,Ciclomotor,Man,25,Driver,Desconegut,Unknown,Leisure and entertainment,Minor injury: Hospitalization up to 24 hours,429289.33,4586377.55,2.152654447,41.423999808,2023-06-02 20:00:00
2023S003305    ,Sants-Montjuïc,la Font de la Guatlla,Corts Catalanes,Friday,2023,6,June,2,Morning,,Not caused by the pedestrian,Bicicleta,Man,27,Driver,Desconegut,Unknown,Unknown,Minor injury: Hospitalization up to 24 hours,428380.66,4580358.8,2.142493498,41.369710683,2023-06-02 13:00:00
2023S003307    ,Sant Martí,el Poblenou,Taulat,Saturday,2023,6,June,3,Morning,,Not caused by the pedestrian,Motorcycle,Woman,12,Passenger,Desconegut,Unknown,Unknown,Minor injury: Refused medical assistance,433610.61,4583531.19,2.204676374,41.398732328,2023-06-03 12:00:00
2023S003308    ,Sant Martí,el Clot,Corts Catalanes,Saturday,2023,6,June,3,Morning,,Not caused by the pedestrian,Autobús articulat,Woman,59,Passenger,Desconegut,Unknown,Unknown,Minor injury: Hospitalization up to 24 hours,432531.54,4584493.19,2.191661674,41.407306925,2023-06-03 13:00:00
2023S003309    ,Gràcia,Vallcarca i els Penitents,Dalt (Besòs),Friday,2023,6,June,2,Afternoon,,Not caused by the pedestrian,Motorcycle,Man,43,Driver,Desconegut,Unknown,Commuting,Minor injury: Refused medical assistance,428089.88,4585613.77,2.13839259,41.417014242,2023-06-02 15:00:00
2023S003310    ,Eixample,Sant Antoni,Calàbria,Saturday,2023,6,June,3,Morning,,Not caused by the pedestrian,Motorcycle,Man,56,Driver,Desconegut,Unknown,Unknown,Minor injury: Hospitalization up to 24 hours,429799.83,4581073.22,2.159378563,41.376270342,2023-06-03 11:00:00
2023S003311    ,Horta-Guinardó,Horta,Horta a Cerdanyola,Saturday,2023,6,June,3,Morning,,Not caused by the pedestrian,Motorcycle,Man,62,Driver,Desconegut,Unknown,Unknown,Minor injury: Hospitalization up to 24 hours,428804.1,4588890.25,2.146551955,41.446587738,2023-06-03 13:00:00
2023S003312    ,Nou Barris,Vilapicina i la Torre Llobeta,Fabra i Puig,Saturday,2023,6,June,3,Afternoon,,Not caused by the pedestrian,Motorcycle,Man,50,Driver,Desconegut,Unknown,Other activities,Serious injury: Hospitalization over 24 hours,431614.28,4587032.96,2.180401036,41.430104249,2023-06-03 15:00:00
2023S003314    ,Les Corts,les Corts,Numància,Saturday,2023,6,June,3,Afternoon,,Not caused by the pedestrian,Car,Man,2,Pedestrian,En pas regulat per semàfor,Unknown,Unknown,Minor injury: Hospitalization up to 24 hours,427722.44,4582364.77,2.134384389,41.387718843,2023-06-03 17:00:00
2023S003315    ,Sant Martí,Provençals del Poblenou,Marroc,Saturday,2023,6,June,3,Afternoon,,Not caused by the pedestrian,Bus,Woman,61,Passenger,Desconegut,Unknown,Unknown,Minor injury: Medical assistance at accident site,433121.68,4584464.69,2.19872478,41.407099577,2023-06-03 20:00:00
2023S003316    ,Eixample,la Dreta de l'Eixample,Sant Joan,Saturday,2023,6,June,3,Afternoon,,Not caused by the pedestrian,Motorcycle,Man,36,Driver,Desconegut,Unknown,Unknown,Minor injury: Hospitalization up to 24 hours,430880.87,4583424.29,2.172036613,41.397539366,2023-06-03 20:00:00
2023S003317    ,Eixample,la Dreta de l'Eixample,Gràcia,Saturday,2023,6,June,3,Afternoon,,Not caused by the pedestrian,Ciclomotor,Woman,33,Passenger,Desconegut,Unknown,Unknown,Minor injury: Hospitalization up to 24 hours,430456.33,4582637.21,2.167048993,41.390413762,2023-06-03 16:00:00
2023S003318    ,Nou Barris,Canyelles,Dalt (Llobregat),Saturday,2023,6,June,3,Afternoon,,Not caused by the pedestrian,Motorcycle,Woman,19,Passenger,Desconegut,Unknown,Unknown,Minor injury: Hospitalization up to 24 hours,430896.38,4588524.61,2.171639034,41.443477503,2023-06-03 20:00:00
2023S003319    ,Eixample,la Dreta de l'Eixample,Pau Claris,Saturday,2023,6,June,3,Night,,Not caused by the pedestrian,Ciclomotor,Man,46,Driver,Desconegut,Unknown,Commuting,Minor injury: Hospitalization up to 24 hours,430403.06,4582955.17,2.166375326,41.393272917,2023-06-03 22:00:00
2023S003320    ,Sarrià-Sant Gervasi,les Tres Torres,General Mitre,Saturday,2023,6,June,3,Afternoon,,Not caused by the pedestrian,Motorcycle,Woman,20,Passenger,Desconegut,Unknown,Unknown,Minor injury: Medical assistance at accident site,427673.03,4583623.29,2.133643093,41.399049392,2023-06-03 20:00:00
2023S003323    ,Sant Martí,Provençals del Poblenou,Corts Catalanes,Sunday,2023,6,June,4,Night,,Not caused by the pedestrian,Motorcycle,Man,30,Driver,Desconegut,Unknown,Leisure and entertainment,Minor injury: Hospitalization up to 24 hours,433835.55,4585660.94,2.207134033,41.417933003,2023-06-04 04:00:00
2023S003324    ,Eixample,la Dreta de l'Eixample,Provença,Sunday,2023,6,June,4,Morning,,Not caused by the pedestrian,Motorcycle,Man,60,Driver,Desconegut,Unknown,Unknown,Minor injury: Hospitalization up to 24 hours,429868.7,4582996.42,2.159979329,41.393597996,2023-06-04 09:00:00
2023S003325    ,Gràcia,la Salut,Dalt,Sunday,2023,6,June,4,Morning,,Not caused by the pedestrian,Motorcycle,Woman,52,Driver,Desconegut,Unknown,Other activities,Minor injury: Hospitalization up to 24 hours,429585.03,4584847.97,2.156370987,41.410249448,2023-06-04 12:00:00
2023S003326    ,Sant Martí,Sant Martí de Provençals,Guipúscoa,Sunday,2023,6,June,4,Afternoon,,Not caused by the pedestrian,Motorcycle,Man,27,Driver,Desconegut,Unknown,Other activities,Minor injury: Hospitalization up to 24 hours,432792.64,4585292.45,2.194696433,41.414527519,2023-06-04 18:00:00
2023S003328    ,Sant Andreu,Sant Andreu,Meridiana,Sunday,2023,6,June,4,Afternoon,,Not caused by the pedestrian,Motorcycle,Man,29,Driver,Desconegut,Unknown,Leisure and entertainment,Minor injury: Hospitalization up to 24 hours,432138.34,4588318.07,2.186528243,41.441723272,2023-06-04 21:00:00
2023S003329    ,Eixample,la Dreta de l'Eixample,Mallorca,Sunday,2023,6,June,4,Night,,Not caused by the pedestrian,Motorcycle,Man,46,Driver,Desconegut,Unknown,Leisure and entertainment,Serious injury: Hospitalization over 24 hours,429836.05,4582774.51,2.15961454,41.391596478,2023-06-04 22:00:00
2023S003330    ,Ciutat Vella,el Raval,Carretes,Monday,2023,6,June,5,Night,,Not caused by the pedestrian,Bicicleta,Man,33,Driver,Desconegut,Unknown,On a mission,Minor injury: Hospitalization up to 24 hours,430463.95,4581204.46,2.167304649,41.377510076,2023-06-05 00:00:00
2023S003331    ,Les Corts,la Maternitat i Sant Ramon,Sabino Arana,Monday,2023,6,June,5,Morning,,Not caused by the pedestrian,Motorcycle,Man,50,Passenger,Desconegut,Unknown,Unknown,Minor injury: Hospitalization up to 24 hours,426901.19,4582173.05,2.124585891,41.385917849,2023-06-05 08:00:00
2023S003332    ,Nou Barris,Vilapicina i la Torre Llobeta,Escòcia,Monday,2023,6,June,5,Morning,,Not caused by the pedestrian,Motorcycle,Man,30,Driver,Desconegut,Unknown,Unknown,Minor injury: Medical assistance at accident site,431642.4,4586873.46,2.180755604,41.428670082,2023-06-05 10:00:00
2023S003334    ,Sant Andreu,la Trinitat Vella,Dalt (Besòs),Monday,2023,6,June,5,Morning,,Not caused by the pedestrian,Car,Woman,42,Passenger,Desconegut,Unknown,Unknown,Minor injury: Refused medical assistance,432477.29,4588892.56,2.190521045,41.446926099,2023-06-05 12:00:00
2023S003335    ,Sant Martí,el Clot,Independència,Monday,2023,6,June,5,Afternoon,,Not caused by the pedestrian,Motorcycle,Man,57,Driver,Desconegut,Unknown,Unknown,Minor injury: Hospitalization up to 24 hours,432028.36,4584359.69,2.185657054,41.406062115,2023-06-05 14:00:00
2023S003336    ,Eixample,el Fort Pienc,Sant Joan,Monday,2023,6,June,5,Afternoon,,Not caused by the pedestrian,Bicicleta,Man,41,Driver,Desconegut,Unknown,Leisure and entertainment,Minor injury: Refused medical assistance,431275.84,4583019.17,2.176806984,41.393924444,2023-06-05 15:00:00
2023S003337    ,Gràcia,la Salut,Dalt,Monday,2023,6,June,5,Afternoon,,Not caused by the pedestrian,Motorcycle,Woman,47,Passenger,Desconegut,Unknown,Unknown,Minor injury: Hospitalization up to 24 hours,429473.11,4584770.22,2.155041088,41.409539365,2023-06-05 16:00:00
2023S003338    ,Eixample,la Nova Esquerra de l'Eixample,Roma,Monday,2023,6,June,5,Afternoon,,Not caused by the pedestrian,Car,Man,66,Driver,Desconegut,Unknown,Unknown,Minor injury: Hospitalization up to 24 hours,428734.1,4581741.04,2.146556676,41.382191441,2023-06-05 19:00:00
2023S003339    ,Sarrià-Sant Gervasi,Sant Gervasi - la Bonanova,Isaac Newton,Monday,2023,6,June,5,Afternoon,,Not caused by the pedestrian,Motorcycle,Man,23,Passenger,Desconegut,Unknown,Unknown,Minor injury: Medical assistance at accident site,427504.46,4585298.73,2.131425947,41.414124185,2023-06-05 19:00:00
2023S003341    ,Horta-Guinardó,Horta,Fulton,Monday,2023,6,June,5,Afternoon,,Not caused by the pedestrian,Motorcycle,Man,55,Driver,Desconegut,Unknown,Unknown,Minor injury: Medical assistance at accident site,430036.42,4587029.0,2.1615188,41.429932615,2023-06-05 20:00:00
2023S003342    ,Eixample,la Sagrada Família,Nàpols,Monday,2023,6,June,5,Afternoon,,Not caused by the pedestrian,Bicicleta,Man,63,Driver,Desconegut,Unknown,Unknown,Minor injury: Hospitalization up to 24 hours,430793.07,4583897.51,2.170932284,41.401793951,2023-06-05 21:00:00
2023S003343    ,Sants-Montjuïc,el Poble-sec,Font Honrada,Monday,2023,6,June,5,Afternoon,,Not caused by the pedestrian,Veh. mobilitat personal amb motor,Man,17,Driver,Desconegut,Unknown,Unknown,Minor injury: Hospitalization up to 24 hours,429500.71,4580761.8,2.15583811,41.373439316,2023-06-05 20:00:00
2023S003344    ,Eixample,la Nova Esquerra de l'Eixample,Aragó,Monday,2023,6,June,5,Night,,Not caused by the pedestrian,Taxi,Man,42,Driver,Desconegut,Unknown,Taxi,Minor injury: Hospitalization up to 24 hours,428693.97,4581310.7,2.146127447,41.378311959,2023-06-05 05:00:00
2023S003345    ,Eixample,la Dreta de l'Eixample,Aragó,Tuesday,2023,6,June,6,Night,,Not caused by the pedestrian,Car,Woman,28,Passenger,Desconegut,Unknown,Unknown,Minor injury: Medical assistance at accident site,430506.02,4583080.73,2.167592366,41.394412704,2023-06-06 01:00:00
2023S003346    ,Eixample,l'Antiga Esquerra de l'Eixample,Villarroel,Monday,2023,6,June,5,Afternoon,,Not caused by the pedestrian,Motorcycle,Man,30,Driver,Desconegut,Unknown,Commuting,Minor injury: Medical assistance at accident site,428889.04,4582784.58,2.148286957,41.391603956,2023-06-05 19:00:00
2023S003347    ,Eixample,la Dreta de l'Eixample,Sant Joan,Monday,2023,6,June,5,Night,,Not caused by the pedestrian,Bicicleta,Man,33,Driver,Desconegut,Unknown,Unknown,Minor injury: Hospitalization up to 24 hours,430974.79,4583328.33,2.173170966,41.396683156,2023-06-05 22:00:00
2023S003348    ,Sarrià-Sant Gervasi,Sarrià,Terré,Tuesday,2023,6,June,6,Morning,,Not caused by the pedestrian,Motorcycle,Woman,49,Driver,Desconegut,Unknown,Commuting,Minor injury: Hospitalization up to 24 hours,426544.03,4584388.45,2.120045718,41.405838449,2023-06-06 06:00:00
2023S003349    ,Sant Andreu,Navas,Espronceda,Tuesday,2023,6,June,6,Morning,,Not caused by the pedestrian,Bicicleta,Man,49,Driver,Desconegut,Unknown,Commuting,Minor injury: Refused medical assistance,432147.1,4585756.38,2.186920807,41.418651717,2023-06-06 07:00:00
2023S003350    ,Sant Martí,la Vila Olímpica del Poblenou,B-10 (Llobregat),Tuesday,2023,6,June,6,Morning,,Not caused by the pedestrian,Motorcycle,Man,31,Passenger,Desconegut,Unknown,Unknown,Minor injury: Hospitalization up to 24 hours,432533.5,4582010.13,2.191961937,41.384942829,2023-06-06 07:00:00
2023S003351    ,Sants-Montjuïc,Hostafrancs,Príncep Jordi,Tuesday,2023,6,June,6,Morning,,Walking on the road,Furgoneta,Woman,81,Pedestrian,Fora del pas,Unknown,Unknown,Minor injury: Hospitalization up to 24 hours,428742.17,4581045.92,2.146734955,41.375931448,2023-06-06 10:00:00
2023S003352    ,Sarrià-Sant Gervasi,Sant Gervasi - Galvany,Diagonal,Monday,2023,6,June,12,Morning,,Not caused by the pedestrian,Motorcycle,Man,62,Driver,Desconegut,Unknown,Commuting,Minor injury: Medical assistance at accident site,428732.37,4582992.09,2.146388727,41.393459049,2023-06-12 09:00:00
2023S003353    ,Eixample,la Dreta de l'Eixample,Aragó,Tuesday,2023,6,June,6,Morning,,Not caused by the pedestrian,Motorcycle,Woman,42,Passenger,Desconegut,Unknown,Unknown,Minor injury: Refused medical assistance,430207.91,4582788.32,2.164060469,41.391753232,2023-06-06 10:00:00
2023S003354    ,Sant Martí,el Parc i la Llacuna del Poblenou,Bolívia,Tuesday,2023,6,June,6,Morning,,Not caused by the pedestrian,Motorcycle,Man,30,Driver,Desconegut,Unknown,Commuting,Minor injury: Medical assistance at accident site,432130.09,4583673.45,2.186951029,41.399889949,2023-06-06 09:00:00
2023S003355    ,Eixample,la Sagrada Família,Lepant,Tuesday,2023,6,June,6,Morning,,Not caused by the pedestrian,Motorcycle,Man,36,Driver,Desconegut,Unknown,Unknown,Minor injury: Hospitalization up to 24 hours,431371.11,4584089.39,2.177825098,41.403571733,2023-06-06 12:00:00
2023S003356    ,Eixample,Sant Antoni,Corts Catalanes,Tuesday,2023,6,June,6,Morning,,Not caused by the pedestrian,Furgoneta,Man,71,Pedestrian,En pas regulat per semàfor,Unknown,Unknown,Minor injury: Hospitalization up to 24 hours,429355.61,4581351.42,2.154034414,41.378737103,2023-06-06 12:00:00
2023S003357    ,Eixample,la Dreta de l'Eixample,Gràcia,Tuesday,2023,6,June,6,Morning,,Not caused by the pedestrian,Bus,Man,56,Passenger,Desconegut,Unknown,Unknown,Minor injury: Hospitalization up to 24 hours,430315.39,4582746.6,2.165350758,41.391386798,2023-06-06 10:00:00
2023S003358    ,Ciutat Vella,"Sant Pere, Santa Caterina i la Ribera",Doctor Aiguader,Saturday,2023,5,May,13,Afternoon,,Not caused by the pedestrian,Bicicleta,Woman,52,Driver,Desconegut,Unknown,Leisure and entertainment,Minor injury: Hospitalization up to 24 hours,431977.61,4581755.1,2.185342663,41.382599002,2023-05-13 20:00:00
2023S003359    ,Sant Martí,el Poblenou,Diagonal,Tuesday,2023,6,June,6,Morning,,Not caused by the pedestrian,Bicicleta,Man,65,Driver,Desconegut,Unknown,Unknown,Minor injury: Hospitalization up to 24 hours,433533.1,4584477.61,2.203645245,41.407250089,2023-06-06 11:00:00
2023S003360    ,Eixample,la Dreta de l'Eixample,Provença,Tuesday,2023,6,June,6,Morning,,Disobeying the traffic light signal,Veh. mobilitat personal amb motor,Woman,35,Driver,En pas regulat per semàfor,Unknown,Commuting,Minor injury: Hospitalization up to 24 hours,429774.01,4582887.46,2.158859426,41.392608363,2023-06-06 11:00:00
2023S003361    ,Gràcia,la Vila de Gràcia,Milà i Fontanals,Tuesday,2023,5,May,30,Afternoon,,Crossing outside the pedestrian crossing,Bicicleta,Woman,31,Pedestrian,Fora del pas,Leisure and entertainment,Unknown,Minor injury: Refused medical assistance,430131.55,4583780.36,2.163032656,41.400681574,2023-05-30 20:00:00
2023S003362    ,Sant Martí,Sant Martí de Provençals,Agricultura,Tuesday,2023,6,June,6,Morning,,Not caused by the pedestrian,Veh. mobilitat personal amb motor,Man,63,Pedestrian,En pas regulat per semàfor,Unknown,Unknown,Minor injury: Hospitalization up to 24 hours,433457.11,4585569.8,2.202615972,41.417080861,2023-06-06 13:00:00
2023S003363    ,Nou Barris,Porta,Fabra i Puig,Tuesday,2023,6,June,6,Afternoon,,Not caused by the pedestrian,Motorcycle,Woman,55,Driver,Desconegut,Unknown,Unknown,Minor injury: Hospitalization up to 24 hours,431387.66,4587067.67,2.177685061,41.430397532,2023-06-06 14:00:00
2023S003364    ,Sarrià-Sant Gervasi,Sarrià,Can Caralleu,Tuesday,2023,6,June,6,Morning,,Not caused by the pedestrian,Car,Woman,81,Passenger,Desconegut,Unknown,Unknown,Minor injury: Hospitalization up to 24 hours,426127.78,4583994.27,2.115114389,41.402250086,2023-06-06 12:00:00
2023S003365    ,Eixample,la Dreta de l'Eixample,Cinc d'Oros,Saturday,2023,5,May,13,Morning,,Not caused by the pedestrian,Motorcycle,Man,27,Driver,Desconegut,Unknown,Leisure and entertainment,Minor injury: Refused medical assistance,429834.22,4583321.69,2.15952922,41.396524584,2023-05-13 13:00:00