Case_Number,District_Name,Neighborhood_Name,Street_Name,Day_of_Week,Year,Month_Code,Month_Name,Day_of_Month,Shift_Description,Hour_of_Day,Pedestrian_Cause_Description,Involved_Vehicle_Type,Gender_Description,Age,Person_Type_Description,Pedestrian_Accident_Location_Description,Pedestrian_Movement_Reason_Description,Driver_Movement_Reason_Description,Victimization_Description,UTM_X_Coordinate,UTM_Y_Coordinate,Longitude,Latitude,datetime
2023S003366    ,Sant Martí,la Vila Olímpica del Poblenou,Doctor Trueta,Tuesday,2023,6,June,6,Afternoon,,Not caused by the pedestrian,Motorcycle,Man,54,Driver,Desconegut,Unknown,On a mission,Minor injury: Hospitalization up to 24 hours,432592.28,4582626.29,2.19259629,41.390497358,2023-06-06 16:00:00
2023S003367    ,Eixample,la Nova Esquerra de l'Eixample,Aragó,Tuesday,2023,6,June,6,Afternoon,,Not caused by the pedestrian,Bicicleta,Man,33,Driver,Desconegut,Unknown,Leisure and entertainment,Minor injury: Hospitalization up to 24 hours,428930.62,4581499.01,2.148935148,41.380028952,2023-06-06 15:00:00
2023S003368    ,Horta-Guinardó,el Guinardó,Varsòvia,Tuesday,2023,6,June,6,Afternoon,,Not caused by the pedestrian,Veh. mobilitat personal amb motor,Man,19,Driver,Desconegut,Unknown,Other activities,Minor injury: Hospitalization up to 24 hours,431098.96,4586005.78,2.174351161,41.420808733,2023-06-06 15:00:00
2023S003369    ,Horta-Guinardó,la Vall d'Hebron,Cardenal Vidal i Barraquer,Tuesday,2023,6,June,6,Afternoon,,Not caused by the pedestrian,Motorcycle,Man,49,Driver,Desconegut,Unknown,Unknown,Minor injury: Hospitalization up to 24 hours,429154.95,4587167.56,2.150953815,41.431103261,2023-06-06 17:00:00
2023S003370    ,Horta-Guinardó,la Vall d'Hebron,Dalt (Llobregat),Tuesday,2023,6,June,6,Afternoon,,Not caused by the pedestrian,Furgoneta,Man,47,Passenger,Desconegut,Unknown,Unknown,Minor injury: Medical assistance at accident site,428744.95,4587406.84,2.146018955,41.433222065,2023-06-06 14:00:00
2023S003371    ,Sant Martí,el Clot,Meridiana,Tuesday,2023,6,June,6,Afternoon,,Not caused by the pedestrian,Veh. mobilitat personal amb motor,Man,16,Driver,Desconegut,Unknown,Leisure and entertainment,Minor injury: Hospitalization up to 24 hours,432140.24,4585237.32,2.186896987,41.413976124,2023-06-06 19:00:00
2023S003372    ,Unknown,Unknown,Unknown,Saturday,2023,5,May,27,Afternoon,,Not caused by the pedestrian,Motorcycle,Man,44,Driver,Desconegut,Unknown,Leisure and entertainment,Minor injury: Hospitalization up to 24 hours,431656.63,4581692.37,2.181511266,41.382006792,2023-05-27 20:00:00
2023S003375    ,Sant Martí,el Clot,Meridiana,Tuesday,2023,6,June,6,Afternoon,,Not caused by the pedestrian,Bus,Woman,81,Passenger,Desconegut,Unknown,Unknown,Minor injury: Hospitalization up to 24 hours,432134.81,4584834.86,2.186877189,41.410350829,2023-06-06 15:00:00
2023S003376    ,Eixample,la Sagrada Família,Castillejos,Tuesday,2023,6,June,6,Afternoon,,Not caused by the pedestrian,Veh. mobilitat personal amb motor,Man,33,Driver,Desconegut,Unknown,Unknown,Minor injury: Medical assistance at accident site,431647.55,4584174.64,2.181122366,41.404363118,2023-06-06 19:00:00
2023S003377    ,Sants-Montjuïc,la Marina del Prat Vermell,Número 4 Zona Franca,Tuesday,2023,6,June,6,Night,,Not caused by the pedestrian,Ciclomotor,Man,25,Driver,Desconegut,Unknown,Commuting,Minor injury: Hospitalization up to 24 hours,427033.56,4576155.26,2.126893075,41.331729793,2023-06-06 22:00:00
2023S003379    ,Nou Barris,Vilapicina i la Torre Llobeta,Costa i Cuxart,Wednesday,2023,6,June,7,Morning,,Not caused by the pedestrian,Motorcycle,Man,33,Driver,Desconegut,Unknown,Student heading to an educational center,Minor injury: Hospitalization up to 24 hours,431015.09,4586754.79,2.173262106,41.427547603,2023-06-07 06:00:00
2023S003380    ,Horta-Guinardó,el Baix Guinardó,Padilla,Wednesday,2023,6,June,7,Morning,,Not caused by the pedestrian,Motorcycle,Man,37,Driver,Desconegut,Unknown,Leisure and entertainment,Minor injury: Hospitalization up to 24 hours,430899.2,4584756.67,2.172103675,41.40954126,2023-06-07 09:00:00
2023S003381    ,Sarrià-Sant Gervasi,Sant Gervasi - Galvany,Alfons XII,Wednesday,2023,6,June,7,Morning,,Not caused by the pedestrian,Motorcycle,Man,58,Driver,Desconegut,Unknown,On a mission,Minor injury: Hospitalization up to 24 hours,429029.98,4583513.48,2.149887152,41.398181352,2023-06-07 10:00:00
2023S003382    ,Sant Martí,el Poblenou,Litoral (Llobregat),Wednesday,2023,6,June,7,Morning,,Not caused by the pedestrian,Motorcycle,Woman,50,Passenger,Desconegut,Unknown,Unknown,Serious injury: Hospitalization over 24 hours,433970.87,4583525.55,2.208986292,41.398711212,2023-06-07 08:00:00
2023S003383    ,Eixample,la Dreta de l'Eixample,Bruc,Wednesday,2023,6,June,7,Morning,,Not caused by the pedestrian,Car,Woman,39,Driver,Desconegut,Unknown,Leisure and entertainment,Minor injury: Refused medical assistance,431150.87,4582574.3,2.175362859,41.389906936,2023-06-07 10:00:00
2023S003384    ,Eixample,la Dreta de l'Eixample,Gràcia,Wednesday,2023,6,June,7,Morning,,Not caused by the pedestrian,Bicicleta,Woman,32,Driver,Desconegut,Unknown,Commuting,Minor injury: Hospitalization up to 24 hours,430375.03,4582681.07,2.1660716,41.390801758,2023-06-07 07:00:00
2023S003385    ,Les Corts,les Corts,Numància,Tuesday,2023,6,June,6,Morning,,Not caused by the pedestrian,Motorcycle,Woman,23,Driver,Desconegut,Unknown,Leisure and entertainment,Minor injury: Hospitalization up to 24 hours,427907.37,4582084.03,2.136629469,41.385206928,2023-06-06 13:00:00
2023S003387    ,Sarrià-Sant Gervasi,Sant Gervasi - Galvany,Lincoln,Wednesday,2023,6,June,7,Morning,,Not caused by the pedestrian,Bicicleta,Man,71,Driver,Desconegut,Unknown,Unknown,Minor injury: Hospitalization up to 24 hours,428939.39,4583849.33,2.14876413,41.401198224,2023-06-07 10:00:00
2023S003388    ,Eixample,el Fort Pienc,Marina,Wednesday,2023,6,June,7,Morning,,Not caused by the pedestrian,Taxi,Woman,79,Pedestrian,En pas regulat per semàfor,Unknown,Unknown,Serious injury: Hospitalization over 24 hours,431648.43,4583591.24,2.181198802,41.399108683,2023-06-07 13:00:00
2023S003389    ,Nou Barris,la Trinitat Nova,Favència,Wednesday,2023,6,June,7,Morning,,Not caused by the pedestrian,Car,Woman,43,Driver,Desconegut,Unknown,Leisure and entertainment,Minor injury: Hospitalization up to 24 hours,431724.23,4588823.72,2.181514384,41.446242348,2023-06-07 13:00:00
2023S003390    ,Sant Martí,Diagonal Mar i el Front Marítim del Poblenou,Selva de Mar,Wednesday,2023,6,June,7,Morning,,Not caused by the pedestrian,Bicicleta,Man,23,Driver,Desconegut,Unknown,Leisure and entertainment,Minor injury: Medical assistance at accident site,434330.75,4584347.66,2.213201814,41.406145258,2023-06-07 11:00:00
2023S003391    ,Les Corts,les Corts,Diagonal,Wednesday,2023,6,June,7,Afternoon,,Not caused by the pedestrian,Motorcycle,Man,39,Driver,Desconegut,Unknown,Unknown,Minor injury: Hospitalization up to 24 hours,427954.95,4582701.1,2.137125048,41.390768909,2023-06-07 17:00:00
2023S003392    ,Sarrià-Sant Gervasi,Sarrià,Manuel Girona,Wednesday,2023,6,June,7,Afternoon,,Not caused by the pedestrian,Motorcycle,Woman,50,Driver,Desconegut,Unknown,Unknown,Minor injury: Hospitalization up to 24 hours,426870.86,4582738.02,2.124154933,41.391003543,2023-06-07 17:00:00
2023S003393    ,Sants-Montjuïc,la Marina de Port,Ferrocarrils Catalans,Wednesday,2023,6,June,7,Morning,,Not caused by the pedestrian,Car,Woman,25,Passenger,Desconegut,Unknown,Unknown,Minor injury: Hospitalization up to 24 hours,428290.03,4579383.72,2.141525271,41.360920389,2023-06-07 10:00:00
2023S003394    ,Sant Martí,el Poblenou,Tànger,Wednesday,2023,6,June,7,Afternoon,,Not caused by the pedestrian,Motorcycle,Man,26,Driver,Desconegut,Unknown,Unknown,Minor injury: Hospitalization up to 24 hours,432896.49,4584227.11,2.196057155,41.404940981,2023-06-07 17:00:00
2023S003395    ,Eixample,l'Antiga Esquerra de l'Eixample,Comte Borrell,Wednesday,2023,6,June,7,Afternoon,,Not caused by the pedestrian,Motorcycle,Woman,36,Driver,Desconegut,Unknown,Unknown,Minor injury: Hospitalization up to 24 hours,428711.21,4582610.57,2.146180574,41.39002096,2023-06-07 18:00:00
2023S003396    ,Sant Andreu,Navas,Meridiana,Wednesday,2023,6,June,7,Afternoon,,Not caused by the pedestrian,Veh. mobilitat personal amb motor,Woman,18,Driver,Desconegut,Unknown,Leisure and entertainment,Minor injury: Hospitalization up to 24 hours,432141.03,4585382.64,2.186890129,41.415285043,2023-06-07 17:00:00
2023S003397    ,Ciutat Vella,el Raval,Rambla,Wednesday,2023,6,June,7,Afternoon,,Disobeying the traffic light signal,Bicicleta,Woman,38,Pedestrian,En pas regulat per semàfor,Unknown,Unknown,Minor injury: Hospitalization up to 24 hours,430704.97,4582088.39,2.170085544,41.385492178,2023-06-07 14:00:00
2023S003398    ,Eixample,la Sagrada Família,Mallorca,Wednesday,2023,6,June,7,Afternoon,,Not caused by the pedestrian,Motorcycle,Woman,47,Driver,Desconegut,Unknown,Unknown,Minor injury: Medical assistance at accident site,431569.17,4584488.12,2.180149273,41.407179864,2023-06-07 20:00:00
2023S003399    ,Eixample,la Sagrada Família,València,Wednesday,2023,6,June,7,Afternoon,,Not caused by the pedestrian,Bus,Woman,89,Passenger,Desconegut,Unknown,Unknown,Serious injury: Hospitalization over 24 hours,431430.21,4584133.98,2.178527024,41.403978387,2023-06-07 17:00:00
2023S003400    ,Sant Martí,la Verneda i la Pau,Concili de Trento,Wednesday,2023,6,June,7,Afternoon,,Not caused by the pedestrian,Bus,Man,63,Passenger,Desconegut,Unknown,Unknown,Minor injury: Hospitalization up to 24 hours,434125.02,4586164.36,2.210542726,41.422490972,2023-06-07 20:00:00
2023S003401    ,Eixample,l'Antiga Esquerra de l'Eixample,Comte d'Urgell,Wednesday,2023,6,June,7,Afternoon,,Walking on the road,Taxi,Man,38,Pedestrian,Fora del pas,Unknown,Unknown,Minor injury: Medical assistance at accident site,429634.84,4581829.77,2.157317825,41.383069929,2023-06-07 20:00:00
2023S003402    ,Sant Martí,el Camp de l'Arpa del Clot,Joan de Peguera,Wednesday,2023,6,June,7,Afternoon,,Not caused by the pedestrian,Furgoneta,Man,12,Pedestrian,En pas sense regular,Unknown,Unknown,Minor injury: Hospitalization up to 24 hours,431822.85,4585372.82,2.183084336,41.415169651,2023-06-07 17:00:00
2023S003403    ,Horta-Guinardó,el Guinardó,Maragall,Wednesday,2023,6,June,7,Afternoon,,Not caused by the pedestrian,Motorcycle,Woman,15,Passenger,Desconegut,Unknown,Unknown,Minor injury: Hospitalization up to 24 hours,431613.75,4585760.47,2.180538691,41.418643313,2023-06-07 20:00:00
2023S003404    ,Sants-Montjuïc,la Marina del Prat Vermell,Número 3 Zona Franca,Wednesday,2023,6,June,7,Night,,Not caused by the pedestrian,Ciclomotor,Man,51,Driver,Desconegut,Unknown,Commuting,Minor injury: Hospitalization up to 24 hours,428020.43,4576283.26,2.138670171,41.33297144,2023-06-07 22:00:00
2023S003405    ,Eixample,l'Antiga Esquerra de l'Eixample,París,Thursday,2023,6,June,8,Night,,Not caused by the pedestrian,Motorcycle,Woman,28,Passenger,Desconegut,Unknown,Unknown,Minor injury: Hospitalization up to 24 hours,428983.64,4582689.63,2.149429527,41.390757138,2023-06-08 00:00:00
2023S003406    ,Eixample,el Fort Pienc,Casp,Thursday,2023,6,June,8,Night,,Not caused by the pedestrian,Veh. mobilitat personal amb motor,Man,21,Driver,Desconegut,Unknown,Unknown,Minor injury: Hospitalization up to 24 hours,431373.97,4583113.78,2.177969958,41.394784952,2023-06-08 01:00:00
2023S003408    ,Sants-Montjuïc,Hostafrancs,Creu Coberta,Thursday,2023,6,June,8,Morning,,Not caused by the pedestrian,Motorcycle,Man,35,Driver,Desconegut,Unknown,On a mission,Minor injury: Hospitalization up to 24 hours,428663.4,4580977.41,2.145801147,41.375307419,2023-06-08 09:00:00
2023S003409    ,Sant Martí,Provençals del Poblenou,C-31,Wednesday,2023,6,June,7,Afternoon,,Not caused by the pedestrian,Furgoneta,Woman,61,Pedestrian,En pas regulat per semàfor,Unknown,Unknown,Minor injury: Medical assistance at accident site,432986.83,4584903.52,2.197062924,41.411040761,2023-06-07 20:00:00
2023S003410    ,Eixample,la Nova Esquerra de l'Eixample,Mallorca,Wednesday,2023,6,June,7,Night,,Not caused by the pedestrian,Motorcycle,Man,27,Driver,Desconegut,Unknown,Commuting,Minor injury: Refused medical assistance,429260.74,4582212.74,2.152799369,41.386486386,2023-06-07 22:00:00
2023S003411    ,Nou Barris,la Trinitat Nova,Aiguablava,Thursday,2023,6,June,8,Morning,,Not caused by the pedestrian,Car,Woman,28,Driver,Desconegut,Unknown,Commuting,Minor injury: Refused medical assistance,431563.44,4588806.2,2.179591668,41.446070853,2023-06-08 07:00:00
2023S003412    ,Eixample,la Sagrada Família,Provença,Thursday,2023,6,June,8,Morning,,Not caused by the pedestrian,Motorcycle,Man,54,Driver,Desconegut,Unknown,Commuting,Minor injury: Hospitalization up to 24 hours,431183.54,4584280.16,2.175559601,41.405273895,2023-06-08 08:00:00
2023S003413    ,Eixample,la Nova Esquerra de l'Eixample,Aragó,Thursday,2023,6,June,8,Morning,,Not caused by the pedestrian,Motorcycle,Man,28,Driver,Desconegut,Unknown,Commuting,Serious injury: Hospitalization over 24 hours,428970.85,4581553.16,2.14940987,41.380520217,2023-06-08 08:00:00
2023S003414    ,Sarrià-Sant Gervasi,Sarrià,General Vives,Thursday,2023,6,June,8,Morning,,Not caused by the pedestrian,Motorcycle,Man,28,Driver,Desconegut,Unknown,Commuting,Minor injury: Hospitalization up to 24 hours,426719.86,4584525.75,2.122132484,41.407091105,2023-06-08 09:00:00
2023S003415    ,Nou Barris,les Roquetes,Mina de la Ciutat,Wednesday,2023,6,June,7,Afternoon,,Not caused by the pedestrian,Car,Woman,22,Passenger,Desconegut,Unknown,Unknown,Minor injury: Medical assistance at accident site,431305.33,4589125.28,2.176465714,41.448922626,2023-06-07 20:00:00
2023S003416    ,Sants-Montjuïc,Hostafrancs,Espanya,Thursday,2023,6,June,8,Morning,,Not caused by the pedestrian,Motorcycle,Man,29,Driver,Desconegut,Unknown,Commuting,Minor injury: Medical assistance at accident site,428885.04,4580959.01,2.148453494,41.375161324,2023-06-08 07:00:00
2023S003417    ,Eixample,la Sagrada Família,Sardenya,Thursday,2023,6,June,8,Morning,,Not caused by the pedestrian,Ciclomotor,Woman,20,Driver,Desconegut,Unknown,Unknown,Minor injury: Hospitalization up to 24 hours,431169.93,4583892.6,2.175440883,41.401782098,2023-06-08 09:00:00
2023S003418    ,Eixample,l'Antiga Esquerra de l'Eixample,Mallorca,Thursday,2023,6,June,8,Morning,,Not caused by the pedestrian,Motorcycle,Man,27,Driver,Desconegut,Unknown,Unknown,Minor injury: Hospitalization up to 24 hours,429548.35,4582493.34,2.156206316,41.389038911,2023-06-08 09:00:00
2023S003419    ,Ciutat Vella,"Sant Pere, Santa Caterina i la Ribera",Doctor Aiguader,Thursday,2023,6,June,8,Morning,,Not caused by the pedestrian,Bus,Man,85,Passenger,Desconegut,Unknown,Unknown,Minor injury: Hospitalization up to 24 hours,432053.72,4581755.67,2.18625277,41.382610571,2023-06-08 10:00:00
2023S003420    ,Eixample,la Dreta de l'Eixample,València,Thursday,2023,6,June,8,Morning,,Not caused by the pedestrian,Veh. mobilitat personal amb motor,Woman,38,Driver,Desconegut,Unknown,Commuting,Minor injury: Hospitalization up to 24 hours,430532.86,4583287.93,2.167889609,41.396281209,2023-06-08 12:00:00
2023S003423    ,Sant Martí,el Poblenou,Llacuna,Thursday,2023,6,June,8,Afternoon,,Not caused by the pedestrian,Taxi,Man,40,Driver,Desconegut,Unknown,Unknown,Minor injury: Hospitalization up to 24 hours,433085.41,4583847.21,2.198359179,41.401535078,2023-06-08 16:00:00
2023S003424    ,Eixample,l'Antiga Esquerra de l'Eixample,València,Friday,2023,5,May,26,Afternoon,,Not caused by the pedestrian,Car,Woman,46,Driver,Desconegut,Unknown,Leisure and entertainment,Minor injury: Refused medical assistance,429697.75,4582438.53,2.157999462,41.388558334,2023-05-26 20:00:00
2023S003425    ,Gràcia,el Camp d'en Grassot i Gràcia Nova,Indústria,Thursday,2023,6,June,8,Afternoon,,Not caused by the pedestrian,Veh. mobilitat personal amb motor,Man,53,Driver,Desconegut,Unknown,Leisure and entertainment,Minor injury: Hospitalization up to 24 hours,430384.96,4584077.18,2.166029762,41.403376926,2023-06-08 19:00:00
2023S003426    ,Sarrià-Sant Gervasi,Sarrià,Augusta,Thursday,2023,6,June,8,Afternoon,,Not caused by the pedestrian,Car,Woman,72,Pedestrian,Altres,Unknown,Unknown,Minor injury: Hospitalization up to 24 hours,426661.24,4583886.12,2.121508759,41.401324891,2023-06-08 19:00:00
2023S003427    ,Sarrià-Sant Gervasi,Sant Gervasi - Galvany,Gràcia,Thursday,2023,6,June,8,Afternoon,,Not caused by the pedestrian,Motorcycle,Woman,48,Driver,Desconegut,Unknown,Leisure and entertainment,Minor injury: Hospitalization up to 24 hours,428957.41,4583232.07,2.14905215,41.395640383,2023-06-08 19:00:00
2023S003428    ,Sant Martí,Sant Martí de Provençals,Bac de Roda,Thursday,2023,6,June,8,Afternoon,,Not caused by the pedestrian,Motorcycle,Woman,26,Driver,Desconegut,Unknown,Unknown,Minor injury: Hospitalization up to 24 hours,432792.64,4585292.45,2.194696433,41.414527519,2023-06-08 17:00:00
2023S003429    ,Eixample,Sant Antoni,Corts Catalanes,Thursday,2023,6,June,8,Afternoon,,Not caused by the pedestrian,Taxi,Woman,62,Driver,Desconegut,Unknown,On a mission,Minor injury: Hospitalization up to 24 hours,429212.26,4581173.03,2.152341108,41.377117798,2023-06-08 18:00:00
2023S003430    ,Horta-Guinardó,el Baix Guinardó,Cartagena,Thursday,2023,6,June,8,Afternoon,,Not caused by the pedestrian,Motorcycle,Woman,23,Driver,Desconegut,Unknown,Unknown,Minor injury: Hospitalization up to 24 hours,430999.84,4585010.89,2.173278679,41.411839586,2023-06-08 15:00:00
2023S003431    ,Sant Andreu,Sant Andreu,Abat Escarré,Thursday,2023,6,June,8,Afternoon,,Not caused by the pedestrian,Taxi,Woman,61,Pedestrian,Fora del pas,Unknown,Unknown,Minor injury: Hospitalization up to 24 hours,432523.73,4587036.57,2.191284335,41.430213724,2023-06-08 21:00:00
2023S003432    ,Nou Barris,Porta,Rio de Janeiro,Thursday,2023,6,June,8,Night,,Not caused by the pedestrian,Car,Man,28,Pedestrian,En pas sense regular,Unknown,Unknown,Minor injury: Hospitalization up to 24 hours,431608.6,4587317.67,2.18030083,41.432668049,2023-06-08 22:00:00
2023S003433    ,Sant Martí,Diagonal Mar i el Front Marítim del Poblenou,Selva de Mar,Thursday,2023,6,June,8,Afternoon,,Not caused by the pedestrian,Motorcycle,Man,33,Driver,Desconegut,Unknown,Unknown,Minor injury: Medical assistance at accident site,434475.69,4584153.16,2.214956803,41.404405275,2023-06-08 20:00:00
2023S003435    ,Eixample,l'Antiga Esquerra de l'Eixample,Mallorca,Friday,2023,6,June,9,Morning,,Not caused by the pedestrian,Furgoneta,Woman,73,Pedestrian,Fora del pas,Leisure and entertainment,Unknown,Minor injury: Hospitalization up to 24 hours,429260.74,4582212.74,2.152799369,41.386486386,2023-06-09 08:00:00
2023S003436    ,Eixample,Sant Antoni,Sepúlveda,Thursday,2023,6,June,8,Night,,Not caused by the pedestrian,Motorcycle,Man,27,Driver,Desconegut,Unknown,Unknown,Minor injury: Refused medical assistance,429269.66,4581057.55,2.153040952,41.376082757,2023-06-08 22:00:00
2023S003437    ,Sants-Montjuïc,la Marina del Prat Vermell,Metal·lúrgia,Wednesday,2023,6,June,7,Afternoon,,Not caused by the pedestrian,Car,Man,31,Driver,Desconegut,Unknown,On a mission,Minor injury: Hospitalization up to 24 hours,427929.74,4578048.35,2.137376871,41.34886096,2023-06-07 19:00:00
2023S003438    ,Eixample,la Nova Esquerra de l'Eixample,Mallorca,Thursday,2023,6,June,8,Night,,Not caused by the pedestrian,Veh. mobilitat personal amb motor,Man,34,Driver,Desconegut,Unknown,Leisure and entertainment,Minor injury: Medical assistance at accident site,429260.74,4582212.74,2.152799369,41.386486386,2023-06-08 22:00:00
2023S003439    ,Sarrià-Sant Gervasi,el Putxet i el Farró,Lesseps,Friday,2023,6,June,9,Morning,,Not caused by the pedestrian,Motorcycle,Man,36,Driver,Desconegut,Unknown,Unknown,Minor injury: Hospitalization up to 24 hours,429011.31,4584400.97,2.1495597,41.406172996,2023-06-09 07:00:00
2023S003440    ,Les Corts,la Maternitat i Sant Ramon,Albert Bastardas,Friday,2023,6,June,9,Morning,,Not caused by the pedestrian,Motorcycle,Woman,35,Driver,Desconegut,Unknown,Leisure and entertainment,Minor injury: Hospitalization up to 24 hours,425465.33,4581588.77,2.107486344,41.380523673,2023-06-09 12:00:00
2023S003441    ,Sant Martí,el Poblenou,Badajoz,Friday,2023,6,June,9,Morning,,Not caused by the pedestrian,Car,Woman,26,Pedestrian,En pas regulat per semàfor,Unknown,Unknown,Minor injury: Medical assistance at accident site,432915.89,4583430.76,2.196377531,41.397770087,2023-06-09 08:00:00
2023S003442    ,Horta-Guinardó,Montbau,Dalt (Besòs),Friday,2023,6,June,9,Morning,,Not caused by the pedestrian,Car,Man,30,Passenger,Desconegut,Unknown,Unknown,Minor injury: Hospitalization up to 24 hours,428733.32,4587304.22,2.145891876,41.432296778,2023-06-09 13:00:00
2023S003443    ,Gràcia,Vallcarca i els Penitents,Vall d'Hebron,Friday,2023,6,June,9,Afternoon,,Not caused by the pedestrian,Motorcycle,Man,19,Driver,Desconegut,Unknown,Unknown,Minor injury: Hospitalization up to 24 hours,428256.99,4585976.02,2.140349036,41.420291822,2023-06-09 14:00:00
2023S003444    ,Sarrià-Sant Gervasi,Sant Gervasi - Galvany,Gràcia,Friday,2023,6,June,9,Afternoon,,Crossing outside the pedestrian crossing,Furgoneta,Man,24,Pedestrian,Fora del pas,Unknown,Unknown,Minor injury: Hospitalization up to 24 hours,429255.24,4583510.24,2.15258195,41.398172031,2023-06-09 16:00:00
2023S003445    ,Sants-Montjuïc,la Marina del Prat Vermell,Litoral (Besòs),Friday,2023,6,June,9,Afternoon,,Not caused by the pedestrian,Motorcycle,Man,60,Driver,Desconegut,Unknown,Unknown,Minor injury: Medical assistance at accident site,428296.55,4577849.21,2.141784635,41.347100121,2023-06-09 18:00:00
2023S003446    ,Eixample,la Sagrada Família,Gaudí,Friday,2023,6,June,9,Afternoon,,Not caused by the pedestrian,Bicicleta,Woman,57,Driver,Desconegut,Unknown,Unknown,Minor injury: Hospitalization up to 24 hours,431183.54,4584280.16,2.175559601,41.405273895,2023-06-09 18:00:00
2023S003447    ,Eixample,el Fort Pienc,Corts Catalanes,Friday,2023,6,June,9,Afternoon,,Not caused by the pedestrian,Motorcycle,Man,24,Driver,Desconegut,Unknown,Unknown,Minor injury: Hospitalization up to 24 hours,431593.63,4583575.67,2.180545065,41.398963786,2023-06-09 14:00:00
2023S003448    ,Sant Andreu,el Bon Pastor,Monterrey,Friday,2023,6,June,9,Afternoon,,Not caused by the pedestrian,Car,Woman,53,Driver,Desconegut,Unknown,Unknown,Minor injury: Hospitalization up to 24 hours,433752.23,4588498.69,2.205825906,41.443484929,2023-06-09 15:00:00
2023S003449    ,Eixample,la Dreta de l'Eixample,Pau Claris,Friday,2023,6,June,9,Afternoon,,Not caused by the pedestrian,Motorcycle,Woman,23,Driver,Desconegut,Unknown,Commuting,Minor injury: Hospitalization up to 24 hours,430403.06,4582955.17,2.166375326,41.393272917,2023-06-09 20:00:00
2023S003450    ,Sant Martí,Provençals del Poblenou,Sant Joan de Malta,Friday,2023,6,June,9,Afternoon,,Not caused by the pedestrian,Veh. mobilitat personal amb motor,Man,30,Driver,Desconegut,Unknown,Unknown,Death (within 24 hours of accident),432668.69,4584589.21,2.193291734,41.408183256,2023-06-09 21:00:00
2023S003451    ,Eixample,l'Antiga Esquerra de l'Eixample,Balmes,Friday,2023,6,June,9,Afternoon,,Not caused by the pedestrian,Furgoneta,Woman,64,Pedestrian,En pas regulat per semàfor,Unknown,Unknown,Minor injury: Hospitalization up to 24 hours,429649.26,4582966.26,2.15735821,41.393307179,2023-06-09 20:00:00
2023S003452    ,Sant Martí,el Poblenou,Doctor Trueta,Friday,2023,6,June,9,Afternoon,,Not caused by the pedestrian,Motorcycle,Woman,24,Passenger,Desconegut,Unknown,Unknown,Minor injury: Medical assistance at accident site,433073.95,4583092.36,2.19830558,41.394735382,2023-06-09 21:00:00
2023S003453    ,Eixample,l'Antiga Esquerra de l'Eixample,Diagonal,Friday,2023,6,June,9,Afternoon,,Not caused by the pedestrian,Motorcycle,Man,27,Driver,Desconegut,Unknown,Leisure and entertainment,Minor injury: Hospitalization up to 24 hours,429001.92,4583052.43,2.149605603,41.394026363,2023-06-09 21:00:00
2023S003454    ,Sarrià-Sant Gervasi,Sant Gervasi - la Bonanova,Sant Gervasi,Saturday,2023,6,June,10,Morning,,Disobeying the traffic light signal,Motorcycle,Woman,34,Driver,Desconegut,Unknown,Unknown,Minor injury: Hospitalization up to 24 hours,427919.33,4584831.31,2.13644527,41.409951666,2023-06-10 10:00:00
2023S003455    ,Les Corts,les Corts,Josep Tarradellas,Saturday,2023,6,June,10,Morning,,Not caused by the pedestrian,Car,Woman,58,Driver,Desconegut,Unknown,Unknown,Minor injury: Hospitalization up to 24 hours,428499.73,4582666.13,2.143644741,41.390502587,2023-06-10 08:00:00
2023S003456    ,Sant Martí,el Parc i la Llacuna del Poblenou,Bolívia,Saturday,2023,6,June,10,Morning,,Not caused by the pedestrian,Motorcycle,Woman,32,Driver,Desconegut,Unknown,Unknown,Minor injury: Medical assistance at accident site,432130.09,4583673.45,2.186951029,41.399889949,2023-06-10 12:00:00
2023S003457    ,Eixample,l'Antiga Esquerra de l'Eixample,Aribau,Saturday,2023,6,June,10,Morning,,Not caused by the pedestrian,Motorcycle,Man,32,Driver,Desconegut,Unknown,Unknown,Minor injury: Refused medical assistance,429764.66,4582449.18,2.158798446,41.388660104,2023-06-10 11:00:00
2023S003459    ,Sants-Montjuïc,Sants,Viriat,Saturday,2023,6,June,10,Afternoon,,Not caused by the pedestrian,Motorcycle,Man,53,Driver,Desconegut,Unknown,Unknown,Minor injury: Hospitalization up to 24 hours,428205.11,4581517.0,2.14025735,41.380126537,2023-06-10 14:00:00
2023S003460    ,Eixample,el Fort Pienc,Corts Catalanes,Saturday,2023,6,June,10,Afternoon,,Not caused by the pedestrian,Motorcycle,Woman,26,Driver,Desconegut,Unknown,Leisure and entertainment,Minor injury: Hospitalization up to 24 hours,431391.23,4583378.04,2.178146443,41.397166537,2023-06-10 14:00:00
2023S003461    ,Eixample,la Dreta de l'Eixample,Corts Catalanes,Saturday,2023,6,June,10,Afternoon,,Disobeying the traffic light signal,Bus,Woman,46,Pedestrian,En pas regulat per semàfor,Commuting,Unknown,Minor injury: Hospitalization up to 24 hours,430615.98,4582547.21,2.168968723,41.389616956,2023-06-10 14:00:00
2023S003462    ,Sarrià-Sant Gervasi,Sant Gervasi - Galvany,Diagonal,Saturday,2023,6,June,10,Afternoon,,Not caused by the pedestrian,Motorcycle,Woman,20,Driver,Desconegut,Unknown,Leisure and entertainment,Minor injury: Hospitalization up to 24 hours,428097.57,4582748.97,2.138825095,41.391212825,2023-06-10 17:00:00