Case_Number,District_Name,Neighborhood_Name,Street_Name,Day_of_Week,Year,Month_Code,Month_Name,Day_of_Month,Shift_Description,Hour_of_Day,Pedestrian_Cause_Description,Involved_Vehicle_Type,Gender_Description,Age,Person_Type_Description,Pedestrian_Accident_Location_Description,Pedestrian_Movement_Reason_Description,Driver_Movement_Reason_Description,Victimization_Description,UTM_X_Coordinate,UTM_Y_Coordinate,Longitude,Latitude,datetime
2023S003463    ,Les Corts,les Corts,Diagonal,Saturday,2023,6,June,10,Afternoon,,Not caused by the pedestrian,Car,Woman,32,Passenger,Desconegut,Unknown,Unknown,Minor injury: Medical assistance at accident site,427954.95,4582701.1,2.137125048,41.390768909,2023-06-10 18:00:00
2023S003465    ,Eixample,l'Antiga Esquerra de l'Eixample,Mallorca,Saturday,2023,6,June,10,Afternoon,,Not caused by the pedestrian,Motorcycle,Woman,41,Driver,Desconegut,Unknown,Leisure and entertainment,Minor injury: Hospitalization up to 24 hours,429452.6,4582399.4,2.15507212,41.388184428,2023-06-10 18:00:00
2023S003466    ,Sant Andreu,el Bon Pastor,Litoral (Besòs),Saturday,2023,6,June,10,Afternoon,,Not caused by the pedestrian,Car,Woman,54,Passenger,Desconegut,Unknown,Unknown,Minor injury: Hospitalization up to 24 hours,433863.66,4588355.65,2.207175377,41.442205804,2023-06-10 19:00:00
2023S003467    ,Nou Barris,les Roquetes,Favència,Saturday,2023,6,June,10,Afternoon,,Not caused by the pedestrian,Car,Man,51,Passenger,Desconegut,Unknown,Unknown,Minor injury: Hospitalization up to 24 hours,431352.7,4588776.78,2.177072403,41.445787874,2023-06-10 19:00:00
2023S003468    ,Sant Andreu,la Sagrera,Concepción Arenal,Saturday,2023,6,June,10,Night,,Not caused by the pedestrian,Motorcycle,Man,28,Driver,Desconegut,Unknown,Commuting,Minor injury: Medical assistance at accident site,431905.4,4586258.16,2.183972279,41.423150629,2023-06-10 23:00:00
2023S003470    ,Sarrià-Sant Gervasi,Sarrià,Aigües,Saturday,2023,6,June,10,Afternoon,,Not caused by the pedestrian,Motorcycle,Woman,21,Passenger,Desconegut,Unknown,Unknown,Minor injury: Hospitalization up to 24 hours,425253.2,4585248.85,2.104497641,41.413468599,2023-06-10 20:00:00
2023S003471    ,Sarrià-Sant Gervasi,Sant Gervasi - la Bonanova,Dalt (Llobregat),Saturday,2023,6,June,10,Afternoon,,Not caused by the pedestrian,Ciclomotor,Woman,23,Passenger,Desconegut,Unknown,Unknown,Minor injury: Medical assistance at accident site,427377.64,4585159.54,2.129925359,41.412859105,2023-06-10 17:00:00
2023S003472    ,Eixample,el Fort Pienc,Ribes,Sunday,2023,6,June,11,Morning,,Not caused by the pedestrian,Veh. mobilitat personal amb motor,Man,19,Pedestrian,Fora del pas,Unknown,Unknown,Minor injury: Hospitalization up to 24 hours,431630.78,4582882.4,2.181067758,41.392722865,2023-06-11 08:00:00
2023S003473    ,Unknown,Unknown,Unknown,Sunday,2023,6,June,11,Morning,,Not caused by the pedestrian,Motorcycle,Man,40,Driver,Desconegut,Unknown,Leisure and entertainment,Minor injury: Hospitalization up to 24 hours,429660.12,4584991.37,2.157252655,41.411547578,2023-06-11 08:00:00
2023S003474    ,Sant Martí,Sant Martí de Provençals,Bac de Roda,Saturday,2023,6,June,10,Night,,Not caused by the pedestrian,Motorcycle,Man,33,Driver,Desconegut,Unknown,Unknown,Minor injury: Hospitalization up to 24 hours,432792.64,4585292.45,2.194696433,41.414527519,2023-06-10 22:00:00
2023S003475    ,Sant Martí,el Camp de l'Arpa del Clot,Independència,Saturday,2023,6,June,10,Morning,,Not caused by the pedestrian,Motorcycle,Man,63,Driver,Desconegut,Unknown,Unknown,Minor injury: Medical assistance at accident site,431934.16,4584454.66,2.184519459,41.406909506,2023-06-10 13:00:00
2023S003476    ,Eixample,l'Antiga Esquerra de l'Eixample,Muntaner,Sunday,2023,6,June,11,Morning,,Not caused by the pedestrian,Ciclomotor,Man,54,Driver,Desconegut,Unknown,Unknown,Minor injury: Hospitalization up to 24 hours,429641.8,4582396.81,2.157335169,41.388177681,2023-06-11 10:00:00
2023S003477    ,Sant Andreu,la Sagrera,Berenguer de Palou,Sunday,2023,6,June,11,Morning,,Not caused by the pedestrian,Bus,Woman,88,Passenger,Desconegut,Unknown,Unknown,Minor injury: Hospitalization up to 24 hours,432550.79,4586630.91,2.191653459,41.426562347,2023-06-11 11:00:00
2023S003478    ,Ciutat Vella,el Barri Gòtic,Fontanella,Sunday,2023,6,June,11,Night,,Not caused by the pedestrian,Car,Woman,26,Passenger,Desconegut,Unknown,Unknown,Minor injury: Refused medical assistance,430886.46,4582328.23,2.172228626,41.387667968,2023-06-11 00:00:00
2023S003479    ,Eixample,la Dreta de l'Eixample,Aragó,Saturday,2023,6,June,10,Morning,,Not caused by the pedestrian,Veh. mobilitat personal amb motor,Woman,37,Driver,Desconegut,Unknown,Unknown,Minor injury: Refused medical assistance,430725.65,4583251.4,2.170199768,41.395968835,2023-06-10 12:00:00
2023S003480    ,Nou Barris,la Prosperitat,Rio de Janeiro,Sunday,2023,6,June,11,Afternoon,,Not caused by the pedestrian,Motorcycle,Man,35,Driver,Desconegut,Unknown,Unknown,Minor injury: Hospitalization up to 24 hours,431967.99,4588211.18,2.184501287,41.440746126,2023-06-11 15:00:00
2023S003481    ,Gràcia,Vallcarca i els Penitents,Alfonso Comín,Sunday,2023,6,June,11,Afternoon,,Not caused by the pedestrian,Car,Woman,50,Driver,Desconegut,Unknown,Unknown,Minor injury: Medical assistance at accident site,428100.86,4585361.88,2.138553919,41.414746558,2023-06-11 17:00:00
2023S003482    ,Sant Martí,Sant Martí de Provençals,Espronceda,Sunday,2023,6,June,11,Afternoon,,Not caused by the pedestrian,Motorcycle,Woman,31,Passenger,Desconegut,Unknown,Unknown,Minor injury: Hospitalization up to 24 hours,432863.28,4585045.63,2.195569011,41.412310389,2023-06-11 17:00:00
2023S003483    ,Eixample,la Sagrada Família,Padilla,Sunday,2023,6,June,11,Afternoon,,Not caused by the pedestrian,Motorcycle,Man,47,Driver,Desconegut,Unknown,Leisure and entertainment,Minor injury: Hospitalization up to 24 hours,431460.95,4584179.19,2.17888963,41.404388202,2023-06-11 19:00:00
2023S003484    ,Sarrià-Sant Gervasi,Sant Gervasi - la Bonanova,Dalt (Besòs),Sunday,2023,6,June,11,Afternoon,,Not caused by the pedestrian,Motorcycle,Woman,58,Passenger,Desconegut,Unknown,Unknown,Minor injury: Hospitalization up to 24 hours,427714.16,4585334.95,2.133930518,41.414469302,2023-06-11 20:00:00
2023S003485    ,Sant Andreu,Sant Andreu,Dalt (Llobregat),Saturday,2023,6,June,10,Afternoon,,Not caused by the pedestrian,Motorcycle,Woman,49,Driver,Desconegut,Unknown,Commuting,Minor injury: Hospitalization up to 24 hours,432922.68,4588961.94,2.195844856,41.447588345,2023-06-10 21:00:00
2023S003486    ,Sant Martí,Sant Martí de Provençals,Guipúscoa,Sunday,2023,6,June,11,Night,,Not caused by the pedestrian,Motorcycle,Man,33,Driver,Desconegut,Unknown,Commuting,Minor injury: Medical assistance at accident site,433116.28,4585641.16,2.198530049,41.417695268,2023-06-11 22:00:00
2023S003487    ,Sant Martí,la Vila Olímpica del Poblenou,Litoral (Besòs),Sunday,2023,6,June,11,Night,,Not caused by the pedestrian,Ciclomotor,Man,22,Driver,Desconegut,Unknown,On a mission,Minor injury: Medical assistance at accident site,433218.09,4582540.82,2.200090474,41.389779785,2023-06-11 22:00:00
2023S003488    ,Ciutat Vella,"Sant Pere, Santa Caterina i la Ribera",Marquès de l'Argentera,Monday,2023,6,June,12,Night,,Not caused by the pedestrian,Ciclomotor,Woman,22,Driver,Desconegut,Unknown,Leisure and entertainment,Minor injury: Medical assistance at accident site,431919.55,4581929.16,2.184628777,41.384161801,2023-06-12 00:00:00
2023S003489    ,Sant Martí,el Parc i la Llacuna del Poblenou,Bolívia,Monday,2023,6,June,12,Morning,,Not caused by the pedestrian,Car,Woman,60,Driver,Desconegut,Unknown,Commuting,Minor injury: Refused medical assistance,432130.09,4583673.45,2.186951029,41.399889949,2023-06-12 08:00:00
2023S003490    ,Les Corts,la Maternitat i Sant Ramon,Josep Sunyol i Garriga,Monday,2023,6,June,12,Morning,,Not caused by the pedestrian,Car,Woman,45,Pedestrian,En pas sense regular,Unknown,Unknown,Minor injury: Hospitalization up to 24 hours,425734.26,4581171.33,2.11075339,41.37678885,2023-06-12 08:00:00
2023S003491    ,Sants-Montjuïc,Hostafrancs,Mallorca,Sunday,2023,6,June,11,Morning,,Not caused by the pedestrian,Car,Woman,61,Driver,Desconegut,Unknown,Other activities,Minor injury: Hospitalization up to 24 hours,428494.09,4581458.79,2.143719857,41.379628007,2023-06-11 12:00:00
2023S003492    ,Eixample,la Sagrada Família,Cartagena,Monday,2023,6,June,12,Morning,,Not caused by the pedestrian,Bicicleta,Woman,77,Pedestrian,En pas regulat per semàfor,Leisure and entertainment,Unknown,Minor injury: Medical assistance at accident site,431461.53,4584551.41,2.178854392,41.407740722,2023-06-12 11:00:00
2023S003493    ,Sant Martí,el Camp de l'Arpa del Clot,Sant Antoni Maria Claret,Monday,2023,6,June,12,Morning,,Not caused by the pedestrian,Veh. mobilitat personal amb motor,Man,29,Driver,Desconegut,Unknown,Unknown,Minor injury: Hospitalization up to 24 hours,431281.04,4585126.89,2.17662976,41.412908466,2023-06-12 10:00:00
2023S003494    ,Sarrià-Sant Gervasi,Sant Gervasi - Galvany,Calvet,Monday,2023,6,June,12,Morning,,Not caused by the pedestrian,Motorcycle,Man,65,Driver,Desconegut,Unknown,Commuting,Minor injury: Hospitalization up to 24 hours,428568.96,4583036.42,2.144429032,41.393843807,2023-06-12 09:00:00
2023S003496    ,Eixample,l'Antiga Esquerra de l'Eixample,Aragó,Monday,2023,6,June,12,Morning,,Not caused by the pedestrian,Bicicleta,Man,18,Driver,Desconegut,Unknown,Unknown,Minor injury: Hospitalization up to 24 hours,429605.09,4582160.59,2.156923598,41.386046912,2023-06-12 10:00:00
2023S003497    ,Eixample,l'Antiga Esquerra de l'Eixample,Corts Catalanes,Monday,2023,6,June,12,Afternoon,,Not caused by the pedestrian,Motorcycle,Man,27,Driver,Desconegut,Unknown,Unknown,Minor injury: Medical assistance at accident site,430121.36,4582099.83,2.163104777,41.385544703,2023-06-12 15:00:00
2023S003498    ,Eixample,la Nova Esquerra de l'Eixample,Corts Catalanes,Monday,2023,6,June,12,Morning,,Not caused by the pedestrian,Motorcycle,Man,27,Driver,Desconegut,Unknown,Leisure and entertainment,Minor injury: Hospitalization up to 24 hours,429165.19,4581164.97,2.15177921,41.37704106,2023-06-12 11:00:00
2023S003500    ,Sarrià-Sant Gervasi,Sant Gervasi - Galvany,Modolell,Monday,2023,6,June,12,Afternoon,,Disobeying the traffic light signal,Motorcycle,Man,36,Driver,Desconegut,Unknown,Unknown,Minor injury: Hospitalization up to 24 hours,427986.52,4583479.44,2.137410019,41.397781944,2023-06-12 14:00:00
2023S003501    ,Sants-Montjuïc,Sants - Badal,Mig (Descendent),Friday,2023,6,June,9,Afternoon,,Not caused by the pedestrian,Veh. mobilitat personal amb motor,Woman,36,Driver,Desconegut,Unknown,Commuting,Minor injury: Hospitalization up to 24 hours,427269.91,4581441.24,2.129083318,41.37936016,2023-06-09 21:00:00
2023S003502    ,Eixample,la Nova Esquerra de l'Eixample,Entença,Monday,2023,6,June,12,Afternoon,,Not caused by the pedestrian,Motorcycle,Man,25,Driver,Desconegut,Unknown,Other activities,Minor injury: Hospitalization up to 24 hours,428787.04,4581740.07,2.147189869,41.382187394,2023-06-12 17:00:00
2023S003503    ,Sant Andreu,la Sagrera,Gran de la Sagrera,Monday,2023,6,June,12,Afternoon,,Not caused by the pedestrian,Motorcycle,Man,77,Driver,Desconegut,Unknown,Unknown,Minor injury: Medical assistance at accident site,432504.88,4586180.92,2.191154326,41.422505569,2023-06-12 16:00:00
2023S003504    ,Eixample,el Fort Pienc,Alí Bei,Monday,2023,6,June,12,Afternoon,,Not caused by the pedestrian,Motorcycle,Woman,29,Driver,Desconegut,Unknown,Leisure and entertainment,Minor injury: Medical assistance at accident site,431937.24,4583291.59,2.184687148,41.396434334,2023-06-12 18:00:00
2023S003505    ,Sant Martí,el Parc i la Llacuna del Poblenou,Diagonal,Monday,2023,6,June,12,Afternoon,,Not caused by the pedestrian,Motorcycle,Man,53,Driver,Desconegut,Unknown,Other activities,Minor injury: Hospitalization up to 24 hours,432432.33,4584176.43,2.190510191,41.40444562,2023-06-12 17:00:00
2023S003506    ,Eixample,la Dreta de l'Eixample,Mallorca,Monday,2023,6,June,12,Afternoon,,Not caused by the pedestrian,Car,Man,32,Passenger,Desconegut,Unknown,Unknown,Minor injury: Hospitalization up to 24 hours,430269.34,4583217.34,2.164745761,41.395622608,2023-06-12 19:00:00
2023S003507    ,Sant Martí,el Camp de l'Arpa del Clot,Còrsega,Monday,2023,6,June,12,Afternoon,,Not caused by the pedestrian,Motorcycle,Man,29,Driver,Desconegut,Unknown,Unknown,Minor injury: Medical assistance at accident site,431555.77,4585028.44,2.179927818,41.412045215,2023-06-12 17:00:00
2023S003508    ,Sarrià-Sant Gervasi,"Vallvidrera, el Tibidabo i les Planes",Casafranca,Monday,2023,6,June,12,Afternoon,,Not caused by the pedestrian,Bicicleta,Man,54,Driver,Desconegut,Unknown,Leisure and entertainment,Minor injury: Hospitalization up to 24 hours,425435.9,4585539.69,2.106647605,41.416105032,2023-06-12 18:00:00
2023S003509    ,Sant Martí,el Besòs i el Maresme,Bernat Metge,Saturday,2023,6,June,10,Afternoon,,Not caused by the pedestrian,Motorcycle,Man,64,Driver,Desconegut,Unknown,Leisure and entertainment,Minor injury: Medical assistance at accident site,434063.8,4585718.2,2.209858838,41.418467502,2023-06-10 19:00:00
2023S003510    ,Sants-Montjuïc,Hostafrancs,Creu Coberta,Tuesday,2023,6,June,13,Morning,,Not caused by the pedestrian,Motorcycle,Man,22,Driver,Desconegut,Unknown,Unknown,Minor injury: Medical assistance at accident site,428479.25,4580984.01,2.143598456,41.375350509,2023-06-13 08:00:00
2023S003511    ,Eixample,Sant Antoni,Villarroel,Monday,2023,6,June,12,Afternoon,,Not caused by the pedestrian,Car,Man,55,Pedestrian,En pas regulat per semàfor,Unknown,Unknown,Minor injury: Hospitalization up to 24 hours,430031.23,4581617.2,2.162082667,41.381189968,2023-06-12 15:00:00
2023S003512    ,Sarrià-Sant Gervasi,les Tres Torres,Escoles Pies,Tuesday,2023,6,June,13,Morning,,Not caused by the pedestrian,Motorcycle,Man,71,Passenger,Desconegut,Unknown,Unknown,Minor injury: Hospitalization up to 24 hours,427221.74,4584088.35,2.128189063,41.403197249,2023-06-13 08:00:00
2023S003513    ,Eixample,el Fort Pienc,Corts Catalanes,Tuesday,2023,6,June,13,Morning,,Not caused by the pedestrian,Furgoneta,Man,37,Driver,Desconegut,Unknown,Unknown,Minor injury: Medical assistance at accident site,431827.94,4583820.52,2.183320204,41.40118899,2023-06-13 13:00:00
2023S003514    ,Eixample,la Dreta de l'Eixample,Sant Joan,Tuesday,2023,6,June,13,Morning,,Not caused by the pedestrian,Bicicleta,Man,35,Driver,Desconegut,Unknown,Unknown,Minor injury: Hospitalization up to 24 hours,431370.0,4582923.54,2.177944045,41.393071178,2023-06-13 12:00:00
2023S003515    ,Sants-Montjuïc,el Poble-sec,Nou de la Rambla,Tuesday,2023,6,June,13,Morning,,Not caused by the pedestrian,Taxi,Man,31,Driver,Desconegut,Unknown,On a mission,Minor injury: Refused medical assistance,430643.17,4580850.97,2.169488167,41.374341768,2023-06-13 12:00:00
2023S003516    ,Nou Barris,Verdun,Ponce de León,Monday,2023,6,June,12,Afternoon,,Not caused by the pedestrian,Motorcycle,Man,37,Driver,Desconegut,Unknown,On a mission,Minor injury: Hospitalization up to 24 hours,431021.96,4588217.96,2.173177229,41.440726428,2023-06-12 19:00:00
2023S003517    ,Sarrià-Sant Gervasi,Sant Gervasi - la Bonanova,Quatre Camins,Tuesday,2023,6,June,13,Afternoon,,Not caused by the pedestrian,Motorcycle,Man,29,Driver,Desconegut,Unknown,Unknown,Minor injury: Medical assistance at accident site,427352.74,4584741.11,2.12967772,41.409088236,2023-06-13 15:00:00
2023S003518    ,Eixample,el Fort Pienc,Casp,Tuesday,2023,6,June,13,Afternoon,,Not caused by the pedestrian,Motorcycle,Man,55,Driver,Desconegut,Unknown,On a mission,Minor injury: Medical assistance at accident site,431658.61,4583392.93,2.181342969,41.397323429,2023-06-13 16:00:00
2023S003519    ,Eixample,l'Antiga Esquerra de l'Eixample,Diagonal,Tuesday,2023,6,June,13,Afternoon,,Not caused by the pedestrian,Motorcycle,Woman,50,Pedestrian,A la vorera / Andana,Unknown,Unknown,Minor injury: Hospitalization up to 24 hours,429144.63,4583098.78,2.151307076,41.394456414,2023-06-13 16:00:00
2023S003520    ,Les Corts,Pedralbes,Diagonal,Tuesday,2023,6,June,13,Afternoon,,Others,Veh. mobilitat personal amb motor,Man,20,Pedestrian,En pas regulat per semàfor,Unknown,Unknown,Minor injury: Hospitalization up to 24 hours,426093.67,4582151.84,2.114931331,41.385652997,2023-06-13 17:00:00
2023S003521    ,Eixample,la Dreta de l'Eixample,Aragó,Tuesday,2023,6,June,13,Afternoon,,Not caused by the pedestrian,Motorcycle,Man,37,Driver,Desconegut,Unknown,Commuting,Minor injury: Hospitalization up to 24 hours,430058.02,4582597.04,2.16228985,41.390017407,2023-06-13 15:00:00
2023S003522    ,Sants-Montjuïc,Hostafrancs,Creu Coberta,Tuesday,2023,6,June,13,Afternoon,,Not caused by the pedestrian,Bicicleta,Woman,29,Driver,En pas regulat per semàfor,Unknown,Other activities,Minor injury: Medical assistance at accident site,428498.57,4580960.26,2.143832272,41.375138319,2023-06-13 18:00:00
2023S003524    ,Eixample,Sant Antoni,Corts Catalanes,Tuesday,2023,6,June,13,Afternoon,,Not caused by the pedestrian,Bicicleta,Man,2,Pedestrian,En pas regulat per semàfor,Unknown,Unknown,Minor injury: Hospitalization up to 24 hours,429355.61,4581351.42,2.154034414,41.378737103,2023-06-13 19:00:00
2023S003525    ,Sant Andreu,Sant Andreu,Andana de l'Estació,Tuesday,2023,6,June,13,Afternoon,,Not caused by the pedestrian,Car,Man,28,Driver,Desconegut,Unknown,Commuting,Minor injury: Hospitalization up to 24 hours,432818.3,4588818.39,2.194611343,41.446286704,2023-06-13 21:00:00
2023S003528    ,Sants-Montjuïc,Hostafrancs,Farell,Wednesday,2023,6,June,14,Night,,Not caused by the pedestrian,Veh. mobilitat personal amb motor,Man,26,Driver,Desconegut,Unknown,Leisure and entertainment,Minor injury: Hospitalization up to 24 hours,428569.47,4580580.96,2.144724749,41.371728391,2023-06-14 02:00:00
2023S003529    ,Ciutat Vella,el Raval,Litoral (Llobregat),Wednesday,2023,6,June,14,Morning,,Not caused by the pedestrian,Motorcycle,Woman,30,Passenger,Desconegut,Unknown,Unknown,Minor injury: Medical assistance at accident site,431213.91,4580892.22,2.176307867,41.374762308,2023-06-14 08:00:00
2023S003530    ,Sant Martí,el Camp de l'Arpa del Clot,Còrsega,Wednesday,2023,6,June,14,Morning,,Not caused by the pedestrian,Motorcycle,Man,29,Driver,Desconegut,Unknown,Leisure and entertainment,Minor injury: Medical assistance at accident site,431466.56,4584937.05,2.178870867,41.411214488,2023-06-14 08:00:00
2023S003532    ,Sant Martí,el Besòs i el Maresme,C-31,Wednesday,2023,6,June,14,Morning,,Not caused by the pedestrian,Motorcycle,Man,21,Driver,Desconegut,Unknown,Commuting,Minor injury: Hospitalization up to 24 hours,434220.18,4586088.06,2.211689717,41.42181156,2023-06-14 08:00:00
2023S003534    ,Sants-Montjuïc,Hostafrancs,Corts Catalanes,Wednesday,2023,6,June,14,Morning,,Not caused by the pedestrian,Motorcycle,Woman,56,Driver,Desconegut,Unknown,Commuting,Minor injury: Hospitalization up to 24 hours,428699.37,4580743.38,2.146258787,41.373202779,2023-06-14 09:00:00
2023S003535    ,Sants-Montjuïc,el Poble-sec,Litoral (Llobregat),Wednesday,2023,6,June,14,Morning,,Not caused by the pedestrian,"Camió rígid > 3,5 tones",Woman,50,Passenger,Desconegut,Unknown,Unknown,Minor injury: Hospitalization up to 24 hours,430787.85,4579915.79,2.171324927,41.365931318,2023-06-14 13:00:00
2023S003536    ,Sarrià-Sant Gervasi,Sant Gervasi - la Bonanova,General Mitre,Wednesday,2023,6,June,14,Morning,,Not caused by the pedestrian,Bus,Woman,78,Passenger,Desconegut,Unknown,Unknown,Minor injury: Hospitalization up to 24 hours,427725.91,4583693.72,2.134267204,41.399688484,2023-06-14 11:00:00
2023S003537    ,Sants-Montjuïc,la Marina de Port,Mineria,Tuesday,2023,6,June,13,Afternoon,,Not caused by the pedestrian,Car,Woman,27,Driver,Desconegut,Unknown,Commuting,Minor injury: Refused medical assistance,427875.3,4579689.31,2.136531021,41.36363567,2023-06-13 19:00:00
2023S003538    ,Sarrià-Sant Gervasi,Sant Gervasi - Galvany,Diagonal,Wednesday,2023,6,June,14,Afternoon,,Not caused by the pedestrian,Motorcycle,Woman,52,Driver,Desconegut,Unknown,Unknown,Minor injury: Hospitalization up to 24 hours,428860.06,4583006.33,2.14791429,41.393598614,2023-06-14 14:00:00
2023S003539    ,Unknown,Unknown,Unknown,Wednesday,2023,6,June,14,Afternoon,,Not caused by the pedestrian,Ciclomotor,Man,19,Driver,Desconegut,Unknown,Commuting,Minor injury: Hospitalization up to 24 hours,432551.24,4589587.56,2.191328589,41.453191941,2023-06-14 14:00:00
2023S003540    ,Sants-Montjuïc,el Poble-sec,Estadi,Wednesday,2023,6,June,14,Afternoon,,Not caused by the pedestrian,Motorcycle,Man,68,Driver,Desconegut,Unknown,Leisure and entertainment,Minor injury: Hospitalization up to 24 hours,429542.24,4579962.72,2.156427585,41.366245885,2023-06-14 16:00:00
2023S003541    ,Sants-Montjuïc,la Marina del Prat Vermell,Número 6 Zona Franca,Wednesday,2023,6,June,14,Morning,,Not caused by the pedestrian,Car,Woman,55,Passenger,Desconegut,Unknown,Unknown,Minor injury: Hospitalization up to 24 hours,427304.44,4575152.36,2.130249906,41.322721465,2023-06-14 13:00:00
2023S003542    ,Sants-Montjuïc,la Marina del Prat Vermell,Longitudinal 7,Wednesday,2023,6,June,14,Morning,,Not caused by the pedestrian,Altres vehicles amb motor,Man,29,Driver,Desconegut,Unknown,Transport professional de mercaderies,Minor injury: Hospitalization up to 24 hours,426455.48,4575991.16,2.120005404,41.330199229,2023-06-14 11:00:00
2023S003543    ,Sant Andreu,la Sagrera,Meridiana,Wednesday,2023,6,June,14,Afternoon,,Not caused by the pedestrian,Motorcycle,Woman,60,Driver,Desconegut,Unknown,Unknown,Minor injury: Hospitalization up to 24 hours,432175.59,4586026.52,2.187231385,41.42108719,2023-06-14 17:00:00
2023S003544    ,Sant Andreu,Navas,Meridiana,Wednesday,2023,6,June,14,Afternoon,,Not caused by the pedestrian,Motorcycle,Man,32,Driver,Desconegut,Unknown,Unknown,Minor injury: Hospitalization up to 24 hours,432169.27,4585411.48,2.187224775,41.415547182,2023-06-14 16:00:00
2023S003545    ,Les Corts,les Corts,Corts,Wednesday,2023,6,June,14,Afternoon,,Not caused by the pedestrian,Motorcycle,Woman,66,Driver,Desconegut,Unknown,Unknown,Minor injury: Hospitalization up to 24 hours,428101.0,4582507.88,2.138894751,41.389041726,2023-06-14 17:00:00
2023S003546    ,Eixample,l'Antiga Esquerra de l'Eixample,Muntaner,Wednesday,2023,6,June,14,Afternoon,,Not caused by the pedestrian,Motorcycle,Woman,79,Passenger,Desconegut,Unknown,Unknown,Minor injury: Hospitalization up to 24 hours,429957.74,4582091.1,2.16114904,41.385451838,2023-06-14 18:00:00
2023S003547    ,Eixample,l'Antiga Esquerra de l'Eixample,Casanova,Wednesday,2023,6,June,14,Afternoon,,Not caused by the pedestrian,Ciclomotor,Woman,19,Passenger,Desconegut,Unknown,Unknown,Minor injury: Medical assistance at accident site,429170.51,4582688.11,2.151664673,41.390759935,2023-06-14 17:00:00
2023S003548    ,Sants-Montjuïc,la Marina del Prat Vermell,Litoral (Llobregat),Wednesday,2023,6,June,14,Afternoon,,Not caused by the pedestrian,Motorcycle,Man,46,Driver,Desconegut,Unknown,Unknown,Minor injury: Hospitalization up to 24 hours,427389.94,4577429.38,2.1309991,41.343237595,2023-06-14 18:00:00
2023S003549    ,Sants-Montjuïc,la Marina del Prat Vermell,A Zona Franca,Wednesday,2023,6,June,14,Morning,,Not caused by the pedestrian,Veh. mobilitat personal amb motor,Man,56,Driver,Desconegut,Unknown,Commuting,Minor injury: Refused medical assistance,428220.43,4576735.0,2.141006639,41.33705798,2023-06-14 06:00:00
2023S003551    ,Eixample,la Nova Esquerra de l'Eixample,Provença,Wednesday,2023,6,June,14,Afternoon,,Crossing outside the pedestrian crossing,Veh. mobilitat personal amb motor,Man,72,Pedestrian,Fora del pas,Unknown,Unknown,Minor injury: Hospitalization up to 24 hours,428765.9,4581898.6,2.146918421,41.383613347,2023-06-14 17:00:00
2023S003553    ,Gràcia,Vallcarca i els Penitents,Vallcarca,Wednesday,2023,6,June,14,Morning,,Not caused by the pedestrian,Motorcycle,Man,30,Driver,Desconegut,Unknown,Commuting,Minor injury: Refused medical assistance,428292.71,4585805.75,2.140796638,41.418761461,2023-06-14 13:00:00
2023S003554    ,Eixample,l'Antiga Esquerra de l'Eixample,Rosselló,Wednesday,2023,6,June,14,Night,,Disobeying the traffic light signal,Motorcycle,Woman,29,Driver,Desconegut,Unknown,Leisure and entertainment,Minor injury: Hospitalization up to 24 hours,429073.81,4582402.87,2.150541557,41.388182352,2023-06-14 22:00:00
2023S003555    ,Sant Andreu,Navas,Meridiana,Wednesday,2023,6,June,14,Night,,Not caused by the pedestrian,Veh. mobilitat personal amb motor,Man,17,Driver,En pas regulat per semàfor,Unknown,Leisure and entertainment,Minor injury: Medical assistance at accident site,432141.03,4585382.64,2.186890129,41.415285043,2023-06-14 22:00:00
2023S003556    ,Sarrià-Sant Gervasi,Sant Gervasi - Galvany,General Mitre,Thursday,2023,6,June,15,Night,,Not caused by the pedestrian,Motorcycle,Man,68,Passenger,Desconegut,Unknown,Unknown,Minor injury: Hospitalization up to 24 hours,428024.3,4583999.63,2.137800038,41.402470474,2023-06-15 00:00:00
2023S003557    ,Gràcia,la Salut,Mare de Déu de la Salut,Friday,2023,6,June,2,Afternoon,,Not caused by the pedestrian,Car,Woman,21,Passenger,Desconegut,Unknown,Unknown,Minor injury: Hospitalization up to 24 hours,429830.87,4585137.97,2.159278471,41.412882884,2023-06-02 20:00:00
2023S003558    ,Eixample,la Dreta de l'Eixample,Balmes,Thursday,2023,6,June,15,Morning,,Not caused by the pedestrian,Bicicleta,Woman,42,Driver,Desconegut,Unknown,Commuting,Minor injury: Medical assistance at accident site,429743.72,4582869.41,2.158499241,41.392443146,2023-06-15 10:00:00
2023S003559    ,Sant Andreu,Navas,Meridiana,Thursday,2023,6,June,15,Morning,,Not caused by the pedestrian,Veh. mobilitat personal amb motor,Man,33,Driver,Desconegut,Unknown,Commuting,Minor injury: Hospitalization up to 24 hours,432141.03,4585382.64,2.186890129,41.415285043,2023-06-15 08:00:00
2023S003560    ,Les Corts,la Maternitat i Sant Ramon,Diagonal,Thursday,2023,6,June,15,Morning,,Not caused by the pedestrian,Motorcycle,Man,40,Driver,Desconegut,Unknown,Leisure and entertainment,Minor injury: Hospitalization up to 24 hours,426270.62,4582154.02,2.117047205,41.385688877,2023-06-15 09:00:00
2023S003561    ,Eixample,Sant Antoni,Universitat,Thursday,2023,6,June,15,Morning,,Not caused by the pedestrian,Motorcycle,Man,25,Driver,Desconegut,Unknown,Unknown,Minor injury: Hospitalization up to 24 hours,430188.77,4582031.75,2.163918789,41.384937384,2023-06-15 12:00:00