Case_Number,District_Name,Neighborhood_Name,Street_Name,Day_of_Week,Year,Month_Code,Month_Name,Day_of_Month,Shift_Description,Hour_of_Day,Pedestrian_Cause_Description,Involved_Vehicle_Type,Gender_Description,Age,Person_Type_Description,Pedestrian_Accident_Location_Description,Pedestrian_Movement_Reason_Description,Driver_Movement_Reason_Description,Victimization_Description,UTM_X_Coordinate,UTM_Y_Coordinate,Longitude,Latitude,datetime
2023S003759    ,Les Corts,les Corts,Joan Güell,Thursday,2023,6,June,22,Afternoon,,Not caused by the pedestrian,Bicicleta,Man,32,Driver,Desconegut,Unknown,Unknown,Minor injury: Medical assistance at accident site,427250.18,4582372.05,2.128735572,41.387741816,2023-06-22 17:00:00
2023S003760    ,Horta-Guinardó,el Baix Guinardó,Cartagena,Thursday,2023,6,June,22,Afternoon,,Others,Bus,Man,47,Passenger,Desconegut,Unknown,Unknown,Minor injury: Hospitalization up to 24 hours,430786.53,4585244.59,2.1706999,41.41392609,2023-06-22 17:00:00
2023S003761    ,Sant Martí,Diagonal Mar i el Front Marítim del Poblenou,Litoral (Llobregat),Thursday,2023,6,June,22,Afternoon,,Not caused by the pedestrian,Motorcycle,Man,51,Driver,Desconegut,Unknown,Unknown,Minor injury: Hospitalization up to 24 hours,434313.7,4583894.96,2.213047001,41.4020665,2023-06-22 18:00:00
2023S003762    ,Sants-Montjuïc,la Marina de Port,Mineria,Thursday,2023,6,June,22,Afternoon,,Not caused by the pedestrian,Motorcycle,Man,34,Driver,Desconegut,Unknown,Unknown,Minor injury: Hospitalization up to 24 hours,427875.3,4579689.31,2.136531021,41.36363567,2023-06-22 18:00:00
2023S003763    ,Eixample,la Dreta de l'Eixample,Corts Catalanes,Thursday,2023,6,June,22,Afternoon,,Not caused by the pedestrian,"Camió rígid <= 3,5 tones",Man,22,Driver,Desconegut,Unknown,Unknown,Minor injury: Medical assistance at accident site,431112.06,4583023.89,2.174847528,41.393952935,2023-06-22 16:00:00
2023S003764    ,Sants-Montjuïc,la Marina de Port,Marbre,Thursday,2023,6,June,22,Afternoon,,Not caused by the pedestrian,Motorcycle,Man,33,Driver,Desconegut,Unknown,Leisure and entertainment,Minor injury: Hospitalization up to 24 hours,428824.07,4579432.79,2.14790371,41.36140976,2023-06-22 19:00:00
2023S003765    ,Les Corts,la Maternitat i Sant Ramon,Diagonal,Thursday,2023,6,June,22,Afternoon,,Not caused by the pedestrian,Motorcycle,Man,60,Driver,Desconegut,Unknown,Commuting,Minor injury: Hospitalization up to 24 hours,426270.62,4582154.02,2.117047205,41.385688877,2023-06-22 19:00:00
2023S003766    ,Sarrià-Sant Gervasi,Sant Gervasi - la Bonanova,Marquesa de Vilallonga,Friday,2023,6,June,23,Morning,,Not caused by the pedestrian,Car,Woman,43,Driver,Desconegut,Unknown,Commuting,Minor injury: Medical assistance at accident site,427002.51,4584538.16,2.125512308,41.407228607,2023-06-23 09:00:00
2023S003768    ,Eixample,la Sagrada Família,Castillejos,Friday,2023,6,June,23,Morning,,Not caused by the pedestrian,Bicicleta,Man,49,Driver,Desconegut,Unknown,Commuting,Minor injury: Hospitalization up to 24 hours,431647.55,4584174.64,2.181122366,41.404363118,2023-06-23 09:00:00
2023S003769    ,Horta-Guinardó,el Baix Guinardó,Sardenya,Friday,2023,6,June,23,Morning,,Not caused by the pedestrian,Furgoneta,Man,48,Driver,Desconegut,Unknown,On a mission,Minor injury: Hospitalization up to 24 hours,430048.75,4585148.94,2.161883941,41.413000691,2023-06-23 11:00:00
2023S003770    ,Gràcia,el Camp d'en Grassot i Gràcia Nova,Providència,Friday,2023,6,June,23,Morning,,Not caused by the pedestrian,Motorcycle,Man,21,Driver,Desconegut,Unknown,Leisure and entertainment,Minor injury: Medical assistance at accident site,430217.78,4584868.03,2.163938654,41.410485336,2023-06-23 12:00:00
2023S003771    ,Sarrià-Sant Gervasi,Sant Gervasi - Galvany,Augusta,Friday,2023,6,June,23,Morning,,Not caused by the pedestrian,Motorcycle,Man,40,Driver,Desconegut,Unknown,Unknown,Minor injury: Hospitalization up to 24 hours,427815.43,4583480.39,2.135363454,41.397775152,2023-06-23 12:00:00
2023S003772    ,Les Corts,les Corts,Diagonal,Thursday,2023,6,June,22,Afternoon,,Not caused by the pedestrian,Bicicleta,Man,34,Driver,Desconegut,Unknown,Unknown,Minor injury: Hospitalization up to 24 hours,427575.97,4582577.49,2.13260725,41.389621548,2023-06-22 17:00:00
2023S003773    ,Eixample,la Nova Esquerra de l'Eixample,Calàbria,Friday,2023,6,June,23,Morning,,Not caused by the pedestrian,Autobús articulat,Woman,39,Passenger,Desconegut,Unknown,Unknown,Minor injury: Hospitalization up to 24 hours,428973.69,4581930.81,2.149399541,41.383921833,2023-06-23 13:00:00
2023S003774    ,Eixample,la Dreta de l'Eixample,Bruc,Thursday,2023,6,June,22,Afternoon,,Not caused by the pedestrian,Motorcycle,Woman,26,Driver,Desconegut,Unknown,Unknown,Minor injury: Medical assistance at accident site,430499.78,4583238.78,2.167499581,41.395835671,2023-06-22 20:00:00
2023S003775    ,Sant Andreu,el Bon Pastor,Claramunt,Friday,2023,6,June,23,Afternoon,,Not caused by the pedestrian,Motorcycle,Man,29,Driver,Desconegut,Unknown,Commuting,Minor injury: Hospitalization up to 24 hours,433682.27,4587764.69,2.20506911,41.436868236,2023-06-23 14:00:00
2023S003777    ,Sant Andreu,la Sagrera,Gran de la Sagrera,Friday,2023,6,June,23,Morning,,Not caused by the pedestrian,Bus,Woman,62,Passenger,Desconegut,Unknown,Unknown,Minor injury: Hospitalization up to 24 hours,432490.18,4586081.68,2.190989512,41.421610509,2023-06-23 13:00:00
2023S003778    ,Sants-Montjuïc,la Marina del Prat Vermell,Litoral (Besòs),Friday,2023,6,June,23,Afternoon,,Not caused by the pedestrian,Motorcycle,Man,51,Driver,Desconegut,Unknown,Leisure and entertainment,Minor injury: Medical assistance at accident site,429275.46,4578334.55,2.153428002,41.351558031,2023-06-23 14:00:00
2023S003779    ,Horta-Guinardó,el Guinardó,Maragall,Friday,2023,6,June,23,Morning,,Not caused by the pedestrian,Furgoneta,Man,58,Driver,Desconegut,Unknown,Leisure and entertainment,Minor injury: Hospitalization up to 24 hours,431589.7,4585694.93,2.180258345,41.418050967,2023-06-23 13:00:00
2023S003780    ,Sarrià-Sant Gervasi,Sant Gervasi - Galvany,Santaló,Friday,2023,6,June,23,Afternoon,,Not caused by the pedestrian,Motorcycle,Man,50,Driver,Desconegut,Unknown,Unknown,Serious injury: Hospitalization over 24 hours,428321.73,4583627.94,2.141401966,41.399149393,2023-06-23 19:00:00
2023S003781    ,Sant Martí,el Poblenou,Rere el Cementiri Vell,Friday,2023,6,June,23,Morning,,Not caused by the pedestrian,Bicicleta,Woman,26,Driver,Desconegut,Unknown,Unknown,Minor injury: Hospitalization up to 24 hours,433537.2,4583357.78,2.203817317,41.397164398,2023-06-23 11:00:00
2023S003783    ,Eixample,la Dreta de l'Eixample,Diagonal,Friday,2023,6,June,23,Afternoon,,Not caused by the pedestrian,Motorcycle,Man,38,Driver,Desconegut,Unknown,Unknown,Minor injury: Refused medical assistance,430033.16,4583412.55,2.161898257,41.397360273,2023-06-23 15:00:00
2023S003784    ,Les Corts,les Corts,Diagonal,Friday,2023,6,June,23,Afternoon,,Not caused by the pedestrian,Motorcycle,Woman,53,Driver,Desconegut,Unknown,Unknown,Minor injury: Hospitalization up to 24 hours,427954.95,4582701.1,2.137125048,41.390768909,2023-06-23 16:00:00
2023S003785    ,Sants-Montjuïc,la Marina del Prat Vermell,Motors,Friday,2023,6,June,23,Afternoon,,Not caused by the pedestrian,Motorcycle,Man,39,Driver,Desconegut,Unknown,Unknown,Minor injury: Hospitalization up to 24 hours,428972.49,4578427.53,2.149795763,41.352368799,2023-06-23 14:00:00
2023S003786    ,Sant Martí,el Poblenou,Litoral (Llobregat),Saturday,2023,6,June,24,Night,,Not caused by the pedestrian,Motorcycle,Man,53,Passenger,Desconegut,Unknown,Unknown,Minor injury: Hospitalization up to 24 hours,433443.3,4582903.44,2.202744112,41.393064496,2023-06-24 01:00:00
2023S003787    ,Sant Andreu,Navas,Felip II,Saturday,2023,6,June,24,Night,,Not caused by the pedestrian,Motorcycle,Man,34,Driver,Desconegut,Unknown,Leisure and entertainment,Minor injury: Hospitalization up to 24 hours,432373.63,4585694.71,2.189638193,41.418115382,2023-06-24 02:00:00
2023S003788    ,Ciutat Vella,"Sant Pere, Santa Caterina i la Ribera",Marquès de l'Argentera,Saturday,2023,6,June,24,Night,,Crossing outside the pedestrian crossing,Motorcycle,Man,29,Passenger,Fora del pas,Unknown,Unknown,Minor injury: Hospitalization up to 24 hours,431886.87,4581921.01,2.184238877,41.384085628,2023-06-24 04:00:00
2023S003789    ,Sant Martí,Provençals del Poblenou,Marroc,Friday,2023,6,June,23,Night,,Not caused by the pedestrian,Bicicleta,Woman,35,Pedestrian,En pas regulat per semàfor,Unknown,Unknown,Minor injury: Hospitalization up to 24 hours,433279.17,4584604.95,2.200593385,41.408375957,2023-06-23 22:00:00
2023S003790    ,Sants-Montjuïc,la Marina de Port,Foneria,Friday,2023,6,June,23,Afternoon,,Not caused by the pedestrian,Car,Woman,54,Passenger,Desconegut,Unknown,Unknown,Minor injury: Medical assistance at accident site,427961.41,4579283.71,2.137608662,41.359990281,2023-06-23 17:00:00
2023S003791    ,Ciutat Vella,el Raval,Rambla,Friday,2023,6,June,23,Afternoon,,Not caused by the pedestrian,Bicicleta,Man,32,Driver,Desconegut,Unknown,On a mission,Minor injury: Hospitalization up to 24 hours,430726.77,4581991.79,2.170357303,41.384624009,2023-06-23 19:00:00
2023S003793    ,Eixample,l'Antiga Esquerra de l'Eixample,Comte Borrell,Friday,2023,6,June,23,Afternoon,,Not caused by the pedestrian,Motorcycle,Man,51,Driver,Desconegut,Unknown,Unknown,Minor injury: Hospitalization up to 24 hours,428711.21,4582610.57,2.146180574,41.39002096,2023-06-23 18:00:00
2023S003794    ,Sant Martí,el Parc i la Llacuna del Poblenou,Bolívia,Friday,2023,6,June,23,Afternoon,,Not caused by the pedestrian,Veh. mobilitat personal amb motor,Man,33,Driver,Desconegut,Unknown,Leisure and entertainment,Minor injury: Hospitalization up to 24 hours,432130.09,4583673.45,2.186951029,41.399889949,2023-06-23 21:00:00
2023S003796    ,Sant Martí,el Clot,València,Saturday,2023,6,June,24,Morning,,Not caused by the pedestrian,Motorcycle,Woman,38,Passenger,Desconegut,Unknown,Unknown,Minor injury: Medical assistance at accident site,432363.33,4585076.1,2.189584156,41.412542881,2023-06-24 06:00:00
2023S003797    ,Eixample,el Fort Pienc,Tetuan,Saturday,2023,6,June,24,Morning,,Not caused by the pedestrian,Bus,Woman,80,Passenger,Desconegut,Unknown,Unknown,Minor injury: Hospitalization up to 24 hours,431246.5,4583153.05,2.17644085,41.395127752,2023-06-24 12:00:00
2023S003800    ,Sarrià-Sant Gervasi,Sant Gervasi - la Bonanova,Dalt (Besòs),Saturday,2023,6,June,24,Afternoon,,Not caused by the pedestrian,Car,Woman,19,Driver,Desconegut,Unknown,Other activities,Minor injury: Hospitalization up to 24 hours,427517.5,4585278.82,2.131584347,41.413946041,2023-06-24 20:00:00
2023S003801    ,Eixample,l'Antiga Esquerra de l'Eixample,Aragó,Saturday,2023,6,June,24,Night,,Not caused by the pedestrian,Ciclomotor,Man,30,Passenger,Desconegut,Unknown,Unknown,Minor injury: Hospitalization up to 24 hours,429624.41,4582179.77,2.15715242,41.386221352,2023-06-24 22:00:00
2023S003802    ,Sants-Montjuïc,la Marina del Prat Vermell,Litoral (Besòs),Sunday,2023,6,June,25,Night,,Not caused by the pedestrian,Motorcycle,Man,33,Driver,Desconegut,Unknown,Leisure and entertainment,Minor injury: Medical assistance at accident site,429644.79,4578490.83,2.157824421,41.352997967,2023-06-25 00:00:00
2023S003803    ,Sant Andreu,el Congrés i els Indians,Maragall,Saturday,2023,6,June,24,Night,,Not caused by the pedestrian,Motorcycle,Man,41,Driver,Desconegut,Unknown,Leisure and entertainment,Minor injury: Medical assistance at accident site,431599.38,4586028.74,2.180336393,41.421058309,2023-06-24 23:00:00
2023S003804    ,Nou Barris,la Prosperitat,Meridiana,Sunday,2023,6,June,25,Night,,Not caused by the pedestrian,Car,Man,23,Driver,Desconegut,Unknown,Unknown,Minor injury: Hospitalization up to 24 hours,432110.09,4588605.39,2.186157797,41.444308672,2023-06-25 05:00:00
2023S003805    ,Gràcia,el Camp d'en Grassot i Gràcia Nova,Nàpols,Sunday,2023,6,June,25,Morning,,Not caused by the pedestrian,Motorcycle,Man,37,Driver,Desconegut,Unknown,Unknown,Minor injury: Hospitalization up to 24 hours,430682.29,4584026.66,2.169592326,41.402947614,2023-06-25 08:00:00
2023S003807    ,Sant Andreu,el Congrés i els Indians,Felip II,Sunday,2023,6,June,25,Morning,,Crossing outside the pedestrian crossing,Veh. mobilitat personal amb motor,Man,60,Pedestrian,Altres,Unknown,Unknown,Serious injury: Hospitalization over 24 hours,431698.79,4586391.02,2.181484958,41.424329707,2023-06-25 11:00:00
2023S003809    ,Sant Martí,el Parc i la Llacuna del Poblenou,Àlaba,Sunday,2023,6,June,25,Afternoon,,Not caused by the pedestrian,Bicicleta,Man,32,Driver,Desconegut,Unknown,Leisure and entertainment,Minor injury: Hospitalization up to 24 hours,432130.09,4583673.45,2.186951029,41.399889949,2023-06-25 16:00:00
2023S003811    ,Sants-Montjuïc,la Font de la Guatlla,Corts Catalanes,Sunday,2023,6,June,25,Afternoon,,Not caused by the pedestrian,Bus,Woman,21,Passenger,Desconegut,Unknown,Unknown,Minor injury: Hospitalization up to 24 hours,428805.39,4580812.36,2.147518341,41.37383345,2023-06-25 17:00:00
2023S003812    ,Sant Andreu,la Trinitat Vella,B-20 (Llobregat),Friday,2023,6,June,23,Afternoon,,Not caused by the pedestrian,Motorcycle,Woman,49,Passenger,Desconegut,Unknown,Unknown,Minor injury: Hospitalization up to 24 hours,433072.09,4589234.17,2.197603194,41.450052707,2023-06-23 17:00:00
2023S003814    ,Eixample,la Sagrada Família,Sardenya,Sunday,2023,6,June,25,Afternoon,,Not caused by the pedestrian,Motorcycle,Woman,48,Passenger,Desconegut,Unknown,Unknown,Serious injury: Hospitalization over 24 hours,431169.93,4583892.6,2.175440883,41.401782098,2023-06-25 18:00:00
2023S003816    ,Eixample,l'Antiga Esquerra de l'Eixample,Casanova,Sunday,2023,6,June,25,Afternoon,,Crossing outside the pedestrian crossing,Taxi,Man,23,Pedestrian,Fora del pas,Leisure and entertainment,Unknown,Minor injury: Hospitalization up to 24 hours,429617.35,4582247.96,2.157060061,41.386834899,2023-06-25 21:00:00
2023S003817    ,Horta-Guinardó,el Guinardó,Guinardó,Monday,2023,6,June,26,Morning,,Not caused by the pedestrian,Motorcycle,Woman,46,Driver,Desconegut,Unknown,Unknown,Minor injury: Medical assistance at accident site,430786.53,4585244.59,2.1706999,41.41392609,2023-06-26 07:00:00
2023S003818    ,Sant Martí,Diagonal Mar i el Front Marítim del Poblenou,Provençals,Monday,2023,6,June,26,Morning,,Not caused by the pedestrian,Bicicleta,Woman,68,Pedestrian,A la vorera / Andana,Unknown,Unknown,Minor injury: Medical assistance at accident site,434375.78,4584056.09,2.21377214,41.403522834,2023-06-26 07:00:00
2023S003819    ,Eixample,l'Antiga Esquerra de l'Eixample,Diputació,Sunday,2023,6,June,25,Morning,,Not caused by the pedestrian,Car,Man,56,Driver,Desconegut,Unknown,Taxi,Minor injury: Refused medical assistance,429922.08,4582109.9,2.160720404,41.385618056,2023-06-25 10:00:00
2023S003820    ,Les Corts,les Corts,Morales,Monday,2023,6,June,26,Morning,,Not caused by the pedestrian,Car,Woman,61,Driver,Desconegut,Unknown,Commuting,Minor injury: Hospitalization up to 24 hours,428327.04,4582348.35,2.141616999,41.387625082,2023-06-26 08:00:00
2023S003821    ,Eixample,la Sagrada Família,Castillejos,Monday,2023,6,June,26,Morning,,Not caused by the pedestrian,Bicicleta,Woman,46,Driver,Desconegut,Unknown,On a mission,Minor injury: Hospitalization up to 24 hours,431647.55,4584174.64,2.181122366,41.404363118,2023-06-26 07:00:00
2023S003822    ,Sarrià-Sant Gervasi,Sant Gervasi - Galvany,Madrazo,Monday,2023,6,June,26,Morning,,Not caused by the pedestrian,Car,Woman,65,Pedestrian,A la vorera / Andana,On a mission,Unknown,Serious injury: Hospitalization over 24 hours,428414.15,4583212.62,2.142556578,41.395417002,2023-06-26 11:00:00
2023S003823    ,Sarrià-Sant Gervasi,el Putxet i el Farró,Craywinckel,Monday,2023,6,June,26,Morning,,Not caused by the pedestrian,Motorcycle,Man,61,Driver,Desconegut,Unknown,Leisure and entertainment,Minor injury: Medical assistance at accident site,428075.42,4584981.77,2.138294757,41.411320787,2023-06-26 11:00:00
2023S003824    ,Sants-Montjuïc,la Marina de Port,Mare de Déu de Port,Monday,2023,6,June,26,Morning,,Not caused by the pedestrian,Car,Woman,71,Passenger,Desconegut,Unknown,Unknown,Minor injury: Hospitalization up to 24 hours,428458.71,4579056.19,2.143580406,41.357985444,2023-06-26 12:00:00
2023S003825    ,Horta-Guinardó,la Teixonera,Santa Rosalia,Monday,2023,6,June,26,Morning,,Not caused by the pedestrian,Motorcycle,Man,44,Pedestrian,En pas sense regular,Leisure and entertainment,Unknown,Minor injury: Hospitalization up to 24 hours,429011.66,4586341.88,2.149336008,41.423654042,2023-06-26 13:00:00
2023S003826    ,Les Corts,les Corts,Guitard,Monday,2023,6,June,26,Morning,,Not caused by the pedestrian,Motorcycle,Man,50,Driver,A la vorera / Andana,Unknown,Unknown,Minor injury: Hospitalization up to 24 hours,427899.25,4581967.38,2.136546251,41.384155578,2023-06-26 08:00:00
2023S003828    ,Gràcia,la Salut,Rabassa,Monday,2023,6,June,26,Afternoon,,Not caused by the pedestrian,Ciclomotor,Man,19,Driver,Desconegut,Unknown,Unknown,Minor injury: Medical assistance at accident site,429562.08,4584770.9,2.156105399,41.409553295,2023-06-26 14:00:00
2023S003829    ,Eixample,la Nova Esquerra de l'Eixample,Josep Tarradellas,Monday,2023,6,June,26,Morning,,Not caused by the pedestrian,Bus,Woman,43,Passenger,Desconegut,Unknown,Unknown,Minor injury: Hospitalization up to 24 hours,428499.73,4582666.13,2.143644741,41.390502587,2023-06-26 13:00:00
2023S003830    ,Eixample,l'Antiga Esquerra de l'Eixample,Aragó,Monday,2023,6,June,26,Afternoon,,Not caused by the pedestrian,Bicicleta,Man,57,Driver,Desconegut,Unknown,Unknown,Minor injury: Medical assistance at accident site,429544.56,4582114.92,2.156205024,41.385630276,2023-06-26 14:00:00
2023S003831    ,Sant Martí,el Clot,Meridiana,Monday,2023,6,June,26,Afternoon,,Not caused by the pedestrian,Motorcycle,Man,43,Driver,Desconegut,Unknown,Unknown,Minor injury: Hospitalization up to 24 hours,432140.24,4585237.32,2.186896987,41.413976124,2023-06-26 14:00:00
2023S003833    ,Eixample,l'Antiga Esquerra de l'Eixample,Provença,Monday,2023,6,June,26,Afternoon,,Not caused by the pedestrian,Bicicleta,Man,36,Driver,Desconegut,Unknown,Commuting,Minor injury: Hospitalization up to 24 hours,429361.23,4582493.6,2.153968384,41.389024832,2023-06-26 16:00:00
2023S003834    ,Gràcia,la Salut,Dalt,Monday,2023,6,June,26,Afternoon,,Not caused by the pedestrian,Bus,Woman,56,Passenger,Desconegut,Unknown,Unknown,Minor injury: Hospitalization up to 24 hours,429556.49,4584841.33,2.156030319,41.410187142,2023-06-26 15:00:00
2023S003835    ,Sants-Montjuïc,Sants,Tarragona,Sunday,2023,6,June,25,Afternoon,,Not caused by the pedestrian,Motorcycle,Man,26,Driver,Desconegut,Unknown,Unknown,Minor injury: Refused medical assistance,428426.74,4581528.37,2.142906267,41.380248698,2023-06-25 19:00:00
2023S003836    ,Sant Martí,Provençals del Poblenou,Pere IV,Monday,2023,6,June,26,Afternoon,,Not caused by the pedestrian,Veh. mobilitat personal amb motor,Woman,27,Driver,Desconegut,Unknown,Commuting,Minor injury: Hospitalization up to 24 hours,433691.38,4585154.54,2.205464557,41.413360102,2023-06-26 16:00:00
2023S003837    ,Sarrià-Sant Gervasi,Sant Gervasi - Galvany,Madrazo,Monday,2023,6,June,26,Afternoon,,Not caused by the pedestrian,Motorcycle,Woman,45,Pedestrian,En pas sense regular,Commuting,Unknown,Minor injury: Medical assistance at accident site,428735.41,4583533.67,2.146361315,41.398337129,2023-06-26 14:00:00
2023S003838    ,Sarrià-Sant Gervasi,Sant Gervasi - la Bonanova,Isaac Newton,Monday,2023,6,June,26,Afternoon,,Not caused by the pedestrian,Motorcycle,Man,39,Driver,Desconegut,Unknown,Unknown,Minor injury: Hospitalization up to 24 hours,427446.46,4585212.61,2.130742354,41.413343302,2023-06-26 18:00:00
2023S003839    ,Horta-Guinardó,el Carmel,Montserrat de Casanovas,Monday,2023,6,June,26,Afternoon,,Not caused by the pedestrian,Motorcycle,Man,28,Driver,Desconegut,Unknown,Unknown,Minor injury: Hospitalization up to 24 hours,429767.57,4586344.35,2.158380988,41.423742763,2023-06-26 16:00:00
2023S003840    ,Eixample,la Sagrada Família,València,Monday,2023,6,June,26,Afternoon,,Not caused by the pedestrian,Bicicleta,Man,27,Driver,Desconegut,Unknown,On a mission,Minor injury: Hospitalization up to 24 hours,431648.21,4584360.13,2.181109301,41.406033826,2023-06-26 19:00:00
2023S003841    ,Eixample,el Fort Pienc,Aragó,Monday,2023,6,June,26,Afternoon,,Not caused by the pedestrian,Motorcycle,Woman,33,Driver,Desconegut,Unknown,Leisure and entertainment,Minor injury: Hospitalization up to 24 hours,431071.21,4583612.42,2.174291902,41.399250142,2023-06-26 18:00:00
2023S003842    ,Eixample,la Dreta de l'Eixample,Corts Catalanes,Monday,2023,6,June,26,Afternoon,,Not caused by the pedestrian,Motorcycle,Man,38,Driver,Desconegut,Unknown,Unknown,Minor injury: Hospitalization up to 24 hours,431076.53,4583033.4,2.174421483,41.394035543,2023-06-26 17:00:00
2023S003843    ,Eixample,l'Antiga Esquerra de l'Eixample,Balmes,Monday,2023,6,June,26,Afternoon,,Not caused by the pedestrian,Ciclomotor,Man,24,Driver,Desconegut,Unknown,Leisure and entertainment,Minor injury: Hospitalization up to 24 hours,429570.7,4583031.43,2.15641101,41.393887263,2023-06-26 15:00:00
2023S003844    ,Eixample,la Dreta de l'Eixample,Nàpols,Monday,2023,6,June,26,Afternoon,,Not caused by the pedestrian,Motorcycle,Man,50,Driver,Desconegut,Unknown,Unknown,Serious injury: Hospitalization over 24 hours,431198.29,4583466.96,2.175828527,41.397950918,2023-06-26 20:00:00
2023S003845    ,Eixample,el Fort Pienc,Alí Bei,Monday,2023,6,June,26,Afternoon,,Crossing outside the pedestrian crossing,Veh. mobilitat personal amb motor,Woman,65,Pedestrian,Fora del pas,Unknown,Unknown,Minor injury: Hospitalization up to 24 hours,431881.49,4583222.51,2.184028089,41.395807427,2023-06-26 16:00:00
2023S003846    ,Sants-Montjuïc,el Poble-sec,Rius i Taulet,Monday,2023,6,June,26,Afternoon,,Not caused by the pedestrian,Ciclomotor,Woman,26,Driver,Desconegut,Unknown,Unknown,Minor injury: Hospitalization up to 24 hours,429128.42,4580567.28,2.151409448,41.37165462,2023-06-26 17:00:00
2023S003848    ,Sarrià-Sant Gervasi,les Tres Torres,Sarrià,Tuesday,2023,6,June,27,Morning,,Not caused by the pedestrian,Motorcycle,Man,36,Driver,Desconegut,Unknown,Commuting,Minor injury: Medical assistance at accident site,427507.88,4582876.67,2.131757084,41.392310007,2023-06-27 08:00:00
2023S003849    ,Eixample,l'Antiga Esquerra de l'Eixample,Muntaner,Tuesday,2023,6,June,27,Morning,,Not caused by the pedestrian,Bicicleta,Man,24,Driver,Desconegut,Unknown,On a mission,Minor injury: Hospitalization up to 24 hours,429456.18,4582587.71,2.155092993,41.389880787,2023-06-27 09:00:00
2023S003850    ,Eixample,l'Antiga Esquerra de l'Eixample,Comte d'Urgell,Tuesday,2023,6,June,27,Morning,,Not caused by the pedestrian,Motorcycle,Man,34,Driver,Desconegut,Unknown,Unknown,Minor injury: Hospitalization up to 24 hours,429634.84,4581829.77,2.157317825,41.383069929,2023-06-27 10:00:00
2023S003851    ,Eixample,la Dreta de l'Eixample,Corts Catalanes,Tuesday,2023,6,June,27,Morning,,Not caused by the pedestrian,Motorcycle,Man,44,Driver,Desconegut,Unknown,On a mission,Minor injury: Refused medical assistance,430973.07,4582896.51,2.173199642,41.392793737,2023-06-27 12:00:00
2023S003852    ,Eixample,la Dreta de l'Eixample,Catalunya,Tuesday,2023,6,June,27,Morning,,Not caused by the pedestrian,Bus,Man,72,Passenger,Desconegut,Unknown,Unknown,Serious injury: Hospitalization over 24 hours,430704.97,4582088.39,2.170085544,41.385492178,2023-06-27 11:00:00
2023S003853    ,Sants-Montjuïc,Sants,Sant Antoni,Monday,2023,6,June,26,Morning,,Not caused by the pedestrian,Veh. mobilitat personal amb motor,Man,47,Driver,Desconegut,Unknown,Unknown,Minor injury: Hospitalization up to 24 hours,428249.82,4581449.84,2.14079995,41.379525641,2023-06-26 13:00:00
2023S003854    ,Sarrià-Sant Gervasi,el Putxet i el Farró,General Mitre,Tuesday,2023,6,June,27,Morning,,Not caused by the pedestrian,Motorcycle,Man,50,Driver,Desconegut,Unknown,Unknown,Minor injury: Hospitalization up to 24 hours,428875.94,4584366.28,2.147944371,41.405848584,2023-06-27 13:00:00
2023S003855    ,Eixample,la Nova Esquerra de l'Eixample,Sarrià,Tuesday,2023,6,June,27,Morning,,Not caused by the pedestrian,Motorcycle,Woman,51,Driver,Desconegut,Unknown,Unknown,Minor injury: Hospitalization up to 24 hours,428532.84,4582644.74,2.14404326,41.390312879,2023-06-27 13:00:00
2023S003856    ,Sarrià-Sant Gervasi,Sant Gervasi - Galvany,Diagonal,Thursday,2023,6,June,29,Morning,,Not caused by the pedestrian,Veh. mobilitat personal amb motor,Man,33,Pedestrian,En zona peatonal,Leisure and entertainment,Unknown,Minor injury: Medical assistance at accident site,427948.61,4582755.86,2.137042705,41.391261543,2023-06-29 08:00:00
2023S003857    ,Eixample,l'Antiga Esquerra de l'Eixample,Diagonal,Tuesday,2023,6,June,27,Morning,,Not caused by the pedestrian,Bicicleta,Woman,67,Pedestrian,En pas regulat per semàfor,Unknown,Unknown,Minor injury: Hospitalization up to 24 hours,429099.58,4583056.44,2.150773206,41.394071101,2023-06-27 13:00:00
2023S003858    ,Sant Martí,el Poblenou,Taulat,Tuesday,2023,6,June,27,Afternoon,,Not caused by the pedestrian,Bicicleta,Man,19,Driver,Desconegut,Unknown,Leisure and entertainment,Minor injury: Hospitalization up to 24 hours,433720.21,4583628.35,2.205976727,41.399616472,2023-06-27 16:00:00
2023S003859    ,Nou Barris,la Guineueta,Verdum,Tuesday,2023,6,June,27,Afternoon,,Not caused by the pedestrian,Bus,Woman,55,Passenger,Desconegut,Unknown,Unknown,Minor injury: Hospitalization up to 24 hours,431088.86,4587892.3,2.174015135,41.437799078,2023-06-27 16:00:00
2023S003860    ,Horta-Guinardó,Montbau,Dalt (Besòs),Tuesday,2023,6,June,27,Morning,,Not caused by the pedestrian,Autobús articulat,Woman,58,Passenger,Desconegut,Unknown,Unknown,Minor injury: Hospitalization up to 24 hours,428523.77,4586830.8,2.143440071,41.428014255,2023-06-27 13:00:00
2023S003861    ,Sants-Montjuïc,la Marina de Port,Zona Franca,Tuesday,2023,6,June,27,Afternoon,,Not caused by the pedestrian,Car,Woman,44,Passenger,Desconegut,Unknown,Unknown,Minor injury: Medical assistance at accident site,427961.38,4579479.03,2.137585096,41.36174946,2023-06-27 18:00:00
2023S003862    ,Sant Andreu,Sant Andreu,Dalt (Llobregat),Tuesday,2023,6,June,27,Afternoon,,Not caused by the pedestrian,Furgoneta,Woman,49,Driver,Desconegut,Unknown,Unknown,Minor injury: Medical assistance at accident site,432719.94,4588904.37,2.193424358,41.447052854,2023-06-27 16:00:00