Case_Number,District_Name,Neighborhood_Name,Street_Name,Day_of_Week,Year,Month_Code,Month_Name,Day_of_Month,Shift_Description,Hour_of_Day,Pedestrian_Cause_Description,Involved_Vehicle_Type,Gender_Description,Age,Person_Type_Description,Pedestrian_Accident_Location_Description,Pedestrian_Movement_Reason_Description,Driver_Movement_Reason_Description,Victimization_Description,UTM_X_Coordinate,UTM_Y_Coordinate,Longitude,Latitude,datetime
2023S004062    ,Nou Barris,Vilapicina i la Torre Llobeta,Escòcia,Wednesday,2023,7,July,5,Morning,,Not caused by the pedestrian,Autobús articulat,Woman,25,Passenger,Desconegut,Unknown,Unknown,Minor injury: Hospitalization up to 24 hours,431721.81,4586871.37,2.181706144,41.428658016,2023-07-05 10:00:00
2023S004063    ,Eixample,el Fort Pienc,Diputació,Wednesday,2023,7,July,5,Morning,,Not caused by the pedestrian,Motorcycle,Man,53,Driver,Desconegut,Unknown,Commuting,Minor injury: Hospitalization up to 24 hours,431259.15,4583419.25,2.176561918,41.397526417,2023-07-05 08:00:00
2023S004064    ,Sant Andreu,el Bon Pastor,Potosí,Wednesday,2023,7,July,5,Morning,,Not caused by the pedestrian,Motorcycle,Woman,40,Driver,Desconegut,Unknown,Unknown,Minor injury: Hospitalization up to 24 hours,433272.5,4588446.56,2.200089375,41.442975657,2023-07-05 12:00:00
2023S004065    ,Ciutat Vella,la Barceloneta,Doctor Aiguader,Tuesday,2023,7,July,4,Morning,,Not caused by the pedestrian,Motorcycle,Woman,43,Driver,Desconegut,Unknown,Unknown,Minor injury: Hospitalization up to 24 hours,432117.27,4581710.08,2.187017852,41.382205321,2023-07-04 12:00:00
2023S004066    ,Sant Andreu,el Bon Pastor,Potosí,Wednesday,2023,7,July,5,Morning,,Not caused by the pedestrian,Car,Woman,73,Driver,Desconegut,Unknown,Leisure and entertainment,Minor injury: Hospitalization up to 24 hours,433617.45,4588466.59,2.204216139,41.443184674,2023-07-05 11:00:00
2023S004067    ,Eixample,la Nova Esquerra de l'Eixample,Aragó,Wednesday,2023,7,July,5,Morning,,Not caused by the pedestrian,Furgoneta,Woman,64,Pedestrian,A la vorera / Andana,Unknown,Unknown,Minor injury: Hospitalization up to 24 hours,429208.44,4581802.53,2.152221856,41.38278716,2023-07-05 13:00:00
2023S004068    ,Ciutat Vella,"Sant Pere, Santa Caterina i la Ribera",Laietana,Wednesday,2023,7,July,5,Morning,,Crossing outside the pedestrian crossing,Bicicleta,Woman,57,Pedestrian,Fora del pas,Unknown,Unknown,Minor injury: Hospitalization up to 24 hours,431223.53,4582103.74,2.176285322,41.385674958,2023-07-05 12:00:00
2023S004069    ,Les Corts,les Corts,Diagonal,Wednesday,2023,7,July,5,Morning,,Not caused by the pedestrian,Motorcycle,Man,47,Driver,Desconegut,Unknown,On a mission,Minor injury: Hospitalization up to 24 hours,428484.44,4582839.4,2.143441403,41.392061806,2023-07-05 12:00:00
2023S004070    ,Horta-Guinardó,el Carmel,Llobregós,Wednesday,2023,7,July,5,Morning,,Not caused by the pedestrian,Bus,Woman,40,Passenger,Desconegut,Unknown,Unknown,Minor injury: Hospitalization up to 24 hours,429523.04,4586381.1,2.155450636,41.42405233,2023-07-05 10:00:00
2023S004071    ,Eixample,l'Antiga Esquerra de l'Eixample,Corts Catalanes,Wednesday,2023,7,July,5,Morning,,Not caused by the pedestrian,Veh. mobilitat personal amb motor,Man,31,Driver,Desconegut,Unknown,Leisure and entertainment,Minor injury: Hospitalization up to 24 hours,430025.03,4582004.98,2.161963719,41.384682041,2023-07-05 13:00:00
2023S004072    ,Eixample,la Nova Esquerra de l'Eixample,Rocafort,Wednesday,2023,7,July,5,Afternoon,,Not caused by the pedestrian,Ciclomotor,Man,45,Driver,Desconegut,Unknown,Other activities,Minor injury: Hospitalization up to 24 hours,428909.27,4581807.57,2.148643625,41.382806159,2023-07-05 15:00:00
2023S004073    ,Nou Barris,la Trinitat Nova,Meridiana,Wednesday,2023,7,July,5,Afternoon,,Not caused by the pedestrian,Bus,Woman,68,Passenger,Desconegut,Unknown,Unknown,Minor injury: Hospitalization up to 24 hours,431705.66,4590778.18,2.18107088,41.463843842,2023-07-05 17:00:00
2023S004074    ,Eixample,la Dreta de l'Eixample,Diagonal,Wednesday,2023,7,July,5,Afternoon,,Not caused by the pedestrian,Veh. mobilitat personal amb motor,Woman,45,Pedestrian,En pas regulat per semàfor,Unknown,Unknown,Minor injury: Medical assistance at accident site,430420.21,4583514.23,2.166516174,41.398309675,2023-07-05 15:00:00
2023S004075    ,Sarrià-Sant Gervasi,Sarrià,Eduardo Conde,Wednesday,2023,7,July,5,Afternoon,,Not caused by the pedestrian,Furgoneta,Man,31,Passenger,Desconegut,Unknown,Unknown,Minor injury: Hospitalization up to 24 hours,426619.04,4583127.47,2.121095962,41.394488207,2023-07-05 17:00:00
2023S004076    ,Les Corts,Pedralbes,Capità Arenas,Wednesday,2023,7,July,5,Night,,Not caused by the pedestrian,Motorcycle,Woman,29,Driver,Desconegut,Unknown,Commuting,Minor injury: Medical assistance at accident site,427041.28,4582621.44,2.126207203,41.38996904,2023-07-05 22:00:00
2023S004077    ,Sants-Montjuïc,Sants,Sants,Wednesday,2023,7,July,5,Night,,Not caused by the pedestrian,Motorcycle,Man,29,Driver,Desconegut,Unknown,On a mission,Minor injury: Hospitalization up to 24 hours,427692.22,4581012.73,2.134184395,41.37553881,2023-07-05 23:00:00
2023S004078    ,Ciutat Vella,el Raval,Rambla,Wednesday,2023,7,July,5,Afternoon,,Not caused by the pedestrian,Bicicleta,Woman,29,Driver,Desconegut,Unknown,Unknown,Minor injury: Medical assistance at accident site,431043.63,4581451.19,2.174208172,41.379782216,2023-07-05 21:00:00
2023S004079    ,Sants-Montjuïc,la Marina del Prat Vermell,Litoral (Llobregat),Thursday,2023,7,July,6,Morning,,Not caused by the pedestrian,Car,Man,25,Driver,Desconegut,Unknown,On a mission,Minor injury: Hospitalization up to 24 hours,429174.43,4578325.16,2.152221502,41.351464575,2023-07-06 08:00:00
2023S004080    ,Les Corts,Pedralbes,González Tablas,Wednesday,2023,7,July,5,Morning,,Not caused by the pedestrian,Motorcycle,Woman,31,Driver,Desconegut,Unknown,Unknown,Minor injury: Refused medical assistance,425702.43,4582084.31,2.110260795,41.385008726,2023-07-05 12:00:00
2023S004081    ,Gràcia,Vallcarca i els Penitents,Lesseps,Thursday,2023,7,July,6,Morning,,Not caused by the pedestrian,Motorcycle,Man,52,Driver,Desconegut,Unknown,Unknown,Minor injury: Hospitalization up to 24 hours,429081.55,4584590.76,2.150377718,41.407888565,2023-07-06 10:00:00
2023S004082    ,Les Corts,Pedralbes,Pius XII,Sunday,2023,7,July,9,Morning,,Not caused by the pedestrian,Veh. mobilitat personal amb motor,Woman,20,Driver,Desconegut,Unknown,Unknown,Minor injury: Hospitalization up to 24 hours,426714.75,4582396.33,2.122329224,41.387911867,2023-07-09 12:00:00
2023S004083    ,Sarrià-Sant Gervasi,Sarrià,Dalt (Llobregat),Thursday,2023,7,July,6,Morning,,Not caused by the pedestrian,Car,Woman,36,Driver,Desconegut,Unknown,On a mission,Minor injury: Hospitalization up to 24 hours,426051.78,4583890.01,2.11421802,41.401304074,2023-07-06 10:00:00
2023S004084    ,Gràcia,Vallcarca i els Penitents,Mare de Déu del Coll,Thursday,2023,7,July,6,Morning,,Not caused by the pedestrian,"Camió rígid <= 3,5 tones",Man,40,Passenger,Desconegut,Unknown,Unknown,Minor injury: Hospitalization up to 24 hours,428966.48,4584780.87,2.14897879,41.409590647,2023-07-06 12:00:00
2023S004085    ,Les Corts,Pedralbes,Exèrcit,Thursday,2023,7,July,6,Afternoon,,Not caused by the pedestrian,Veh. mobilitat personal amb motor,Man,37,Driver,Desconegut,Unknown,Commuting,Minor injury: Hospitalization up to 24 hours,425831.17,4582214.66,2.11178441,41.386194618,2023-07-06 14:00:00
2023S004087    ,Gràcia,el Camp d'en Grassot i Gràcia Nova,Roger de Flor,Thursday,2023,7,July,6,Afternoon,,Not caused by the pedestrian,Bicicleta,Man,56,Driver,Desconegut,Unknown,Leisure and entertainment,Minor injury: Hospitalization up to 24 hours,430414.81,4584094.5,2.166384847,41.403535507,2023-07-06 14:00:00
2023S004088    ,Eixample,la Dreta de l'Eixample,Catalunya,Thursday,2023,7,July,6,Afternoon,,Not caused by the pedestrian,Motorcycle,Woman,51,Passenger,Desconegut,Unknown,Unknown,Minor injury: Refused medical assistance,429774.77,4583089.18,2.158845112,41.394425253,2023-07-06 16:00:00
2023S004089    ,Ciutat Vella,"Sant Pere, Santa Caterina i la Ribera",Pujades,Thursday,2023,7,July,6,Afternoon,,Not caused by the pedestrian,Bus,Man,15,Passenger,Desconegut,Unknown,Unknown,Minor injury: Hospitalization up to 24 hours,431791.37,4582425.96,2.18303992,41.38862548,2023-07-06 16:00:00
2023S004090    ,Sants-Montjuïc,la Bordeta,Corts Catalanes,Thursday,2023,7,July,6,Afternoon,,Not caused by the pedestrian,Taxi,Woman,69,Pedestrian,En pas regulat per semàfor,Unknown,Unknown,Minor injury: Hospitalization up to 24 hours,427971.19,4579992.75,2.137641329,41.36637724,2023-07-06 17:00:00
2023S004091    ,Les Corts,les Corts,Gelabert,Thursday,2023,7,July,6,Afternoon,,Not caused by the pedestrian,Veh. mobilitat personal amb motor,Woman,18,Driver,Desconegut,Unknown,Unknown,Minor injury: Hospitalization up to 24 hours,428373.73,4582403.39,2.142168873,41.388124968,2023-07-06 15:00:00
2023S004092    ,Ciutat Vella,el Raval,Hospital,Monday,2023,7,July,10,Afternoon,,Not caused by the pedestrian,Car,Woman,44,Pedestrian,Altres,On a mission,Unknown,Minor injury: Medical assistance at accident site,430759.57,4581540.06,2.170801204,41.380558235,2023-07-10 16:00:00
2023S004093    ,Sarrià-Sant Gervasi,Sant Gervasi - Galvany,Doctor Fleming,Thursday,2023,7,July,6,Afternoon,,Not caused by the pedestrian,Motorcycle,Woman,28,Driver,Desconegut,Unknown,Leisure and entertainment,Minor injury: Hospitalization up to 24 hours,427793.82,4583041.86,2.135157291,41.393823544,2023-07-06 19:00:00
2023S004094    ,Sarrià-Sant Gervasi,Sant Gervasi - Galvany,Pau Casals,Thursday,2023,7,July,6,Afternoon,,Not caused by the pedestrian,Car,Man,64,Driver,Desconegut,Unknown,Unknown,Minor injury: Hospitalization up to 24 hours,428550.72,4582946.04,2.14422154,41.393028167,2023-07-06 19:00:00
2023S004095    ,Nou Barris,les Roquetes,Dalt (Besòs),Thursday,2023,7,July,6,Night,,Not caused by the pedestrian,Veh. mobilitat personal amb motor,Woman,20,Driver,Desconegut,Unknown,Leisure and entertainment,Minor injury: Hospitalization up to 24 hours,431563.44,4588806.2,2.179591668,41.446070853,2023-07-06 22:00:00
2023S004096    ,Ciutat Vella,la Barceloneta,Marítim de la Barceloneta,Thursday,2023,7,July,6,Night,,Not caused by the pedestrian,Veh. mobilitat personal amb motor,Woman,6,Pedestrian,A la vorera / Andana,Unknown,Unknown,Minor injury: Hospitalization up to 24 hours,432802.19,4581840.92,2.195194,41.383441297,2023-07-06 23:00:00
2023S004098    ,Sant Martí,Sant Martí de Provençals,Bac de Roda,Thursday,2023,7,July,6,Night,,Not caused by the pedestrian,Motorcycle,Man,29,Driver,Desconegut,Unknown,Commuting,Minor injury: Hospitalization up to 24 hours,432792.64,4585292.45,2.194696433,41.414527519,2023-07-06 23:00:00
2023S004099    ,Sant Martí,Provençals del Poblenou,Espronceda,Thursday,2023,7,July,6,Night,,Not caused by the pedestrian,Motorcycle,Woman,44,Passenger,Desconegut,Unknown,Unknown,Serious injury: Hospitalization over 24 hours,433427.03,4584453.69,2.202378942,41.407025865,2023-07-06 23:00:00
2023S004101    ,Les Corts,la Maternitat i Sant Ramon,Diagonal,Friday,2023,7,July,7,Morning,,Not caused by the pedestrian,Motorcycle,Man,36,Driver,Desconegut,Unknown,Unknown,Minor injury: Hospitalization up to 24 hours,426649.72,4582241.36,2.121570277,41.386510186,2023-07-07 07:00:00
2023S004102    ,Sant Martí,la Verneda i la Pau,Trajana,Thursday,2023,7,July,6,Afternoon,,Not caused by the pedestrian,Motorcycle,Man,45,Driver,Desconegut,Unknown,Unknown,Minor injury: Hospitalization up to 24 hours,433501.25,4586845.07,2.203003786,41.428570514,2023-07-06 15:00:00
2023S004103    ,Eixample,la Nova Esquerra de l'Eixample,Viladomat,Friday,2023,7,July,7,Morning,,Not caused by the pedestrian,Motorcycle,Man,31,Driver,Desconegut,Unknown,On a mission,Minor injury: Refused medical assistance,428602.61,4582502.69,2.144894456,41.389039686,2023-07-07 11:00:00
2023S004104    ,Horta-Guinardó,Montbau,Dalt (Besòs),Friday,2023,7,July,7,Morning,,Not caused by the pedestrian,Motorcycle,Woman,25,Passenger,Desconegut,Unknown,Unknown,Minor injury: Medical assistance at accident site,428733.32,4587304.22,2.145891876,41.432296778,2023-07-07 08:00:00
2023S004106    ,Sarrià-Sant Gervasi,Sant Gervasi - Galvany,Gràcia,Friday,2023,7,July,7,Morning,,Not caused by the pedestrian,Motorcycle,Woman,48,Passenger,Desconegut,Unknown,Unknown,Minor injury: Hospitalization up to 24 hours,428957.41,4583232.07,2.14905215,41.395640383,2023-07-07 13:00:00
2023S004107    ,Sant Andreu,Sant Andreu,Gran de Sant Andreu,Friday,2023,7,July,7,Morning,,Not caused by the pedestrian,Car,Woman,69,Pedestrian,En pas regulat per semàfor,Unknown,Unknown,Minor injury: Hospitalization up to 24 hours,432284.1,4588345.48,2.18826984,41.441982458,2023-07-07 11:00:00
2023S004108    ,Sant Martí,el Parc i la Llacuna del Poblenou,Àlaba,Friday,2023,7,July,7,Morning,,Not caused by the pedestrian,Veh. mobilitat personal amb motor,Man,39,Pedestrian,Altres,Unknown,Unknown,Minor injury: Hospitalization up to 24 hours,432660.94,4583321.45,2.193340128,41.396764239,2023-07-07 08:00:00
2023S004109    ,Eixample,la Dreta de l'Eixample,Sant Joan,Friday,2023,7,July,7,Morning,,Not caused by the pedestrian,Motorcycle,Man,58,Driver,Desconegut,Unknown,Unknown,Minor injury: Hospitalization up to 24 hours,430786.51,4583519.87,2.170897011,41.398392104,2023-07-07 11:00:00
2023S004110    ,Sant Andreu,Sant Andreu,Andana de l'Estació,Friday,2023,7,July,7,Morning,,Not caused by the pedestrian,Motorcycle,Woman,59,Driver,Desconegut,Unknown,Unknown,Minor injury: Hospitalization up to 24 hours,432858.65,4588893.72,2.195085968,41.446968554,2023-07-07 13:00:00
2023S004111    ,Eixample,Sant Antoni,Calàbria,Friday,2023,7,July,7,Afternoon,,Walking on the road,"Camió rígid <= 3,5 tones",Woman,81,Pedestrian,Fora del pas,Unknown,Unknown,Minor injury: Hospitalization up to 24 hours,429648.92,4581242.11,2.157554461,41.377778295,2023-07-07 15:00:00
2023S004112    ,Eixample,la Dreta de l'Eixample,Sant Joan,Friday,2023,7,July,7,Morning,,Not caused by the pedestrian,Motorcycle,Man,29,Driver,Desconegut,Unknown,Leisure and entertainment,Minor injury: Medical assistance at accident site,430839.61,4583504.1,2.171533967,41.39825464,2023-07-07 11:00:00
2023S004113    ,Sarrià-Sant Gervasi,Sant Gervasi - la Bonanova,Isaac Newton,Friday,2023,7,July,7,Afternoon,,Not caused by the pedestrian,Car,Woman,75,Driver,Desconegut,Unknown,Unknown,Minor injury: Hospitalization up to 24 hours,427207.98,4584967.78,2.12791863,41.41111665,2023-07-07 15:00:00
2023S004114    ,Nou Barris,la Prosperitat,Flor de Neu,Friday,2023,7,July,7,Afternoon,,Not caused by the pedestrian,Veh. mobilitat personal amb motor,Man,22,Driver,Desconegut,Unknown,Unknown,Minor injury: Hospitalization up to 24 hours,431959.38,4588655.43,2.184348167,41.444746598,2023-07-07 17:00:00
2023S004115    ,Eixample,la Dreta de l'Eixample,Gràcia,Friday,2023,7,July,7,Afternoon,,Not caused by the pedestrian,Bicicleta,Woman,41,Driver,Desconegut,Unknown,Unknown,Minor injury: Hospitalization up to 24 hours,430328.62,4582862.47,2.165495655,41.392431549,2023-07-07 16:00:00
2023S004116    ,Les Corts,Pedralbes,Pearson,Friday,2023,7,July,7,Afternoon,,Not caused by the pedestrian,Motorcycle,Man,40,Driver,Desconegut,Unknown,Unknown,Minor injury: Hospitalization up to 24 hours,425648.78,4583019.77,2.109504322,41.393429037,2023-07-07 16:00:00
2023S004118    ,Sarrià-Sant Gervasi,Sarrià,Sarrià a Vallvidrera,Friday,2023,7,July,7,Afternoon,,Not caused by the pedestrian,Motorcycle,Woman,61,Passenger,Desconegut,Unknown,Unknown,Serious injury: Hospitalization over 24 hours,425496.37,4584609.29,2.107485725,41.407730985,2023-07-07 20:00:00
2023S004119    ,Les Corts,les Corts,Numància,Friday,2023,7,July,7,Afternoon,,Not caused by the pedestrian,Motorcycle,Woman,56,Driver,Desconegut,Unknown,Leisure and entertainment,Minor injury: Hospitalization up to 24 hours,427446.42,4582717.44,2.131041092,41.390870341,2023-07-07 18:00:00
2023S004120    ,Sant Martí,el Poblenou,Litoral,Friday,2023,7,July,7,Afternoon,,Not caused by the pedestrian,Car,Woman,27,Passenger,Desconegut,Unknown,Unknown,Minor injury: Medical assistance at accident site,433947.33,4583382.53,2.208720327,41.397421129,2023-07-07 19:00:00
2023S004121    ,Eixample,el Fort Pienc,Sant Joan,Friday,2023,7,July,7,Afternoon,,Not caused by the pedestrian,Car,Man,23,Driver,Desconegut,Unknown,Unknown,Minor injury: Medical assistance at accident site,431275.84,4583019.17,2.176806984,41.393924444,2023-07-07 17:00:00
2023S004122    ,Nou Barris,Canyelles,Favència,Friday,2023,7,July,7,Afternoon,,Not caused by the pedestrian,Motorcycle,Woman,39,Driver,Desconegut,Unknown,Unknown,Minor injury: Medical assistance at accident site,430471.16,4588315.38,2.166573355,41.441556316,2023-07-07 19:00:00
2023S004123    ,Les Corts,les Corts,Marquès de Sentmenat,Friday,2023,7,July,7,Afternoon,,Not caused by the pedestrian,Motorcycle,Man,23,Driver,Desconegut,Unknown,Leisure and entertainment,Minor injury: Medical assistance at accident site,428408.37,4582110.79,2.142617747,41.385492712,2023-07-07 19:00:00
2023S004124    ,Eixample,Sant Antoni,Corts Catalanes,Friday,2023,7,July,7,Afternoon,,Not caused by the pedestrian,Veh. mobilitat personal amb motor,Man,22,Driver,Desconegut,Unknown,Leisure and entertainment,Minor injury: Hospitalization up to 24 hours,429737.74,4581724.85,2.15856054,41.382133946,2023-07-07 18:00:00
2023S004125    ,Sant Martí,Diagonal Mar i el Front Marítim del Poblenou,Garcia Fària,Saturday,2023,7,July,8,Night,,Not caused by the pedestrian,Tot terreny,Man,44,Driver,Desconegut,Unknown,Leisure and entertainment,Minor injury: Hospitalization up to 24 hours,435033.45,4584725.51,2.221567653,41.409605601,2023-07-08 04:00:00
2023S004128    ,Gràcia,la Vila de Gràcia,Còrsega,Friday,2023,7,July,7,Afternoon,,Not caused by the pedestrian,Motorcycle,Man,31,Driver,Desconegut,Unknown,Leisure and entertainment,Minor injury: Hospitalization up to 24 hours,429941.65,4583443.88,2.160800055,41.39763448,2023-07-07 21:00:00
2023S004129    ,Les Corts,les Corts,Diagonal,Friday,2023,7,July,7,Afternoon,,Not caused by the pedestrian,Autobús articulat,Woman,34,Passenger,Desconegut,Unknown,Unknown,Minor injury: Hospitalization up to 24 hours,427954.95,4582701.1,2.137125048,41.390768909,2023-07-07 17:00:00
2023S004130    ,Eixample,l'Antiga Esquerra de l'Eixample,Casanova,Friday,2023,7,July,7,Afternoon,,Not caused by the pedestrian,Motorcycle,Man,29,Passenger,Desconegut,Unknown,Unknown,Minor injury: Hospitalization up to 24 hours,429170.51,4582688.11,2.151664673,41.390759935,2023-07-07 20:00:00
2023S004131    ,Horta-Guinardó,el Baix Guinardó,Marina,Saturday,2023,7,July,8,Morning,,Not caused by the pedestrian,Motorcycle,Man,29,Driver,Desconegut,Unknown,Unknown,Minor injury: Hospitalization up to 24 hours,430544.23,4584741.45,2.167858735,41.409373566,2023-07-08 09:00:00
2023S004132    ,Sants-Montjuïc,Sants - Badal,Madrid,Saturday,2023,7,July,8,Morning,,Not caused by the pedestrian,Motorcycle,Woman,41,Driver,Desconegut,Unknown,Leisure and entertainment,Minor injury: Hospitalization up to 24 hours,427242.62,4581402.58,2.128761632,41.379009495,2023-07-08 10:00:00
2023S004133    ,Sant Andreu,la Trinitat Vella,B-20 (Llobregat),Saturday,2023,7,July,8,Afternoon,,Not caused by the pedestrian,Car,Man,35,Driver,Desconegut,Unknown,Commuting,Minor injury: Hospitalization up to 24 hours,432697.0,4588930.46,2.193146846,41.447285914,2023-07-08 14:00:00
2023S004134    ,Les Corts,les Corts,Numància,Saturday,2023,7,July,8,Morning,,Not caused by the pedestrian,Motorcycle,Man,25,Driver,Desconegut,Unknown,Leisure and entertainment,Minor injury: Medical assistance at accident site,427873.03,4582129.02,2.136213439,41.385609057,2023-07-08 12:00:00
2023S004135    ,Eixample,la Nova Esquerra de l'Eixample,Corts Catalanes,Saturday,2023,7,July,8,Morning,,Not caused by the pedestrian,Bicicleta,Man,25,Driver,Desconegut,Unknown,Unknown,Minor injury: Medical assistance at accident site,429165.19,4581164.97,2.15177921,41.37704106,2023-07-08 12:00:00
2023S004136    ,Ciutat Vella,la Barceloneta,Escar,Saturday,2023,7,July,8,Afternoon,,Not caused by the pedestrian,Veh. mobilitat personal amb motor,Man,19,Driver,Desconegut,Unknown,Unknown,Minor injury: Hospitalization up to 24 hours,433559.9,4584512.34,2.203962044,41.40756511,2023-07-08 17:00:00
2023S004137    ,Nou Barris,la Prosperitat,Pablo Iglesias,Saturday,2023,7,July,8,Afternoon,,Not caused by the pedestrian,Motorcycle,Woman,19,Driver,Desconegut,Unknown,Leisure and entertainment,Minor injury: Refused medical assistance,431782.99,4588584.76,2.182244761,41.444095121,2023-07-08 18:00:00
2023S004138    ,Eixample,la Dreta de l'Eixample,Pelai,Saturday,2023,7,July,8,Afternoon,,Not caused by the pedestrian,Motorcycle,Woman,42,Driver,Desconegut,Unknown,Leisure and entertainment,Minor injury: Medical assistance at accident site,430580.98,4582087.83,2.168602798,41.385476439,2023-07-08 19:00:00
2023S004139    ,Sarrià-Sant Gervasi,Sant Gervasi - Galvany,Molina,Saturday,2023,7,July,8,Afternoon,,Not caused by the pedestrian,Motorcycle,Woman,50,Driver,Desconegut,Unknown,Unknown,Minor injury: Hospitalization up to 24 hours,428837.2,4583824.55,2.147544656,41.400965997,2023-07-08 20:00:00
2023S004140    ,Eixample,la Dreta de l'Eixample,Corts Catalanes,Saturday,2023,7,July,8,Afternoon,,Not caused by the pedestrian,Car,Woman,28,Passenger,Desconegut,Unknown,Unknown,Minor injury: Medical assistance at accident site,430773.34,4582701.12,2.170833127,41.391016743,2023-07-08 19:00:00
2023S004141    ,Ciutat Vella,la Barceloneta,Doctor Aiguader,Saturday,2023,7,July,8,Afternoon,,Not caused by the pedestrian,Motorcycle,Woman,47,Passenger,Desconegut,Unknown,Unknown,Minor injury: Hospitalization up to 24 hours,432599.97,4581989.97,2.192759101,41.384766828,2023-07-08 19:00:00
2023S004142    ,Sant Martí,Provençals del Poblenou,Bolívia,Saturday,2023,7,July,8,Afternoon,,Not caused by the pedestrian,Motorcycle,Man,49,Driver,Desconegut,Unknown,Unknown,Serious injury: Hospitalization over 24 hours,432749.33,4584268.09,2.194292161,41.405297772,2023-07-08 20:00:00
2023S004143    ,Sant Martí,Diagonal Mar i el Front Marítim del Poblenou,Litoral (Besòs),Saturday,2023,7,July,8,Night,,Not caused by the pedestrian,Car,Man,19,Passenger,Desconegut,Unknown,Unknown,Minor injury: Medical assistance at accident site,434385.74,4583964.78,2.213901191,41.402701239,2023-07-08 23:00:00
2023S004144    ,Ciutat Vella,la Barceloneta,Litoral (Llobregat),Sunday,2023,7,July,9,Night,,Not caused by the pedestrian,Taxi,Woman,26,Passenger,Desconegut,Unknown,Unknown,Minor injury: Medical assistance at accident site,432797.9,4582315.85,2.195089986,41.387718518,2023-07-09 02:00:00
2023S004145    ,Sant Andreu,el Bon Pastor,Litoral (Llobregat),Sunday,2023,7,July,9,Night,,Not caused by the pedestrian,Furgoneta,Man,35,Passenger,Desconegut,Unknown,Unknown,Minor injury: Hospitalization up to 24 hours,433903.25,4588186.57,2.207667763,41.440686214,2023-07-09 03:00:00
2023S004146    ,Sant Andreu,Navas,Felip II,Saturday,2023,7,July,8,Afternoon,,Not caused by the pedestrian,Veh. mobilitat personal amb motor,Woman,25,Driver,Desconegut,Unknown,Leisure and entertainment,Minor injury: Hospitalization up to 24 hours,432373.63,4585694.71,2.189638193,41.418115382,2023-07-08 21:00:00
2023S004147    ,Sant Martí,Diagonal Mar i el Front Marítim del Poblenou,Litoral (Besòs),Sunday,2023,7,July,9,Night,,Not caused by the pedestrian,Car,Man,32,Passenger,Desconegut,Unknown,Unknown,Minor injury: Hospitalization up to 24 hours,434522.9,4584101.32,2.215527174,41.403942213,2023-07-09 01:00:00
2023S004148    ,Sant Martí,Diagonal Mar i el Front Marítim del Poblenou,Taulat,Saturday,2023,7,July,8,Afternoon,,Not caused by the pedestrian,Car,Woman,22,Passenger,Desconegut,Unknown,Unknown,Minor injury: Hospitalization up to 24 hours,434745.03,4584723.59,2.218117298,41.40956493,2023-07-08 20:00:00
2023S004149    ,Eixample,l'Antiga Esquerra de l'Eixample,Diputació,Sunday,2023,7,July,9,Night,,Not caused by the pedestrian,Veh. mobilitat personal amb motor,Man,37,Pedestrian,En pas regulat per semàfor,Unknown,Unknown,Minor injury: Hospitalization up to 24 hours,429922.08,4582109.9,2.160720404,41.385618056,2023-07-09 00:00:00
2023S004150    ,Sant Andreu,el Bon Pastor,Sant Adrià,Saturday,2023,7,July,8,Afternoon,,Not caused by the pedestrian,Ciclomotor,Man,40,Driver,Desconegut,Unknown,Commuting,Minor injury: Medical assistance at accident site,433835.23,4587717.51,2.206905002,41.436455925,2023-07-08 21:00:00
2023S004151    ,Les Corts,les Corts,Diagonal,Sunday,2023,7,July,9,Afternoon,,Not caused by the pedestrian,Motorcycle,Man,40,Driver,Desconegut,Unknown,Unknown,Minor injury: Hospitalization up to 24 hours,427954.95,4582701.1,2.137125048,41.390768909,2023-07-09 15:00:00
2023S004152    ,Eixample,l'Antiga Esquerra de l'Eixample,Villarroel,Sunday,2023,7,July,9,Morning,,Not caused by the pedestrian,Bicicleta,Man,37,Driver,Desconegut,Unknown,Commuting,Minor injury: Medical assistance at accident site,429544.56,4582114.92,2.156205024,41.385630276,2023-07-09 13:00:00
2023S004153    ,Eixample,Sant Antoni,Comte Borrell,Sunday,2023,7,July,9,Afternoon,,Not caused by the pedestrian,Car,Man,48,Passenger,Desconegut,Unknown,Unknown,Minor injury: Hospitalization up to 24 hours,430274.19,4580969.65,2.165062595,41.375378782,2023-07-09 20:00:00
2023S004154    ,Gràcia,el Camp d'en Grassot i Gràcia Nova,Sicília,Sunday,2023,7,July,9,Afternoon,,Not caused by the pedestrian,Motorcycle,Man,26,Driver,Desconegut,Unknown,Other activities,Minor injury: Hospitalization up to 24 hours,430793.62,4584087.64,2.170917114,41.403506438,2023-07-09 21:00:00
2023S004155    ,Nou Barris,Porta,Rio de Janeiro,Sunday,2023,7,July,9,Afternoon,,Not caused by the pedestrian,Veh. mobilitat personal amb motor,Man,23,Pedestrian,A la vorera / Andana,Unknown,Unknown,Minor injury: Hospitalization up to 24 hours,431650.63,4587848.61,2.180743754,41.437453619,2023-07-09 19:00:00
2023S004156    ,Sant Martí,Provençals del Poblenou,C-31,Sunday,2023,7,July,9,Afternoon,,Not caused by the pedestrian,Bicicleta,Woman,27,Driver,Desconegut,Unknown,Unknown,Minor injury: Hospitalization up to 24 hours,432800.78,4584710.49,2.194858496,41.409286652,2023-07-09 21:00:00