Case_Number,District_Name,Neighborhood_Name,Street_Name,Day_of_Week,Year,Month_Code,Month_Name,Day_of_Month,Shift_Description,Hour_of_Day,Pedestrian_Cause_Description,Involved_Vehicle_Type,Gender_Description,Age,Person_Type_Description,Pedestrian_Accident_Location_Description,Pedestrian_Movement_Reason_Description,Driver_Movement_Reason_Description,Victimization_Description,UTM_X_Coordinate,UTM_Y_Coordinate,Longitude,Latitude,datetime
2023S004258    ,Sants-Montjuïc,la Bordeta,Corts Catalanes,Thursday,2023,7,July,13,Afternoon,,Not caused by the pedestrian,Motorcycle,Man,36,Driver,Desconegut,Unknown,Commuting,Minor injury: Hospitalization up to 24 hours,428120.05,4580176.09,2.139399283,41.368041834,2023-07-13 16:00:00
2023S004259    ,Horta-Guinardó,el Guinardó,Mare de Déu de Montserrat,Thursday,2023,7,July,13,Afternoon,,Not caused by the pedestrian,Autobús articulat,Woman,46,Passenger,Desconegut,Unknown,Unknown,Minor injury: Medical assistance at accident site,431079.5,4586066.05,2.174111438,41.421349894,2023-07-13 17:00:00
2023S004260    ,Sant Martí,el Clot,Meridiana,Thursday,2023,7,July,13,Afternoon,,Not caused by the pedestrian,Bicicleta,Man,1,Pedestrian,A la vorera / Andana,Unknown,Unknown,Minor injury: Hospitalization up to 24 hours,432163.59,4585096.22,2.187192186,41.412707251,2023-07-13 21:00:00
2023S004261    ,Sants-Montjuïc,la Marina del Prat Vermell,Número 60 Zona Franca,Friday,2023,7,July,14,Morning,,Not caused by the pedestrian,Motorcycle,Man,38,Driver,Desconegut,Unknown,Commuting,Minor injury: Medical assistance at accident site,428608.62,4577923.34,2.145505773,41.347795521,2023-07-14 08:00:00
2023S004262    ,Eixample,l'Antiga Esquerra de l'Eixample,Provença,Friday,2023,7,July,14,Morning,,Disobeying the traffic light signal,Veh. mobilitat personal amb motor,Man,40,Pedestrian,En pas regulat per semàfor,Unknown,Unknown,Minor injury: Medical assistance at accident site,429634.74,4582750.5,2.157209625,41.391362631,2023-07-14 11:00:00
2023S004263    ,Les Corts,la Maternitat i Sant Ramon,Menéndez y Pelayo,Friday,2023,7,July,14,Morning,,Not caused by the pedestrian,Motorcycle,Man,66,Driver,Desconegut,Unknown,Unknown,Minor injury: Hospitalization up to 24 hours,426627.07,4581963.66,2.121333051,41.38400699,2023-07-14 11:00:00
2023S004264    ,Eixample,l'Antiga Esquerra de l'Eixample,Muntaner,Monday,2023,6,June,19,Morning,,Not caused by the pedestrian,Ciclomotor,Man,23,Driver,Desconegut,Unknown,Unknown,Minor injury: Hospitalization up to 24 hours,429079.89,4582972.71,2.150547513,41.393315237,2023-06-19 08:00:00
2023S004265    ,Eixample,la Dreta de l'Eixample,Aragó,Friday,2023,7,July,14,Morning,,Not caused by the pedestrian,Motorcycle,Man,48,Driver,Desconegut,Unknown,Commuting,Minor injury: Refused medical assistance,430796.99,4583366.04,2.171039959,41.397007508,2023-07-14 12:00:00
2023S004266    ,Eixample,el Fort Pienc,Diputació,Friday,2023,7,July,14,Morning,,Not caused by the pedestrian,Bicicleta,Man,44,Driver,Desconegut,Unknown,Unknown,Serious injury: Hospitalization over 24 hours,431545.26,4583698.06,2.179952636,41.400061997,2023-07-14 12:00:00
2023S004267    ,Horta-Guinardó,Horta,Dalt (Besòs),Friday,2023,7,July,14,Morning,,Not caused by the pedestrian,Furgoneta,Man,52,Driver,Desconegut,Unknown,Unknown,Minor injury: Medical assistance at accident site,429885.48,4588089.59,2.159589353,41.439471757,2023-07-14 13:00:00
2023S004268    ,Eixample,l'Antiga Esquerra de l'Eixample,Balmes,Friday,2023,7,July,14,Morning,,Not caused by the pedestrian,Motorcycle,Man,40,Driver,Desconegut,Unknown,Leisure and entertainment,Minor injury: Medical assistance at accident site,429649.26,4582966.26,2.15735821,41.393307179,2023-07-14 13:00:00
2023S004270    ,Eixample,la Nova Esquerra de l'Eixample,Provença,Friday,2023,7,July,14,Afternoon,,Not caused by the pedestrian,Motorcycle,Man,59,Driver,Desconegut,Unknown,Unknown,Minor injury: Medical assistance at accident site,428880.88,4582025.85,2.148278487,41.384769621,2023-07-14 14:00:00
2023S004271    ,Sarrià-Sant Gervasi,Sant Gervasi - Galvany,Ganduxer,Thursday,2023,7,July,13,Afternoon,,Not caused by the pedestrian,Motorcycle,Man,23,Driver,Desconegut,Unknown,Leisure and entertainment,Minor injury: Hospitalization up to 24 hours,427981.27,4583171.69,2.137383844,41.39500969,2023-07-13 20:00:00
2023S004272    ,Sarrià-Sant Gervasi,Sant Gervasi - Galvany,Muntaner,Friday,2023,7,July,14,Morning,,Not caused by the pedestrian,Car,Woman,24,Pedestrian,En pas regulat per semàfor,Unknown,Unknown,Minor injury: Refused medical assistance,428876.65,4583180.87,2.148092205,41.395172101,2023-07-14 13:00:00
2023S004274    ,Horta-Guinardó,la Vall d'Hebron,Dalt (Llobregat),Friday,2023,7,July,14,Afternoon,,Not caused by the pedestrian,Car,Woman,38,Driver,Desconegut,Unknown,Commuting,Minor injury: Hospitalization up to 24 hours,428474.91,4586649.84,2.142876793,41.426380074,2023-07-14 15:00:00
2023S004275    ,Les Corts,les Corts,Diagonal,Friday,2023,7,July,14,Afternoon,,Not caused by the pedestrian,Motorcycle,Man,47,Driver,Desconegut,Unknown,Unknown,Minor injury: Hospitalization up to 24 hours,427954.95,4582701.1,2.137125048,41.390768909,2023-07-14 15:00:00
2023S004276    ,Nou Barris,Vilapicina i la Torre Llobeta,Escòcia,Friday,2023,7,July,14,Afternoon,,Not caused by the pedestrian,Ciclomotor,Woman,43,Driver,Desconegut,Unknown,Unknown,Minor injury: Hospitalization up to 24 hours,431353.65,4586877.33,2.177299677,41.428680298,2023-07-14 16:00:00
2023S004277    ,Ciutat Vella,el Barri Gòtic,Portal de la Pau,Saturday,2023,7,July,15,Night,,Not caused by the pedestrian,Bus,Woman,56,Passenger,Desconegut,Unknown,Unknown,Minor injury: Refused medical assistance,431258.87,4580951.93,2.176838686,41.375303944,2023-07-15 00:00:00
2023S004278    ,Eixample,la Dreta de l'Eixample,Diputació,Saturday,2023,7,July,15,Night,,Not caused by the pedestrian,Motorcycle,Man,29,Driver,Desconegut,Unknown,Leisure and entertainment,Minor injury: Hospitalization up to 24 hours,431164.61,4583326.2,2.175441678,41.396680252,2023-07-15 01:00:00
2023S004279    ,Les Corts,les Corts,Diagonal,Friday,2023,7,July,14,Afternoon,,Not caused by the pedestrian,Furgoneta,Man,21,Driver,Desconegut,Unknown,Unknown,Minor injury: Medical assistance at accident site,427437.38,4582600.86,2.130946947,41.389819535,2023-07-14 19:00:00
2023S004280    ,Eixample,la Dreta de l'Eixample,Aragó,Friday,2023,7,July,14,Afternoon,,Not caused by the pedestrian,Ciclomotor,Woman,45,Driver,Desconegut,Unknown,Unknown,Minor injury: Hospitalization up to 24 hours,430920.34,4583442.18,2.172506684,41.397703889,2023-07-14 21:00:00
2023S004281    ,Sant Martí,Sant Martí de Provençals,Guipúscoa,Friday,2023,7,July,14,Afternoon,,Not caused by the pedestrian,Bus,Man,27,Pedestrian,En pas regulat per semàfor,Commuting,Unknown,Minor injury: Medical assistance at accident site,433366.06,4585856.75,2.201494928,41.41965779,2023-07-14 17:00:00
2023S004282    ,Sants-Montjuïc,la Marina del Prat Vermell,K Zona Franca,Saturday,2023,7,July,15,Night,,Not caused by the pedestrian,Motorcycle,Woman,48,Driver,Desconegut,Unknown,On a mission,Minor injury: Hospitalization up to 24 hours,425917.8,4576746.51,2.113488594,41.336953137,2023-07-15 03:00:00
2023S004283    ,Ciutat Vella,"Sant Pere, Santa Caterina i la Ribera",Isabel II,Friday,2023,7,July,14,Afternoon,,Not caused by the pedestrian,Motorcycle,Man,35,Driver,Desconegut,Unknown,Unknown,Minor injury: Hospitalization up to 24 hours,431742.93,4581619.47,2.182551501,41.381357531,2023-07-14 19:00:00
2023S004284    ,Eixample,la Dreta de l'Eixample,Gràcia,Saturday,2023,7,July,15,Night,,Not caused by the pedestrian,Taxi,Man,31,Passenger,Desconegut,Unknown,Unknown,Minor injury: Refused medical assistance,430456.33,4582637.21,2.167048993,41.390413762,2023-07-15 05:00:00
2023S004285    ,Horta-Guinardó,el Guinardó,Sant Antoni Maria Claret,Friday,2023,7,July,14,Afternoon,,Not caused by the pedestrian,Motorcycle,Man,44,Driver,Desconegut,Unknown,Unknown,Minor injury: Hospitalization up to 24 hours,431494.04,4585351.75,2.17915265,41.414951902,2023-07-14 19:00:00
2023S004286    ,Sants-Montjuïc,Sants,Sants,Saturday,2023,7,July,15,Morning,,Not caused by the pedestrian,"Camió rígid > 3,5 tones",Man,49,Driver,Desconegut,Unknown,On a mission,Minor injury: Hospitalization up to 24 hours,427525.92,4581006.01,2.132196721,41.375463318,2023-07-15 08:00:00
2023S004287    ,Eixample,la Sagrada Família,Rosselló,Saturday,2023,7,July,15,Morning,,Not caused by the pedestrian,Motorcycle,Man,60,Driver,Desconegut,Unknown,Leisure and entertainment,Minor injury: Hospitalization up to 24 hours,431089.06,4584377.39,2.174418284,41.406141516,2023-07-15 12:00:00
2023S004288    ,Sant Martí,Sant Martí de Provençals,Treball,Saturday,2023,7,July,15,Morning,,Not caused by the pedestrian,Bicicleta,Woman,30,Driver,Desconegut,Unknown,Unknown,Minor injury: Hospitalization up to 24 hours,433175.48,4585669.99,2.199235196,41.41795986,2023-07-15 12:00:00
2023S004289    ,Sarrià-Sant Gervasi,Sant Gervasi - Galvany,Mig (Ascendent),Saturday,2023,7,July,15,Afternoon,,Not caused by the pedestrian,Motorcycle,Man,76,Driver,Desconegut,Unknown,Unknown,Minor injury: Hospitalization up to 24 hours,427605.52,4583482.64,2.1328524,41.397776536,2023-07-15 19:00:00
2023S004290    ,Eixample,la Dreta de l'Eixample,Balmes,Saturday,2023,7,July,15,Afternoon,,Not caused by the pedestrian,Motorcycle,Man,55,Driver,Desconegut,Unknown,Other activities,Minor injury: Medical assistance at accident site,429836.05,4582774.51,2.15961454,41.391596478,2023-07-15 18:00:00
2023S004291    ,Les Corts,les Corts,Reina Maria Cristina,Saturday,2023,7,July,15,Afternoon,,Not caused by the pedestrian,Motorcycle,Man,19,Passenger,Desconegut,Unknown,Unknown,Minor injury: Medical assistance at accident site,427067.42,4582366.31,2.126550566,41.38767356,2023-07-15 18:00:00
2023S004292    ,Les Corts,les Corts,Diagonal,Saturday,2023,7,July,15,Afternoon,,Not caused by the pedestrian,Tren o tramvia,Woman,86,Passenger,Desconegut,Unknown,Unknown,Minor injury: Hospitalization up to 24 hours,427769.46,4582595.23,2.134919226,41.389798734,2023-07-15 15:00:00
2023S004293    ,Eixample,la Nova Esquerra de l'Eixample,Vilamarí,Sunday,2023,7,July,16,Night,,Not caused by the pedestrian,Motorcycle,Man,37,Driver,Desconegut,Unknown,Leisure and entertainment,Minor injury: Hospitalization up to 24 hours,428666.7,4581674.2,2.14575855,41.38158346,2023-07-16 01:00:00
2023S004294    ,Sants-Montjuïc,Sants - Badal,Badal,Saturday,2023,7,July,15,Night,,Not caused by the pedestrian,Motorcycle,Man,35,Driver,Desconegut,Unknown,Unknown,Minor injury: Medical assistance at accident site,427426.77,4580841.64,2.131030859,41.373973958,2023-07-15 22:00:00
2023S004295    ,Eixample,el Fort Pienc,Lepant,Sunday,2023,7,July,16,Morning,,Not caused by the pedestrian,Car,Woman,28,Passenger,Desconegut,Unknown,Unknown,Minor injury: Hospitalization up to 24 hours,431819.96,4583612.19,2.183248222,41.399311945,2023-07-16 06:00:00
2023S004296    ,Sarrià-Sant Gervasi,Sant Gervasi - Galvany,General Mitre,Sunday,2023,7,July,16,Night,,Not caused by the pedestrian,Car,Man,30,Driver,Desconegut,Unknown,"Bombers, policia, ambulància",Minor injury: Refused medical assistance,427891.79,4583865.87,2.136230879,41.401253871,2023-07-16 05:00:00
2023S004297    ,Sants-Montjuïc,el Poble-sec,Paral·lel,Sunday,2023,7,July,16,Morning,,Disobeying the traffic light signal,Car,Woman,38,Pedestrian,En pas regulat per semàfor,Other activities,Unknown,Minor injury: Refused medical assistance,430712.83,4580896.42,2.170315898,41.374757127,2023-07-16 06:00:00
2023S004298    ,Eixample,la Nova Esquerra de l'Eixample,Aragó,Sunday,2023,7,July,16,Afternoon,,Not caused by the pedestrian,Motorcycle,Woman,51,Driver,Desconegut,Unknown,Unknown,Minor injury: Hospitalization up to 24 hours,428875.47,4581460.32,2.148280205,41.379675608,2023-07-16 14:00:00
2023S004299    ,Ciutat Vella,el Raval,Portal de Santa Madrona,Sunday,2023,7,July,16,Afternoon,,Not caused by the pedestrian,Car,Woman,31,Pedestrian,En pas sense regular,Unknown,Unknown,Minor injury: Medical assistance at accident site,431106.57,4581001.17,2.175011996,41.375734404,2023-07-16 14:00:00
2023S004300    ,Gràcia,el Camp d'en Grassot i Gràcia Nova,Gràcia,Sunday,2023,7,July,16,Afternoon,,Crossing outside the pedestrian crossing,Veh. mobilitat personal amb motor,Man,53,Pedestrian,Fora del pas,Unknown,Unknown,Minor injury: Hospitalization up to 24 hours,430279.33,4584347.74,2.164734994,41.405804609,2023-07-16 16:00:00
2023S004301    ,Sant Andreu,el Bon Pastor,Guayaquil,Sunday,2023,7,July,16,Afternoon,,Not caused by the pedestrian,Car,Woman,25,Passenger,Desconegut,Unknown,Unknown,Minor injury: Refused medical assistance,433863.66,4588355.65,2.207175377,41.442205804,2023-07-16 17:00:00
2023S004302    ,Sant Martí,el Parc i la Llacuna del Poblenou,Diagonal,Sunday,2023,7,July,16,Afternoon,,Not caused by the pedestrian,Motorcycle,Man,22,Driver,Desconegut,Unknown,Unknown,Minor injury: Hospitalization up to 24 hours,432355.3,4584151.19,2.189591531,41.404211809,2023-07-16 18:00:00
2023S004303    ,Eixample,Sant Antoni,Corts Catalanes,Sunday,2023,7,July,16,Afternoon,,Not caused by the pedestrian,Car,Woman,65,Passenger,Desconegut,Unknown,Unknown,Minor injury: Refused medical assistance,429046.52,4581010.9,2.150378258,41.375642941,2023-07-16 17:00:00
2023S004304    ,Ciutat Vella,"Sant Pere, Santa Caterina i la Ribera",Forn de la Fonda,Sunday,2023,7,July,16,Afternoon,,Not caused by the pedestrian,Bicicleta,Woman,43,Pedestrian,En zona peatonal,Unknown,Unknown,Minor injury: Medical assistance at accident site,431492.49,4582201.16,2.179490837,41.386575355,2023-07-16 20:00:00
2023S004305    ,Sarrià-Sant Gervasi,Sarrià,Augusta,Sunday,2023,7,July,16,Afternoon,,Not caused by the pedestrian,Motorcycle,Man,64,Driver,Desconegut,Unknown,Other activities,Minor injury: Hospitalization up to 24 hours,426603.85,4583960.83,2.120813205,41.401992532,2023-07-16 19:00:00
2023S004307    ,Sants-Montjuïc,Hostafrancs,Creu Coberta,Sunday,2023,7,July,16,Afternoon,,Not caused by the pedestrian,Motorcycle,Woman,30,Driver,Desconegut,Unknown,Leisure and entertainment,Minor injury: Hospitalization up to 24 hours,428391.91,4580975.3,2.142555147,41.37526429,2023-07-16 18:00:00
2023S004308    ,Ciutat Vella,el Barri Gòtic,Portal de la Pau,Sunday,2023,7,July,16,Afternoon,,Disobeying the traffic light signal,Autobús articulat,Woman,69,Pedestrian,En pas regulat per semàfor,Unknown,Unknown,Minor injury: Hospitalization up to 24 hours,431358.53,4581040.46,2.178020316,41.376109822,2023-07-16 19:00:00
2023S004309    ,Sant Martí,el Poblenou,Bilbao,Monday,2023,7,July,17,Morning,,Not caused by the pedestrian,Veh. mobilitat personal amb motor,Man,31,Driver,Desconegut,Unknown,Unknown,Minor injury: Hospitalization up to 24 hours,433090.05,4584419.2,2.198351418,41.406687227,2023-07-17 06:00:00
2023S004310    ,Sants-Montjuïc,el Poble-sec,Albareda,Monday,2023,7,July,17,Morning,,Not caused by the pedestrian,Motorcycle,Man,29,Driver,Desconegut,Unknown,Commuting,Minor injury: Hospitalization up to 24 hours,430989.11,4580790.74,2.173631457,41.373829049,2023-07-17 08:00:00
2023S004311    ,Ciutat Vella,el Raval,Sant Pau,Monday,2023,7,July,17,Morning,,Not caused by the pedestrian,Motorcycle,Woman,29,Driver,Desconegut,Unknown,Unknown,Minor injury: Hospitalization up to 24 hours,430216.19,4581236.02,2.16433839,41.377772867,2023-07-17 08:00:00
2023S004312    ,Eixample,la Dreta de l'Eixample,Bruc,Monday,2023,7,July,17,Morning,,Not caused by the pedestrian,Veh. mobilitat personal amb motor,Man,67,Driver,Desconegut,Unknown,Leisure and entertainment,Minor injury: Hospitalization up to 24 hours,430233.4,4583497.63,2.164283571,41.398143968,2023-07-17 08:00:00
2023S004313    ,Gràcia,la Salut,Guinardó,Sunday,2023,7,July,16,Afternoon,,Not caused by the pedestrian,Ciclomotor,Man,19,Driver,Desconegut,Unknown,Unknown,Minor injury: Hospitalization up to 24 hours,429951.55,4585070.46,2.160730119,41.412285379,2023-07-16 20:00:00
2023S004314    ,Eixample,la Dreta de l'Eixample,València,Sunday,2023,7,July,16,Night,,Not caused by the pedestrian,Motorcycle,Woman,37,Passenger,Desconegut,Unknown,Unknown,Minor injury: Hospitalization up to 24 hours,429987.96,4582753.4,2.161433855,41.391419592,2023-07-16 01:00:00
2023S004316    ,Eixample,l'Antiga Esquerra de l'Eixample,Villarroel,Monday,2023,7,July,17,Morning,,Not caused by the pedestrian,Motorcycle,Man,26,Driver,Desconegut,Unknown,Unknown,Minor injury: Hospitalization up to 24 hours,429567.01,4582076.18,2.156478011,41.385283324,2023-07-17 11:00:00
2023S004317    ,Sants-Montjuïc,el Poble-sec,Espanya,Monday,2023,7,July,17,Morning,,Not caused by the pedestrian,Car,Man,47,Driver,Desconegut,Unknown,Unknown,Minor injury: Hospitalization up to 24 hours,428828.16,4580797.28,2.147792371,41.373699644,2023-07-17 12:00:00
2023S004318    ,Unknown,Unknown,Unknown,Monday,2023,7,July,17,Afternoon,,Not caused by the pedestrian,Motorcycle,Man,42,Driver,Desconegut,Unknown,Unknown,Minor injury: Medical assistance at accident site,429688.64,4584955.16,2.157598074,41.411223945,2023-07-17 15:00:00
2023S004319    ,Sant Martí,la Verneda i la Pau,Guipúscoa,Monday,2023,7,July,17,Afternoon,,Not caused by the pedestrian,Veh. mobilitat personal amb motor,Man,50,Driver,Desconegut,Unknown,Leisure and entertainment,Minor injury: Hospitalization up to 24 hours,433653.97,4586136.52,2.204909198,41.422201441,2023-07-17 14:00:00
2023S004320    ,Eixample,la Dreta de l'Eixample,Sant Joan,Monday,2023,7,July,17,Afternoon,,Not caused by the pedestrian,Motorcycle,Man,50,Driver,Desconegut,Unknown,Leisure and entertainment,Minor injury: Hospitalization up to 24 hours,430786.51,4583519.87,2.170897011,41.398392104,2023-07-17 14:00:00
2023S004321    ,Eixample,la Nova Esquerra de l'Eixample,Vilamarí,Monday,2023,7,July,17,Afternoon,,Not caused by the pedestrian,Ciclomotor,Man,68,Driver,Desconegut,Unknown,Unknown,Minor injury: Medical assistance at accident site,428666.7,4581674.2,2.14575855,41.38158346,2023-07-17 15:00:00
2023S004322    ,Ciutat Vella,el Raval,Pelai,Monday,2023,7,July,17,Afternoon,,Not caused by the pedestrian,Veh. mobilitat personal amb motor,Woman,42,Pedestrian,En zona peatonal,Unknown,Unknown,Minor injury: Hospitalization up to 24 hours,430290.44,4582124.95,2.16512393,41.385785629,2023-07-17 15:00:00
2023S004323    ,Horta-Guinardó,el Baix Guinardó,Cartagena,Monday,2023,7,July,17,Afternoon,,Not caused by the pedestrian,Bus,Woman,39,Passenger,Desconegut,Unknown,Unknown,Minor injury: Hospitalization up to 24 hours,430733.8,4585298.35,2.170062863,41.414405743,2023-07-17 17:00:00
2023S004324    ,Eixample,la Nova Esquerra de l'Eixample,Rocafort,Monday,2023,7,July,17,Afternoon,,Not caused by the pedestrian,Motorcycle,Man,57,Driver,Desconegut,Unknown,Leisure and entertainment,Minor injury: Medical assistance at accident site,428946.01,4581794.41,2.149084526,41.382690879,2023-07-17 18:00:00
2023S004325    ,Eixample,Sant Antoni,Vilamarí,Monday,2023,7,July,17,Afternoon,,Not caused by the pedestrian,Motorcycle,Man,26,Driver,Desconegut,Unknown,Unknown,Minor injury: Medical assistance at accident site,429406.7,4580957.91,2.154691196,41.375197371,2023-07-17 19:00:00
2023S004326    ,Nou Barris,Canyelles,Favència,Monday,2023,7,July,17,Afternoon,,Not caused by the pedestrian,Car,Woman,52,Pedestrian,En pas regulat per semàfor,Unknown,Unknown,Minor injury: Hospitalization up to 24 hours,430457.12,4588348.41,2.166401501,41.441852588,2023-07-17 19:00:00
2023S004328    ,Eixample,l'Antiga Esquerra de l'Eixample,Corts Catalanes,Monday,2023,7,July,17,Night,,Not caused by the pedestrian,Car,Man,25,Pedestrian,En pas regulat per semàfor,Leisure and entertainment,Unknown,Minor injury: Hospitalization up to 24 hours,429834.07,4581818.31,2.15970167,41.382984122,2023-07-17 23:00:00
2023S004329    ,Nou Barris,Vilapicina i la Torre Llobeta,Maragall,Monday,2023,7,July,17,Afternoon,,Not caused by the pedestrian,Autobús articulat,Woman,81,Passenger,Desconegut,Unknown,Unknown,Minor injury: Hospitalization up to 24 hours,431241.28,4586570.94,2.175989806,41.425911134,2023-07-17 19:00:00
2023S004331    ,Sarrià-Sant Gervasi,Sarrià,J. V. Foix,Tuesday,2023,7,July,18,Morning,,Not caused by the pedestrian,Bicicleta,Man,45,Driver,Desconegut,Unknown,Unknown,Minor injury: Hospitalization up to 24 hours,426333.78,4583626.28,2.117623366,41.398954676,2023-07-18 09:00:00
2023S004332    ,Sants-Montjuïc,la Bordeta,Blanca,Tuesday,2023,7,July,18,Morning,,Not caused by the pedestrian,Veh. mobilitat personal amb motor,Woman,45,Driver,Desconegut,Unknown,Unknown,Minor injury: Hospitalization up to 24 hours,427414.26,4580298.28,2.130946365,41.369078986,2023-07-18 09:00:00
2023S004333    ,Horta-Guinardó,el Guinardó,Teodor Llorente,Tuesday,2023,7,July,18,Morning,,Not caused by the pedestrian,Veh. mobilitat personal amb motor,Woman,50,Driver,Desconegut,Unknown,Unknown,Minor injury: Hospitalization up to 24 hours,431376.2,4585779.25,2.177694223,41.418792194,2023-07-18 12:00:00
2023S004334    ,Sant Martí,Diagonal Mar i el Front Marítim del Poblenou,Taulat,Tuesday,2023,7,July,18,Morning,,Not caused by the pedestrian,Motorcycle,Man,45,Driver,Desconegut,Unknown,Commuting,Minor injury: Hospitalization up to 24 hours,434694.17,4584722.6,2.217508933,41.40955188,2023-07-18 12:00:00
2023S004335    ,Sant Martí,el Parc i la Llacuna del Poblenou,Marina,Tuesday,2023,7,July,18,Morning,,Not caused by the pedestrian,Veh. mobilitat personal amb motor,Woman,45,Driver,Desconegut,Unknown,Commuting,Minor injury: Hospitalization up to 24 hours,432301.89,4582921.06,2.189090234,41.393127869,2023-07-18 12:00:00
2023S004336    ,Gràcia,Vallcarca i els Penitents,Vallcarca,Tuesday,2023,7,July,18,Morning,,Not caused by the pedestrian,Car,Man,48,Passenger,Desconegut,Unknown,Unknown,Minor injury: Medical assistance at accident site,428681.18,4584971.95,2.145543083,41.411286352,2023-07-18 12:00:00
2023S004337    ,Les Corts,les Corts,Diagonal,Tuesday,2023,7,July,18,Morning,,Not caused by the pedestrian,Car,Woman,36,Passenger,Desconegut,Unknown,Unknown,Minor injury: Hospitalization up to 24 hours,427575.97,4582577.49,2.13260725,41.389621548,2023-07-18 12:00:00
2023S004338    ,Eixample,la Nova Esquerra de l'Eixample,Viladomat,Tuesday,2023,7,July,18,Afternoon,,Not caused by the pedestrian,Motorcycle,Man,34,Driver,Desconegut,Unknown,Commuting,Minor injury: Hospitalization up to 24 hours,429444.29,4581642.99,2.15506087,41.381370965,2023-07-18 14:00:00
2023S004340    ,Sants-Montjuïc,la Marina del Prat Vermell,Motors,Tuesday,2023,7,July,18,Morning,,Not caused by the pedestrian,Motorcycle,Man,41,Driver,Desconegut,Unknown,Leisure and entertainment,Minor injury: Hospitalization up to 24 hours,429109.69,4578434.46,2.151434902,41.35244331,2023-07-18 13:00:00
2023S004341    ,Eixample,la Dreta de l'Eixample,Ausiàs Marc,Tuesday,2023,7,July,18,Afternoon,,Not caused by the pedestrian,Ciclomotor,Man,27,Driver,Desconegut,Unknown,Unknown,Minor injury: Hospitalization up to 24 hours,430987.16,4582551.3,2.173407521,41.389685744,2023-07-18 16:00:00
2023S004342    ,Eixample,l'Antiga Esquerra de l'Eixample,Corts Catalanes,Tuesday,2023,7,July,18,Afternoon,,Not caused by the pedestrian,Motorcycle,Man,37,Driver,Desconegut,Unknown,Unknown,Minor injury: Hospitalization up to 24 hours,430025.03,4582004.98,2.161963719,41.384682041,2023-07-18 14:00:00
2023S004343    ,Sant Andreu,la Sagrera,Vallès i Ribot,Tuesday,2023,7,July,18,Afternoon,,Not caused by the pedestrian,Bicicleta,Man,29,Driver,Desconegut,Unknown,On a mission,Minor injury: Hospitalization up to 24 hours,432317.88,4586209.49,2.188913493,41.422747149,2023-07-18 17:00:00
2023S004344    ,Sants-Montjuïc,la Marina del Prat Vermell,Litoral (Besòs),Tuesday,2023,7,July,18,Afternoon,,Not caused by the pedestrian,Motorcycle,Man,39,Driver,Desconegut,Unknown,Commuting,Minor injury: Hospitalization up to 24 hours,428296.55,4577849.21,2.141784635,41.347100121,2023-07-18 17:00:00
2023S004345    ,Eixample,la Sagrada Família,Diagonal,Tuesday,2023,7,July,18,Afternoon,,Not caused by the pedestrian,Bicicleta,Woman,10,Pedestrian,Desconegut,Unknown,Unknown,Minor injury: Hospitalization up to 24 hours,431061.46,4583690.43,2.174166388,41.399951918,2023-07-18 17:00:00
2023S004346    ,Eixample,la Dreta de l'Eixample,Provença,Tuesday,2023,7,July,18,Afternoon,,Not caused by the pedestrian,Bicicleta,Woman,27,Driver,Desconegut,Unknown,Commuting,Minor injury: Hospitalization up to 24 hours,430282.81,4583388.59,2.164887147,41.397166169,2023-07-18 18:00:00
2023S004347    ,Sarrià-Sant Gervasi,les Tres Torres,Sarrià,Tuesday,2023,7,July,18,Afternoon,,Not caused by the pedestrian,Car,Woman,4,Passenger,Desconegut,Unknown,Unknown,Minor injury: Hospitalization up to 24 hours,427430.32,4582878.74,2.1308292,41.392321652,2023-07-18 17:00:00
2023S004348    ,Eixample,l'Antiga Esquerra de l'Eixample,Comte d'Urgell,Tuesday,2023,7,July,18,Afternoon,,Not caused by the pedestrian,Motorcycle,Man,56,Driver,Desconegut,Unknown,Commuting,Minor injury: Hospitalization up to 24 hours,429541.26,4581925.8,2.156187564,41.383926645,2023-07-18 17:00:00
2023S004349    ,Sant Martí,el Clot,Meridiana,Tuesday,2023,7,July,18,Afternoon,,Not caused by the pedestrian,Motorcycle,Man,24,Driver,Desconegut,Unknown,Commuting,Minor injury: Hospitalization up to 24 hours,432127.7,4584285.31,2.186853797,41.405400594,2023-07-18 19:00:00
2023S004352    ,Eixample,Sant Antoni,Corts Catalanes,Wednesday,2023,7,July,19,Night,,Not caused by the pedestrian,Bus,Woman,57,Passenger,Desconegut,Unknown,Unknown,Minor injury: Hospitalization up to 24 hours,429734.86,4581684.35,2.158530799,41.381768924,2023-07-19 02:00:00
2023S004353    ,Ciutat Vella,el Barri Gòtic,Laietana,Tuesday,2023,7,July,18,Afternoon,,Not caused by the pedestrian,Motorcycle,Woman,35,Driver,Desconegut,Unknown,Leisure and entertainment,Minor injury: Hospitalization up to 24 hours,431187.15,4582141.2,2.175845991,41.386009236,2023-07-18 14:00:00
2023S004354    ,Eixample,l'Antiga Esquerra de l'Eixample,Casanova,Wednesday,2023,7,July,19,Morning,,Not caused by the pedestrian,Car,Man,44,Driver,Desconegut,Unknown,"Bombers, policia, ambulància",Minor injury: Medical assistance at accident site,429758.43,4582104.02,2.15876398,41.385550816,2023-07-19 07:00:00