Case_Number,District_Name,Neighborhood_Name,Street_Name,Day_of_Week,Year,Month_Code,Month_Name,Day_of_Month,Shift_Description,Hour_of_Day,Pedestrian_Cause_Description,Involved_Vehicle_Type,Gender_Description,Age,Person_Type_Description,Pedestrian_Accident_Location_Description,Pedestrian_Movement_Reason_Description,Driver_Movement_Reason_Description,Victimization_Description,UTM_X_Coordinate,UTM_Y_Coordinate,Longitude,Latitude,datetime
2023S004546    ,Eixample,la Sagrada Família,Padilla,Wednesday,2023,7,July,26,Afternoon,,Not caused by the pedestrian,Bicicleta,Man,28,Driver,Desconegut,Unknown,Other activities,Serious injury: Hospitalization over 24 hours,431273.03,4584371.26,2.176619797,41.406102064,2023-07-26 21:00:00
2023S004547    ,Eixample,l'Antiga Esquerra de l'Eixample,Aragó,Wednesday,2023,7,July,26,Afternoon,,Not caused by the pedestrian,Motorcycle,Man,68,Driver,Desconegut,Unknown,Unknown,Minor injury: Hospitalization up to 24 hours,429699.48,4582290.78,2.158037308,41.38722775,2023-07-26 16:00:00
2023S004548    ,Sant Andreu,el Congrés i els Indians,Maragall,Wednesday,2023,7,July,26,Afternoon,,Not caused by the pedestrian,Motorcycle,Man,23,Driver,Desconegut,Unknown,Unknown,Minor injury: Hospitalization up to 24 hours,431457.6,4586212.43,2.178619071,41.422700653,2023-07-26 19:00:00
2023S004549    ,Sants-Montjuïc,la Bordeta,Ildefons Cerdà,Wednesday,2023,7,July,26,Afternoon,,Not caused by the pedestrian,Motorcycle,Woman,36,Driver,Desconegut,Unknown,Unknown,Minor injury: Hospitalization up to 24 hours,427718.43,4579750.57,2.134648336,41.364173341,2023-07-26 21:00:00
2023S004550    ,Eixample,el Fort Pienc,Corts Catalanes,Wednesday,2023,7,July,26,Night,,Not caused by the pedestrian,Ciclomotor,Woman,24,Passenger,Desconegut,Unknown,Unknown,Minor injury: Medical assistance at accident site,431363.28,4583313.93,2.177819397,41.396586731,2023-07-26 22:00:00
2023S004551    ,Eixample,Sant Antoni,Comte Borrell,Thursday,2023,7,July,27,Night,,Not caused by the pedestrian,Bicicleta,Man,40,Driver,Desconegut,Unknown,Unknown,Minor injury: Refused medical assistance,429933.23,4581333.03,2.160943627,41.378622003,2023-07-27 01:00:00
2023S004552    ,Sants-Montjuïc,la Font de la Guatlla,Corts Catalanes,Thursday,2023,7,July,27,Morning,,Not caused by the pedestrian,Motorcycle,Man,48,Driver,Desconegut,Unknown,Unknown,Minor injury: Hospitalization up to 24 hours,428694.98,4580660.99,2.146215993,41.37246033,2023-07-27 07:00:00
2023S004553    ,Horta-Guinardó,el Guinardó,Trobador,Thursday,2023,7,July,27,Morning,,Not caused by the pedestrian,Motorcycle,Man,53,Driver,Desconegut,Unknown,On a mission,Minor injury: Hospitalization up to 24 hours,431411.3,4585396.13,2.17815767,41.415344557,2023-07-27 07:00:00
2023S004554    ,Horta-Guinardó,la Vall d'Hebron,Dalt (Llobregat),Thursday,2023,7,July,27,Morning,,Not caused by the pedestrian,Motorcycle,Man,28,Driver,Desconegut,Unknown,Commuting,Minor injury: Hospitalization up to 24 hours,428871.6,4587569.59,2.147515512,41.434699118,2023-07-27 08:00:00
2023S004555    ,Eixample,el Fort Pienc,Marina,Thursday,2023,7,July,27,Morning,,Not caused by the pedestrian,Veh. mobilitat personal amb motor,Man,46,Driver,Desconegut,Unknown,Unknown,Minor injury: Hospitalization up to 24 hours,431648.43,4583591.24,2.181198802,41.399108683,2023-07-27 08:00:00
2023S004556    ,Eixample,l'Antiga Esquerra de l'Eixample,Corts Catalanes,Thursday,2023,7,July,27,Morning,,Not caused by the pedestrian,Furgoneta,Woman,69,Pedestrian,En pas regulat per semàfor,Unknown,Unknown,Minor injury: Hospitalization up to 24 hours,429737.74,4581724.85,2.15856054,41.382133946,2023-07-27 10:00:00
2023S004557    ,Sants-Montjuïc,el Poble-sec,Paral·lel,Thursday,2023,7,July,27,Morning,,Not caused by the pedestrian,Motorcycle,Woman,42,Driver,Desconegut,Unknown,Leisure and entertainment,Minor injury: Hospitalization up to 24 hours,430399.33,4580900.2,2.166566903,41.374764105,2023-07-27 09:00:00
2023S004558    ,Sant Martí,el Poblenou,Espronceda,Thursday,2023,7,July,27,Night,,Not caused by the pedestrian,Motorcycle,Woman,61,Driver,Desconegut,Unknown,Unknown,Minor injury: Hospitalization up to 24 hours,433874.39,4583996.71,2.207780738,41.402946904,2023-07-27 05:00:00
2023S004559    ,Eixample,l'Antiga Esquerra de l'Eixample,Comte d'Urgell,Thursday,2023,7,July,27,Morning,,Not caused by the pedestrian,Motorcycle,Woman,26,Driver,Desconegut,Unknown,On a mission,Minor injury: Hospitalization up to 24 hours,429073.81,4582402.87,2.150541557,41.388182352,2023-07-27 08:00:00
2023S004562    ,Nou Barris,les Roquetes,Mina de la Ciutat,Thursday,2023,7,July,27,Morning,,Others,Taxi,Man,24,Pedestrian,En pas regulat per semàfor,Leisure and entertainment,Unknown,Minor injury: Medical assistance at accident site,431185.61,4589040.34,2.175042258,41.448147344,2023-07-27 13:00:00
2023S004563    ,Horta-Guinardó,Horta,Estatut,Thursday,2023,7,July,27,Morning,,Not caused by the pedestrian,Car,Woman,35,Driver,Desconegut,Unknown,Commuting,Minor injury: Hospitalization up to 24 hours,429493.73,4587108.15,2.155015073,41.430598006,2023-07-27 09:00:00
2023S004564    ,Horta-Guinardó,el Baix Guinardó,Guinardó,Thursday,2023,7,July,27,Morning,,Not caused by the pedestrian,Motorcycle,Man,59,Driver,Desconegut,Unknown,Unknown,Minor injury: Hospitalization up to 24 hours,430397.3,4585071.83,2.166062916,41.412336467,2023-07-27 13:00:00
2023S004565    ,Eixample,la Sagrada Família,València,Thursday,2023,7,July,27,Morning,,Not caused by the pedestrian,Bicicleta,Man,46,Driver,Desconegut,Unknown,Other activities,Minor injury: Medical assistance at accident site,431501.68,4584234.31,2.179370625,41.404888124,2023-07-27 12:00:00
2023S004566    ,Les Corts,la Maternitat i Sant Ramon,Mig (Descendent),Thursday,2023,7,July,27,Morning,,Not caused by the pedestrian,Veh. mobilitat personal amb motor,Woman,20,Driver,Desconegut,Unknown,Leisure and entertainment,Minor injury: Hospitalization up to 24 hours,427191.1,4581776.77,2.128100585,41.382375016,2023-07-27 13:00:00
2023S004567    ,Ciutat Vella,el Raval,Guàrdia,Thursday,2023,7,July,27,Afternoon,,Not caused by the pedestrian,Motorcycle,Woman,5,Pedestrian,Altres,Leisure and entertainment,Unknown,Minor injury: Hospitalization up to 24 hours,431039.01,4581216.51,2.174179644,41.377668123,2023-07-27 18:00:00
2023S004568    ,Ciutat Vella,la Barceloneta,Trelawny,Thursday,2023,7,July,27,Afternoon,,Not caused by the pedestrian,Bus,Woman,75,Passenger,Desconegut,Unknown,Unknown,Minor injury: Hospitalization up to 24 hours,432767.26,4582084.73,2.194749208,41.385634315,2023-07-27 14:00:00
2023S004569    ,Sant Martí,la Vila Olímpica del Poblenou,Wellington,Thursday,2023,7,July,27,Morning,,Not caused by the pedestrian,Bicicleta,Man,52,Driver,Desconegut,Unknown,Commuting,Minor injury: Hospitalization up to 24 hours,432308.98,4582533.2,2.189218407,41.389635114,2023-07-27 13:00:00
2023S004570    ,Sarrià-Sant Gervasi,Sant Gervasi - la Bonanova,General Mitre,Thursday,2023,7,July,27,Afternoon,,Not caused by the pedestrian,Furgoneta,Woman,47,Pedestrian,Desconegut,Unknown,Unknown,Minor injury: Refused medical assistance,428034.16,4584036.69,2.137913576,41.402805141,2023-07-27 15:00:00
2023S004571    ,Sant Andreu,la Sagrera,Meridiana,Thursday,2023,7,July,27,Afternoon,,Not caused by the pedestrian,Veh. mobilitat personal amb motor,Woman,54,Pedestrian,Altres,Unknown,Unknown,Minor injury: Hospitalization up to 24 hours,432152.02,4586223.7,2.186927218,41.422861136,2023-07-27 16:00:00
2023S004572    ,Sarrià-Sant Gervasi,Sant Gervasi - la Bonanova,Benedetti,Thursday,2023,7,July,27,Afternoon,,Not caused by the pedestrian,Autocaravana,Woman,32,Driver,Desconegut,Unknown,Leisure and entertainment,Minor injury: Hospitalization up to 24 hours,426972.87,4584864.31,2.125118346,41.410163403,2023-07-27 20:00:00
2023S004573    ,Sants-Montjuïc,el Poble-sec,Espanya,Thursday,2023,7,July,27,Afternoon,,Not caused by the pedestrian,Motorcycle,Man,50,Driver,Desconegut,Unknown,Commuting,Minor injury: Hospitalization up to 24 hours,428963.08,4580901.67,2.149393354,41.374651778,2023-07-27 14:00:00
2023S004575    ,Sant Martí,el Poblenou,Litoral (Besòs),Thursday,2023,7,July,27,Afternoon,,Not caused by the pedestrian,Motorcycle,Man,36,Driver,Desconegut,Unknown,Unknown,Minor injury: Hospitalization up to 24 hours,433778.05,4583139.0,2.206722149,41.39521378,2023-07-27 18:00:00
2023S004576    ,Horta-Guinardó,la Vall d'Hebron,Can Marcet,Thursday,2023,7,July,27,Afternoon,,Not caused by the pedestrian,Motorcycle,Man,38,Driver,Desconegut,Unknown,Unknown,Minor injury: Hospitalization up to 24 hours,428951.6,4587588.07,2.148470783,41.434872644,2023-07-27 19:00:00
2023S004578    ,Sarrià-Sant Gervasi,Sant Gervasi - la Bonanova,Dalt (Llobregat),Friday,2023,7,July,28,Night,,Not caused by the pedestrian,Motorcycle,Man,47,Driver,Desconegut,Unknown,Leisure and entertainment,Minor injury: Hospitalization up to 24 hours,427377.64,4585159.54,2.129925359,41.412859105,2023-07-28 01:00:00
2023S004579    ,Eixample,la Sagrada Família,Marina,Thursday,2023,7,July,27,Afternoon,,Not caused by the pedestrian,Motorcycle,Man,27,Driver,Desconegut,Unknown,Unknown,Minor injury: Hospitalization up to 24 hours,430879.37,4584427.44,2.171904064,41.406574287,2023-07-27 19:00:00
2023S004580    ,Sarrià-Sant Gervasi,el Putxet i el Farró,General Mitre,Friday,2023,7,July,28,Night,,Not caused by the pedestrian,Motorcycle,Woman,42,Driver,Desconegut,Unknown,Leisure and entertainment,Minor injury: Medical assistance at accident site,428782.88,4584341.58,2.146834023,41.405617877,2023-07-28 00:00:00
2023S004581    ,Nou Barris,Canyelles,Favència,Friday,2023,7,July,28,Night,,Not caused by the pedestrian,"Camió rígid > 3,5 tones",Man,57,Driver,Desconegut,Unknown,On a mission,Minor injury: Hospitalization up to 24 hours,430299.16,4588304.46,2.164515882,41.441443042,2023-07-28 05:00:00
2023S004582    ,Eixample,l'Antiga Esquerra de l'Eixample,Aragó,Thursday,2023,7,July,27,Afternoon,,Not caused by the pedestrian,Motorcycle,Man,64,Driver,Desconegut,Unknown,Commuting,Minor injury: Hospitalization up to 24 hours,429640.11,4582207.73,2.15733693,41.386474552,2023-07-27 19:00:00
2023S004583    ,Eixample,la Dreta de l'Eixample,Aragó,Friday,2023,7,July,28,Night,,Not caused by the pedestrian,Bicicleta,Man,32,Driver,Desconegut,Unknown,Other activities,Minor injury: Hospitalization up to 24 hours,430127.37,4582664.91,2.163111437,41.390634721,2023-07-28 00:00:00
2023S004584    ,Horta-Guinardó,el Guinardó,Teodor Llorente,Thursday,2023,7,July,27,Afternoon,,Not caused by the pedestrian,Bicicleta,Woman,52,Driver,Desconegut,Unknown,Unknown,Minor injury: Hospitalization up to 24 hours,431508.78,4585791.16,2.179279225,41.418910782,2023-07-27 21:00:00
2023S004585    ,Eixample,l'Antiga Esquerra de l'Eixample,Aribau,Friday,2023,7,July,28,Night,,Not caused by the pedestrian,Veh. mobilitat personal amb motor,Man,24,Driver,Desconegut,Unknown,Unknown,Minor injury: Hospitalization up to 24 hours,429645.09,4582587.71,2.157352332,41.389897342,2023-07-28 03:00:00
2023S004586    ,Eixample,la Dreta de l'Eixample,Sant Joan,Friday,2023,7,July,28,Morning,,Not caused by the pedestrian,Motorcycle,Man,34,Driver,Desconegut,Unknown,Leisure and entertainment,Minor injury: Hospitalization up to 24 hours,430786.51,4583519.87,2.170897011,41.398392104,2023-07-28 08:00:00
2023S004587    ,Sant Andreu,Navas,Josep Estivill,Thursday,2023,7,July,27,Afternoon,,Not caused by the pedestrian,Bicicleta,Man,75,Pedestrian,A la vorera / Andana,Other activities,Unknown,Minor injury: Medical assistance at accident site,432170.87,4585607.25,2.187221954,41.417310557,2023-07-27 18:00:00
2023S004589    ,Eixample,la Dreta de l'Eixample,Diagonal,Friday,2023,7,July,28,Morning,,Not caused by the pedestrian,Motorcycle,Man,35,Driver,Desconegut,Unknown,Other activities,Minor injury: Hospitalization up to 24 hours,429756.96,4583325.47,2.158604667,41.396551881,2023-07-28 13:00:00
2023S004590    ,Nou Barris,Can Peguera,Fabra i Puig,Friday,2023,7,July,28,Morning,,Not caused by the pedestrian,Ciclomotor,Woman,77,Pedestrian,Altres,Unknown,Unknown,Minor injury: Hospitalization up to 24 hours,430272.36,4587731.06,2.164261311,41.436276327,2023-07-28 09:00:00
2023S004591    ,Sant Andreu,Sant Andreu,Gran de Sant Andreu,Friday,2023,7,July,28,Morning,,Not caused by the pedestrian,Bus,Man,71,Passenger,Desconegut,Unknown,Unknown,Minor injury: Hospitalization up to 24 hours,432394.7,4587024.47,2.18974154,41.430093887,2023-07-28 12:00:00
2023S004594    ,Sant Andreu,Sant Andreu,Gran de Sant Andreu,Friday,2023,7,July,28,Afternoon,,Not caused by the pedestrian,Veh. mobilitat personal amb motor,Woman,76,Pedestrian,Altres,Unknown,Unknown,Minor injury: Hospitalization up to 24 hours,432373.83,4587394.69,2.189450336,41.43342658,2023-07-28 14:00:00
2023S004595    ,Sants-Montjuïc,el Poble-sec,Foc,Friday,2023,7,July,28,Morning,,Not caused by the pedestrian,Motorcycle,Man,40,Driver,Desconegut,Unknown,Unknown,Minor injury: Hospitalization up to 24 hours,429139.56,4579303.27,2.151690417,41.360271056,2023-07-28 13:00:00
2023S004597    ,Sants-Montjuïc,la Bordeta,Blanca,Friday,2023,7,July,28,Afternoon,,Not caused by the pedestrian,Motorcycle,Woman,48,Passenger,Desconegut,Unknown,Unknown,Minor injury: Hospitalization up to 24 hours,427414.26,4580298.28,2.130946365,41.369078986,2023-07-28 14:00:00
2023S004598    ,Sant Martí,Diagonal Mar i el Front Marítim del Poblenou,Garcia Fària,Friday,2023,7,July,28,Afternoon,,Not caused by the pedestrian,Motorcycle,Man,30,Driver,Desconegut,Unknown,Unknown,Minor injury: Hospitalization up to 24 hours,434299.84,4583908.15,2.212879771,41.402184166,2023-07-28 15:00:00
2023S004601    ,Eixample,la Nova Esquerra de l'Eixample,Corts Catalanes,Friday,2023,7,July,28,Afternoon,,Not caused by the pedestrian,Motorcycle,Man,39,Driver,Desconegut,Unknown,Unknown,Minor injury: Hospitalization up to 24 hours,429737.74,4581724.85,2.15856054,41.382133946,2023-07-28 19:00:00
2023S004602    ,Eixample,la Dreta de l'Eixample,Catalunya,Friday,2023,7,July,28,Afternoon,,Not caused by the pedestrian,Bicicleta,Woman,61,Pedestrian,En pas regulat per semàfor,Leisure and entertainment,Unknown,Minor injury: Hospitalization up to 24 hours,430345.56,4582527.49,2.165736808,41.389415958,2023-07-28 15:00:00
2023S004603    ,Sant Martí,el Poblenou,Bilbao,Saturday,2023,7,July,29,Night,,Not caused by the pedestrian,Veh. mobilitat personal amb motor,Man,25,Driver,Desconegut,Unknown,Unknown,Minor injury: Medical assistance at accident site,433090.05,4584419.2,2.198351418,41.406687227,2023-07-29 01:00:00
2023S004604    ,Eixample,la Dreta de l'Eixample,Diagonal,Saturday,2023,7,July,29,Night,,Not caused by the pedestrian,Motorcycle,Man,34,Driver,Desconegut,Unknown,Commuting,Minor injury: Medical assistance at accident site,430706.95,4583601.64,2.169935992,41.399121724,2023-07-29 01:00:00
2023S004605    ,Les Corts,Pedralbes,Dalt (Besòs),Saturday,2023,7,July,29,Night,,Not caused by the pedestrian,"Camió rígid > 3,5 tones",Man,53,Driver,Desconegut,Unknown,Servei de neteja o recollida d'escombraries,Minor injury: Hospitalization up to 24 hours,425006.85,4581750.14,2.101983865,41.381934435,2023-07-29 01:00:00
2023S004609    ,Sant Martí,el Camp de l'Arpa del Clot,Las Navas de Tolosa,Friday,2023,7,July,28,Afternoon,,Not caused by the pedestrian,Car,Woman,58,Driver,Desconegut,Unknown,Unknown,Minor injury: Hospitalization up to 24 hours,432117.37,4585439.3,2.186600685,41.415793363,2023-07-28 21:00:00
2023S004610    ,Eixample,la Dreta de l'Eixample,Provença,Friday,2023,7,July,28,Morning,,Not caused by the pedestrian,"Camió rígid <= 3,5 tones",Woman,63,Pedestrian,Fora del pas,Unknown,Unknown,Minor injury: Hospitalization up to 24 hours,429868.7,4582996.42,2.159979329,41.393597996,2023-07-28 11:00:00
2023S004611    ,Sant Martí,el Camp de l'Arpa del Clot,Rogent,Saturday,2023,7,July,29,Morning,,Not caused by the pedestrian,Ciclomotor,Woman,51,Driver,Desconegut,Unknown,Unknown,Minor injury: Medical assistance at accident site,432131.07,4584631.66,2.186855248,41.408520352,2023-07-29 13:00:00
2023S004612    ,Sant Martí,la Vila Olímpica del Poblenou,Litoral (Llobregat),Saturday,2023,7,July,29,Afternoon,,Not caused by the pedestrian,Ciclomotor,Man,26,Driver,Desconegut,Unknown,Leisure and entertainment,Minor injury: Medical assistance at accident site,432731.79,4582228.94,2.194308993,41.386930212,2023-07-29 19:00:00
2023S004613    ,Sarrià-Sant Gervasi,Sant Gervasi - Galvany,Augusta,Saturday,2023,7,July,29,Morning,,Not caused by the pedestrian,Car,Woman,36,Driver,Desconegut,Unknown,Unknown,Minor injury: Hospitalization up to 24 hours,428713.85,4583795.76,2.146072551,41.400695763,2023-07-29 12:00:00
2023S004614    ,Les Corts,les Corts,Diagonal,Saturday,2023,7,July,29,Afternoon,,Not caused by the pedestrian,Bus,Woman,62,Passenger,Desconegut,Unknown,Unknown,Minor injury: Hospitalization up to 24 hours,427769.46,4582595.23,2.134919226,41.389798734,2023-07-29 17:00:00
2023S004615    ,Eixample,l'Antiga Esquerra de l'Eixample,Aragó,Saturday,2023,7,July,29,Afternoon,,Not caused by the pedestrian,Motorcycle,Man,58,Driver,Desconegut,Unknown,Unknown,Minor injury: Hospitalization up to 24 hours,429830.93,4582396.05,2.15959717,41.388187366,2023-07-29 15:00:00
2023S004616    ,Nou Barris,Verdun,Marín,Saturday,2023,7,July,29,Afternoon,,Not caused by the pedestrian,Car,Woman,72,Pedestrian,A la vorera / Andana,Leisure and entertainment,Unknown,Minor injury: Hospitalization up to 24 hours,431031.9,4588482.51,2.173265985,41.443109984,2023-07-29 16:00:00
2023S004617    ,Horta-Guinardó,Horta,Horta a Cerdanyola,Saturday,2023,7,July,29,Afternoon,,Not caused by the pedestrian,Car,Woman,16,Passenger,Desconegut,Unknown,Unknown,Minor injury: Hospitalization up to 24 hours,429141.7,4588500.2,2.150638894,41.443104615,2023-07-29 18:00:00
2023S004618    ,Ciutat Vella,"Sant Pere, Santa Caterina i la Ribera",Isabel II,Saturday,2023,7,July,29,Afternoon,,Not caused by the pedestrian,Motorcycle,Man,51,Driver,Desconegut,Unknown,Leisure and entertainment,Minor injury: Hospitalization up to 24 hours,431713.95,4581617.07,2.182205218,41.381333454,2023-07-29 20:00:00
2023S004619    ,Nou Barris,la Trinitat Nova,Aiguablava,Saturday,2023,7,July,29,Afternoon,,Not caused by the pedestrian,Veh. mobilitat personal amb motor,Man,26,Driver,Desconegut,Unknown,Other activities,Minor injury: Medical assistance at accident site,431626.17,4588928.51,2.180328708,41.447177802,2023-07-29 19:00:00
2023S004620    ,Eixample,la Dreta de l'Eixample,Aragó,Sunday,2023,7,July,30,Night,,Not caused by the pedestrian,Car,Woman,30,Passenger,Desconegut,Unknown,Unknown,Minor injury: Hospitalization up to 24 hours,430498.67,4583050.27,2.167507952,41.394137725,2023-07-30 00:00:00
2023S004621    ,Ciutat Vella,el Barri Gòtic,Laietana,Sunday,2023,7,July,30,Night,,Not caused by the pedestrian,Furgoneta,Man,39,Driver,Desconegut,Unknown,"Bombers, policia, ambulància",Minor injury: Hospitalization up to 24 hours,431321.86,4582003.38,2.177472649,41.384779449,2023-07-30 02:00:00
2023S004622    ,Sant Martí,el Camp de l'Arpa del Clot,Indústria,Saturday,2023,7,July,29,Night,,Not caused by the pedestrian,Bicicleta,Man,18,Driver,Desconegut,Unknown,On a mission,Minor injury: Medical assistance at accident site,431936.0,4585592.05,2.184413448,41.417153784,2023-07-29 22:00:00
2023S004623    ,Sant Martí,Diagonal Mar i el Front Marítim del Poblenou,Litoral (Besòs),Sunday,2023,7,July,30,Night,,Not caused by the pedestrian,Motorcycle,Man,41,Driver,Desconegut,Unknown,Leisure and entertainment,Minor injury: Medical assistance at accident site,434131.96,4583677.31,2.210896674,41.400091299,2023-07-30 05:00:00
2023S004624    ,Sant Andreu,el Bon Pastor,Avançada,Saturday,2023,7,July,29,Afternoon,,Not caused by the pedestrian,Veh. mobilitat personal amb motor,Man,21,Driver,Desconegut,Unknown,Leisure and entertainment,Minor injury: Refused medical assistance,434005.51,4587569.74,2.208959157,41.435139024,2023-07-29 21:00:00
2023S004625    ,Sant Martí,el Clot,Clot,Saturday,2023,7,July,29,Afternoon,,Not caused by the pedestrian,Motorcycle,Man,31,Driver,Desconegut,Unknown,Unknown,Minor injury: Hospitalization up to 24 hours,432427.14,4585226.02,2.190330833,41.413898536,2023-07-29 21:00:00
2023S004626    ,Eixample,la Sagrada Família,Vilaret,Sunday,2023,7,July,30,Night,,Not caused by the pedestrian,Veh. mobilitat personal amb motor,Man,23,Driver,Desconegut,Unknown,Commuting,Minor injury: Hospitalization up to 24 hours,431627.73,4584340.1,2.180866565,41.405851679,2023-07-30 00:00:00
2023S004627    ,Sant Martí,el Camp de l'Arpa del Clot,Mallorca,Sunday,2023,7,July,30,Morning,,Crossing outside the pedestrian crossing,Veh. mobilitat personal amb motor,Woman,50,Driver,Altres,Unknown,Leisure and entertainment,Minor injury: Hospitalization up to 24 hours,432040.73,4584918.32,2.185742264,41.411094575,2023-07-30 08:00:00
2023S004628    ,Eixample,la Sagrada Família,València,Sunday,2023,7,July,30,Night,,Not caused by the pedestrian,Motorcycle,Woman,28,Passenger,Desconegut,Unknown,Unknown,Minor injury: Hospitalization up to 24 hours,431460.95,4584179.19,2.17888963,41.404388202,2023-07-30 04:00:00
2023S004629    ,Sants-Montjuïc,el Poble-sec,Josep Carner,Saturday,2023,7,July,29,Morning,,Not caused by the pedestrian,Motorcycle,Man,57,Driver,Desconegut,Unknown,Leisure and entertainment,Minor injury: Hospitalization up to 24 hours,431057.25,4580570.36,2.174471282,41.371849989,2023-07-29 13:00:00
2023S004630    ,Horta-Guinardó,el Baix Guinardó,Castillejos,Sunday,2023,7,July,30,Morning,,Not caused by the pedestrian,Car,Woman,85,Pedestrian,En pas regulat per semàfor,Leisure and entertainment,Unknown,Serious injury: Hospitalization over 24 hours,430502.48,4585416.61,2.167281664,41.415450887,2023-07-30 11:00:00
2023S004631    ,Eixample,l'Antiga Esquerra de l'Eixample,Comte d'Urgell,Sunday,2023,7,July,30,Night,,Not caused by the pedestrian,Car,Man,37,Driver,Desconegut,Unknown,Taxi,Minor injury: Medical assistance at accident site,429634.84,4581829.77,2.157317825,41.383069929,2023-07-30 05:00:00
2023S004632    ,Eixample,la Dreta de l'Eixample,Sant Joan,Sunday,2023,7,July,30,Morning,,Not caused by the pedestrian,Autobús articulat,Woman,75,Passenger,Desconegut,Unknown,Unknown,Minor injury: Hospitalization up to 24 hours,430786.51,4583519.87,2.170897011,41.398392104,2023-07-30 10:00:00
2023S004633    ,Sant Andreu,Baró de Viver,Pilar Miró,Sunday,2023,7,July,30,Morning,,Not caused by the pedestrian,Motorcycle,Woman,31,Driver,Desconegut,Unknown,Unknown,Minor injury: Hospitalization up to 24 hours,433055.46,4589197.32,2.197408203,41.449719424,2023-07-30 12:00:00
2023S004634    ,Sant Andreu,Navas,Concepción Arenal,Sunday,2023,7,July,30,Afternoon,,Disobeying the traffic light signal,Motorcycle,Woman,26,Passenger,En pas regulat per semàfor,Unknown,Unknown,Minor injury: Medical assistance at accident site,431886.01,4585919.95,2.183778373,41.420102837,2023-07-30 15:00:00
2023S004635    ,Eixample,el Fort Pienc,Corts Catalanes,Sunday,2023,7,July,30,Afternoon,,Not caused by the pedestrian,Ciclomotor,Woman,25,Passenger,Desconegut,Unknown,Unknown,Minor injury: Hospitalization up to 24 hours,431843.45,4583785.44,2.183509686,41.40087435,2023-07-30 14:00:00
2023S004636    ,Sants-Montjuïc,el Poble-sec,Magalhães,Sunday,2023,7,July,30,Afternoon,,Not caused by the pedestrian,Motorcycle,Man,37,Driver,Desconegut,Unknown,On a mission,Serious injury: Hospitalization over 24 hours,430103.68,4580617.97,2.163064338,41.372196504,2023-07-30 18:00:00
2023S004637    ,Eixample,la Dreta de l'Eixample,Corts Catalanes,Sunday,2023,7,July,30,Afternoon,,Not caused by the pedestrian,Motorcycle,Man,35,Driver,Desconegut,Unknown,Leisure and entertainment,Minor injury: Hospitalization up to 24 hours,430452.15,4582422.95,2.167023614,41.388483628,2023-07-30 15:00:00
2023S004638    ,Nou Barris,les Roquetes,Dalt (Llobregat),Sunday,2023,7,July,30,Afternoon,,Not caused by the pedestrian,Car,Woman,29,Passenger,Desconegut,Unknown,Unknown,Minor injury: Hospitalization up to 24 hours,431162.96,4588643.52,2.174816375,41.444571395,2023-07-30 18:00:00
2023S004639    ,Eixample,la Dreta de l'Eixample,Corts Catalanes,Sunday,2023,7,July,30,Afternoon,,Not caused by the pedestrian,Motorcycle,Woman,27,Passenger,Desconegut,Unknown,Unknown,Minor injury: Medical assistance at accident site,430786.78,4582752.66,2.170987978,41.391482105,2023-07-30 21:00:00
2023S004642    ,Sarrià-Sant Gervasi,Sarrià,Bonanova,Monday,2023,7,July,31,Night,,Not caused by the pedestrian,Veh. mobilitat personal amb motor,Man,20,Driver,Desconegut,Unknown,Unknown,Minor injury: Medical assistance at accident site,426909.24,4583916.22,2.124471666,41.401618584,2023-07-31 01:00:00
2023S004643    ,Eixample,la Nova Esquerra de l'Eixample,Roma,Monday,2023,7,July,31,Morning,,Not caused by the pedestrian,Veh. mobilitat personal amb motor,Man,53,Pedestrian,A la vorera / Andana,Unknown,Unknown,Minor injury: Medical assistance at accident site,428666.7,4581674.2,2.14575855,41.38158346,2023-07-31 09:00:00
2023S004645    ,Sant Martí,el Poblenou,Litoral (Besòs),Monday,2023,7,July,31,Morning,,Disobeying the traffic light signal,"Camió rígid <= 3,5 tones",Man,62,Pedestrian,En pas regulat per semàfor,Leisure and entertainment,Unknown,Serious injury: Hospitalization over 24 hours,433805.72,4583170.62,2.207049651,41.395500854,2023-07-31 11:00:00
2023S004646    ,Sarrià-Sant Gervasi,Sant Gervasi - Galvany,Balmes,Monday,2023,7,July,31,Morning,,Not caused by the pedestrian,Car,Man,61,Driver,Desconegut,Unknown,Unknown,Minor injury: Refused medical assistance,429232.44,4583420.98,2.152319669,41.397366091,2023-07-31 11:00:00
2023S004647    ,Eixample,la Dreta de l'Eixample,Gràcia,Monday,2023,7,July,31,Afternoon,,Not caused by the pedestrian,Ciclomotor,Woman,53,Driver,Desconegut,Unknown,Unknown,Minor injury: Hospitalization up to 24 hours,430092.87,4583083.16,2.162650512,41.394398763,2023-07-31 14:00:00
2023S004648    ,Sants-Montjuïc,Sants,Comtes de Bell-lloc,Monday,2023,7,July,31,Afternoon,,Not caused by the pedestrian,Taxi,Woman,29,Pedestrian,En pas sense regular,Unknown,Unknown,Minor injury: Hospitalization up to 24 hours,428008.34,4581447.56,2.137912623,41.379483525,2023-07-31 15:00:00
2023S004649    ,Eixample,la Sagrada Família,València,Monday,2023,7,July,31,Afternoon,,Not caused by the pedestrian,Bicicleta,Woman,58,Driver,Desconegut,Unknown,Unknown,Minor injury: Hospitalization up to 24 hours,431139.81,4583881.22,2.175081879,41.401677021,2023-07-31 15:00:00