Case_Number,District_Name,Neighborhood_Name,Street_Name,Day_of_Week,Year,Month_Code,Month_Name,Day_of_Month,Shift_Description,Hour_of_Day,Pedestrian_Cause_Description,Involved_Vehicle_Type,Gender_Description,Age,Person_Type_Description,Pedestrian_Accident_Location_Description,Pedestrian_Movement_Reason_Description,Driver_Movement_Reason_Description,Victimization_Description,UTM_X_Coordinate,UTM_Y_Coordinate,Longitude,Latitude,datetime
2023S004859    ,Sarrià-Sant Gervasi,Sarrià,Gaspar Cassadó,Friday,2023,8,August,11,Afternoon,,Not caused by the pedestrian,Car,Woman,24,Passenger,Desconegut,Unknown,Unknown,Minor injury: Medical assistance at accident site,425828.22,4583381.81,2.111606125,41.396706346,2023-08-11 18:00:00
2023S004860    ,Sarrià-Sant Gervasi,les Tres Torres,Augusta,Friday,2023,8,August,11,Afternoon,,Not caused by the pedestrian,Motorcycle,Man,38,Driver,Desconegut,Unknown,On a mission,Minor injury: Hospitalization up to 24 hours,427395.49,4583501.99,2.130337859,41.397931866,2023-08-11 17:00:00
2023S004861    ,Horta-Guinardó,el Baix Guinardó,Guinardó,Friday,2023,8,August,11,Afternoon,,Not caused by the pedestrian,Car,Woman,34,Driver,Desconegut,Unknown,Unknown,Minor injury: Hospitalization up to 24 hours,430786.53,4585244.59,2.1706999,41.41392609,2023-08-11 17:00:00
2023S004862    ,Eixample,la Dreta de l'Eixample,Ausiàs Marc,Friday,2023,8,August,11,Afternoon,,Not caused by the pedestrian,Ciclomotor,Man,30,Driver,Desconegut,Unknown,Other activities,Minor injury: Hospitalization up to 24 hours,430987.16,4582551.3,2.173407521,41.389685744,2023-08-11 19:00:00
2023S004863    ,Les Corts,les Corts,Mig (Ascendent),Friday,2023,8,August,11,Night,,Not caused by the pedestrian,Motorcycle,Woman,33,Passenger,Desconegut,Unknown,Unknown,Minor injury: Hospitalization up to 24 hours,427237.23,4581703.8,2.128660994,41.38172198,2023-08-11 23:00:00
2023S004866    ,Sarrià-Sant Gervasi,Sant Gervasi - Galvany,Diagonal,Saturday,2023,8,August,12,Night,,Not caused by the pedestrian,Motorcycle,Man,32,Driver,Desconegut,Unknown,Leisure and entertainment,Minor injury: Hospitalization up to 24 hours,429301.07,4583149.39,2.153172296,41.394926017,2023-08-12 00:00:00
2023S004867    ,Gràcia,el Coll,Mare de Déu del Coll,Friday,2023,8,August,11,Afternoon,,Not caused by the pedestrian,Motorcycle,Woman,31,Driver,Desconegut,Unknown,Leisure and entertainment,Minor injury: Hospitalization up to 24 hours,428827.79,4585582.8,2.14722519,41.416801039,2023-08-11 17:00:00
2023S004869    ,Sant Andreu,Sant Andreu,Dalt (Llobregat),Friday,2023,8,August,11,Afternoon,,Not caused by the pedestrian,Motorcycle,Man,46,Driver,Desconegut,Unknown,Unknown,Minor injury: Medical assistance at accident site,432922.68,4588961.94,2.195844856,41.447588345,2023-08-11 20:00:00
2023S004870    ,Sant Martí,el Parc i la Llacuna del Poblenou,Diagonal,Saturday,2023,8,August,12,Morning,,Not caused by the pedestrian,Veh. mobilitat personal amb motor,Man,84,Pedestrian,En zona peatonal,Unknown,Unknown,Minor injury: Hospitalization up to 24 hours,432462.86,4584186.25,2.190874314,41.404536633,2023-08-12 09:00:00
2023S004871    ,Sant Martí,el Camp de l'Arpa del Clot,Meridiana,Friday,2023,8,August,11,Afternoon,,Not caused by the pedestrian,Bicicleta,Woman,32,Pedestrian,A la vorera / Andana,Unknown,Unknown,Minor injury: Medical assistance at accident site,432159.98,4584736.78,2.187189318,41.409469578,2023-08-11 20:00:00
2023S004872    ,Horta-Guinardó,la Vall d'Hebron,Dalt (Llobregat),Saturday,2023,8,August,12,Morning,,Not caused by the pedestrian,Car,Woman,32,Passenger,Desconegut,Unknown,Unknown,Minor injury: Hospitalization up to 24 hours,428408.32,4586457.54,2.142102724,41.424642175,2023-08-12 12:00:00
2023S004873    ,Sants-Montjuïc,la Font de la Guatlla,Corts Catalanes,Friday,2023,8,August,11,Night,,Not caused by the pedestrian,Car,Woman,57,Passenger,Desconegut,Unknown,Unknown,Minor injury: Medical assistance at accident site,428785.17,4580755.16,2.147283295,41.373316478,2023-08-11 23:00:00
2023S004874    ,Les Corts,les Corts,Marquès de Sentmenat,Saturday,2023,8,August,12,Afternoon,,Not caused by the pedestrian,Motorcycle,Woman,56,Passenger,Desconegut,Unknown,Unknown,Minor injury: Hospitalization up to 24 hours,428085.94,4582094.4,2.138763748,41.385316319,2023-08-12 14:00:00
2023S004875    ,Horta-Guinardó,el Carmel,Ciències,Saturday,2023,8,August,12,Afternoon,,Not caused by the pedestrian,Motorcycle,Man,30,Driver,Desconegut,Unknown,Leisure and entertainment,Minor injury: Hospitalization up to 24 hours,429784.5,4586510.07,2.158564319,41.42523682,2023-08-12 14:00:00
2023S004876    ,Nou Barris,Vilapicina i la Torre Llobeta,Arnau d'Oms,Saturday,2023,8,August,12,Afternoon,,Not caused by the pedestrian,Motorcycle,Man,31,Driver,Desconegut,Unknown,Unknown,Minor injury: Hospitalization up to 24 hours,431328.4,4586889.08,2.176996174,41.428783967,2023-08-12 14:00:00
2023S004877    ,Sants-Montjuïc,la Bordeta,Corts Catalanes,Saturday,2023,8,August,12,Afternoon,,Not caused by the pedestrian,Car,Man,45,Driver,Desconegut,Unknown,Commuting,Minor injury: Hospitalization up to 24 hours,428225.71,4580279.72,2.140650262,41.368984627,2023-08-12 16:00:00
2023S004878    ,Horta-Guinardó,la Vall d'Hebron,Jorge Manrique,Saturday,2023,8,August,12,Afternoon,,Not caused by the pedestrian,Car,Woman,64,Passenger,Desconegut,Unknown,Unknown,Minor injury: Hospitalization up to 24 hours,429271.61,4587149.73,2.152352021,41.430952961,2023-08-12 17:00:00
2023S004879    ,Eixample,la Dreta de l'Eixample,Gràcia,Saturday,2023,8,August,12,Afternoon,,Not caused by the pedestrian,Motorcycle,Woman,38,Driver,Desconegut,Unknown,Leisure and entertainment,Minor injury: Medical assistance at accident site,430097.2,4583030.1,2.16270843,41.393921246,2023-08-12 17:00:00
2023S004881    ,Sants-Montjuïc,el Poble-sec,Paral·lel,Sunday,2023,8,August,13,Night,,Not caused by the pedestrian,Bus,Man,55,Passenger,Desconegut,Unknown,Unknown,Minor injury: Hospitalization up to 24 hours,430219.12,4580905.36,2.164411514,41.374794965,2023-08-13 00:00:00
2023S004882    ,Eixample,el Fort Pienc,Corts Catalanes,Sunday,2023,8,August,13,Night,,Not caused by the pedestrian,Car,Man,53,Driver,Desconegut,Unknown,"Bombers, policia, ambulància",Minor injury: Hospitalization up to 24 hours,431267.0,4583221.11,2.176678318,41.395742501,2023-08-13 03:00:00
2023S004883    ,Sant Martí,el Clot,Sèquia Comtal,Sunday,2023,8,August,13,Morning,,Disobeying the traffic light signal,Bicicleta,Man,32,Driver,En pas regulat per semàfor,Unknown,Activitat esportiva particular,Minor injury: Refused medical assistance,432076.51,4584712.38,2.186193461,41.409242761,2023-08-13 08:00:00
2023S004884    ,Eixample,l'Antiga Esquerra de l'Eixample,Balmes,Saturday,2023,8,August,12,Afternoon,,Not caused by the pedestrian,Ciclomotor,Woman,21,Driver,Desconegut,Unknown,Leisure and entertainment,Minor injury: Medical assistance at accident site,429807.03,4582788.38,2.159265847,41.391718866,2023-08-12 15:00:00
2023S004885    ,Eixample,l'Antiga Esquerra de l'Eixample,Diagonal,Sunday,2023,8,August,13,Morning,,Crossing outside the pedestrian crossing,Motorcycle,Man,27,Pedestrian,Fora del pas,Leisure and entertainment,Unknown,Minor injury: Hospitalization up to 24 hours,428643.85,4582908.97,2.145339783,41.392702564,2023-08-13 12:00:00
2023S004886    ,Horta-Guinardó,el Carmel,Conca de Tremp,Sunday,2023,8,August,13,Morning,,Not caused by the pedestrian,Bicicleta,Man,19,Driver,Desconegut,Unknown,Leisure and entertainment,Serious injury: Hospitalization over 24 hours,429557.37,4586269.57,2.155874433,41.423050835,2023-08-13 13:00:00
2023S004887    ,Sant Martí,Sant Martí de Provençals,Bac de Roda,Sunday,2023,8,August,13,Afternoon,,Not caused by the pedestrian,Veh. mobilitat personal amb motor,Man,21,Driver,Desconegut,Unknown,Commuting,Minor injury: Medical assistance at accident site,432792.64,4585292.45,2.194696433,41.414527519,2023-08-13 16:00:00
2023S004889    ,Ciutat Vella,la Barceloneta,Gas,Sunday,2023,8,August,13,Afternoon,,Others,Veh. mobilitat personal amb motor,Man,30,Pedestrian,Fora del pas,Unknown,Unknown,Minor injury: Medical assistance at accident site,432758.38,4581836.02,2.194670628,41.383393501,2023-08-13 17:00:00
2023S004890    ,Horta-Guinardó,Sant Genís dels Agudells,Vallvidrera al Tibidabo,Sunday,2023,8,August,13,Afternoon,,Not caused by the pedestrian,Bicicleta,Man,31,Driver,Desconegut,Unknown,Leisure and entertainment,Minor injury: Hospitalization up to 24 hours,426622.3,4586175.59,2.120765165,41.421941551,2023-08-13 19:00:00
2023S004891    ,Gràcia,Vallcarca i els Penitents,Dalt (Besòs),Sunday,2023,8,August,13,Afternoon,,Not caused by the pedestrian,Car,Woman,40,Driver,Desconegut,Unknown,Unknown,Minor injury: Hospitalization up to 24 hours,428060.23,4585300.07,2.13807516,41.414186223,2023-08-13 20:00:00
2023S004893    ,Eixample,el Fort Pienc,Ausiàs Marc,Sunday,2023,8,August,13,Afternoon,,Not caused by the pedestrian,Bicicleta,Man,48,Driver,Desconegut,Unknown,Leisure and entertainment,Minor injury: Hospitalization up to 24 hours,431604.17,4583169.0,2.180717103,41.395301925,2023-08-13 20:00:00
2023S004894    ,Eixample,la Dreta de l'Eixample,Tetuan,Sunday,2023,8,August,13,Afternoon,,Not caused by the pedestrian,Motorcycle,Man,44,Driver,Desconegut,Unknown,Unknown,Minor injury: Hospitalization up to 24 hours,431076.53,4583033.4,2.174421483,41.394035543,2023-08-13 21:00:00
2023S004895    ,Eixample,Sant Antoni,Espanya,Sunday,2023,8,August,13,Afternoon,,Not caused by the pedestrian,Motorcycle,Woman,42,Pedestrian,En pas sense regular,Leisure and entertainment,Unknown,Minor injury: Medical assistance at accident site,429045.14,4580981.92,2.150365152,41.375381806,2023-08-13 20:00:00
2023S004896    ,Sants-Montjuïc,la Marina de Port,Ferrocarrils Catalans,Monday,2023,8,August,14,Night,,Not caused by the pedestrian,Car,Man,32,Driver,Desconegut,Unknown,"Bombers, policia, ambulància",Minor injury: Hospitalization up to 24 hours,428176.53,4579554.71,2.140148176,41.362450317,2023-08-14 02:00:00
2023S004897    ,Horta-Guinardó,el Baix Guinardó,Guinardó,Sunday,2023,8,August,13,Night,,Not caused by the pedestrian,Ciclomotor,Woman,31,Passenger,Desconegut,Unknown,Unknown,Minor injury: Hospitalization up to 24 hours,430786.53,4585244.59,2.1706999,41.41392609,2023-08-13 23:00:00
2023S004898    ,Sant Andreu,Navas,Trinxant,Monday,2023,8,August,14,Morning,,Not caused by the pedestrian,Car,Woman,34,Pedestrian,En pas regulat per semàfor,Leisure and entertainment,Unknown,Minor injury: Hospitalization up to 24 hours,431752.73,4585588.35,2.182221049,41.417104906,2023-08-14 10:00:00
2023S004899    ,Sants-Montjuïc,la Marina de Port,Mare de Déu de Port,Monday,2023,8,August,14,Morning,,Crossing outside the pedestrian crossing,Bicicleta,Man,74,Pedestrian,Fora del pas,Unknown,Unknown,Minor injury: Hospitalization up to 24 hours,428199.67,4579352.94,2.140448706,41.360635106,2023-08-14 10:00:00
2023S004900    ,Sant Martí,el Camp de l'Arpa del Clot,Joan de Peguera,Monday,2023,8,August,14,Morning,,Not caused by the pedestrian,Veh. mobilitat personal amb motor,Woman,29,Driver,Desconegut,Unknown,On a mission,Minor injury: Hospitalization up to 24 hours,431822.85,4585372.82,2.183084336,41.415169651,2023-08-14 11:00:00
2023S004901    ,Sarrià-Sant Gervasi,Sant Gervasi - Galvany,Modolell,Monday,2023,8,August,14,Morning,,Not caused by the pedestrian,Car,Man,62,Driver,Desconegut,Unknown,Unknown,Minor injury: Refused medical assistance,428014.08,4583986.13,2.137679391,41.402347969,2023-08-14 12:00:00
2023S004902    ,Ciutat Vella,"Sant Pere, Santa Caterina i la Ribera",Laietana,Monday,2023,8,August,14,Afternoon,,Not caused by the pedestrian,Veh. mobilitat personal amb motor,Woman,24,Pedestrian,En pas regulat per semàfor,Leisure and entertainment,Unknown,Minor injury: Hospitalization up to 24 hours,431165.44,4582165.91,2.175583547,41.386229934,2023-08-14 16:00:00
2023S004904    ,Eixample,la Dreta de l'Eixample,Corts Catalanes,Monday,2023,8,August,14,Morning,,Not caused by the pedestrian,Autobús articulat,Woman,91,Passenger,Desconegut,Unknown,Unknown,Minor injury: Hospitalization up to 24 hours,430557.69,4582525.42,2.168274082,41.389415667,2023-08-14 13:00:00
2023S004906    ,Eixample,la Dreta de l'Eixample,Aragó,Monday,2023,8,August,14,Afternoon,,Not caused by the pedestrian,Ciclomotor,Woman,18,Passenger,Desconegut,Unknown,Unknown,Minor injury: Hospitalization up to 24 hours,430069.92,4582608.66,2.162430831,41.3901231,2023-08-14 19:00:00
2023S004907    ,Gràcia,la Vila de Gràcia,Gràcia,Monday,2023,8,August,14,Night,,Not caused by the pedestrian,Motorcycle,Man,46,Driver,Desconegut,Unknown,Leisure and entertainment,Minor injury: Hospitalization up to 24 hours,429977.6,4584088.94,2.161155413,41.403447448,2023-08-14 23:00:00
2023S004908    ,Sants-Montjuïc,la Marina de Port,Foneria,Monday,2023,8,August,14,Afternoon,,Not caused by the pedestrian,Veh. mobilitat personal amb motor,Woman,77,Pedestrian,A la vorera / Andana,Leisure and entertainment,Unknown,Minor injury: Hospitalization up to 24 hours,427942.71,4579273.62,2.137386315,41.359897729,2023-08-14 21:00:00
2023S004909    ,Ciutat Vella,el Barri Gòtic,Rambla,Tuesday,2023,8,August,15,Night,,Not caused by the pedestrian,Motorcycle,Woman,23,Passenger,Desconegut,Unknown,Unknown,Minor injury: Hospitalization up to 24 hours,431177.31,4581360.83,2.175816995,41.37897982,2023-08-15 02:00:00
2023S004911    ,Eixample,la Dreta de l'Eixample,Catalunya,Tuesday,2023,8,August,15,Morning,,Not caused by the pedestrian,Motorcycle,Woman,53,Driver,Desconegut,Unknown,Leisure and entertainment,Minor injury: Hospitalization up to 24 hours,430155.92,4582713.39,2.163447302,41.391073846,2023-08-15 11:00:00
2023S004912    ,Eixample,la Dreta de l'Eixample,Corts Catalanes,Tuesday,2023,8,August,15,Morning,,Not caused by the pedestrian,Car,Man,41,Passenger,Desconegut,Unknown,Unknown,Minor injury: Hospitalization up to 24 hours,431055.83,4582977.34,2.174180282,41.393528852,2023-08-15 13:00:00
2023S004913    ,Sants-Montjuïc,el Poble-sec,Rius i Taulet,Tuesday,2023,8,August,15,Afternoon,,Not caused by the pedestrian,Motorcycle,Woman,28,Driver,Desconegut,Unknown,Unknown,Minor injury: Medical assistance at accident site,429128.42,4580567.28,2.151409448,41.37165462,2023-08-15 14:00:00
2023S004914    ,Sant Martí,Diagonal Mar i el Front Marítim del Poblenou,Marítim del Bogatell,Tuesday,2023,8,August,15,Afternoon,,Not caused by the pedestrian,Bicicleta,Woman,52,Driver,Desconegut,Unknown,Unknown,Minor injury: Hospitalization up to 24 hours,433778.29,4582998.49,2.206740394,41.393948259,2023-08-15 15:00:00
2023S004915    ,Sants-Montjuïc,la Marina de Port,Zona Franca,Tuesday,2023,8,August,15,Morning,,Not caused by the pedestrian,Veh. mobilitat personal amb motor,Man,18,Driver,Desconegut,Unknown,Unknown,Minor injury: Medical assistance at accident site,428188.51,4579099.98,2.140345254,41.358355782,2023-08-15 13:00:00
2023S004916    ,Sant Martí,el Poblenou,Litoral (Besòs),Tuesday,2023,8,August,15,Morning,,Not caused by the pedestrian,Car,Man,81,Driver,Desconegut,Unknown,Leisure and entertainment,Minor injury: Medical assistance at accident site,433903.38,4583302.86,2.208203325,41.396699947,2023-08-15 13:00:00
2023S004917    ,Ciutat Vella,"Sant Pere, Santa Caterina i la Ribera",Laietana,Saturday,2023,8,August,12,Afternoon,,Not caused by the pedestrian,Bus,Woman,70,Passenger,Desconegut,Unknown,Unknown,Minor injury: Hospitalization up to 24 hours,431630.32,4581688.24,2.181197104,41.381967357,2023-08-12 21:00:00
2023S004919    ,Eixample,la Dreta de l'Eixample,Gràcia,Tuesday,2023,8,August,15,Afternoon,,Not caused by the pedestrian,Bicicleta,Woman,22,Driver,Desconegut,Unknown,Commuting,Minor injury: Hospitalization up to 24 hours,429914.38,4583230.13,2.160498625,41.395706928,2023-08-15 16:00:00
2023S004920    ,Ciutat Vella,la Barceloneta,Carbonell,Tuesday,2023,8,August,15,Afternoon,,Not caused by the pedestrian,Car,Man,86,Driver,Desconegut,Unknown,Other activities,Minor injury: Medical assistance at accident site,432208.41,4581642.26,2.188115346,41.381602172,2023-08-15 19:00:00
2023S004921    ,Eixample,la Dreta de l'Eixample,Sant Joan,Tuesday,2023,8,August,15,Night,,Not caused by the pedestrian,Car,Woman,57,Passenger,Desconegut,Unknown,Unknown,Minor injury: Hospitalization up to 24 hours,430938.78,4583402.63,2.172731765,41.397349259,2023-08-15 22:00:00
2023S004922    ,Sarrià-Sant Gervasi,el Putxet i el Farró,General Mitre,Wednesday,2023,8,August,16,Night,,Not caused by the pedestrian,Car,Man,34,Driver,Desconegut,Unknown,Unknown,Minor injury: Medical assistance at accident site,428929.49,4584422.45,2.148578378,41.406359224,2023-08-16 03:00:00
2023S004923    ,Gràcia,el Coll,Santuari,Tuesday,2023,8,August,15,Night,,Not caused by the pedestrian,Bus,Woman,64,Passenger,Desconegut,Unknown,Unknown,Minor injury: Medical assistance at accident site,429004.3,4585975.03,2.149291029,41.420349321,2023-08-15 22:00:00
2023S004924    ,Les Corts,Pedralbes,Reina Maria Cristina,Wednesday,2023,8,August,16,Morning,,Disobeying the traffic light signal,Car,Woman,27,Pedestrian,En pas regulat per semàfor,Commuting,Unknown,Minor injury: Hospitalization up to 24 hours,427207.0,4582445.17,2.128210374,41.38839647,2023-08-16 06:00:00
2023S004925    ,Nou Barris,Porta,Valldaura,Wednesday,2023,8,August,16,Morning,,Crossing outside the pedestrian crossing,Car,Woman,82,Pedestrian,Fora del pas,Leisure and entertainment,Unknown,Minor injury: Hospitalization up to 24 hours,431806.24,4588046.08,2.182583901,41.439245399,2023-08-16 07:00:00
2023S004926    ,Sant Martí,el Camp de l'Arpa del Clot,Meridiana,Wednesday,2023,8,August,16,Morning,,Not caused by the pedestrian,Motorcycle,Man,49,Driver,Desconegut,Unknown,Commuting,Minor injury: Hospitalization up to 24 hours,432189.31,4584654.43,2.187549443,41.408730352,2023-08-16 09:00:00
2023S004927    ,Sarrià-Sant Gervasi,Sant Gervasi - Galvany,Muntaner,Wednesday,2023,8,August,16,Afternoon,,Not caused by the pedestrian,Motorcycle,Man,42,Driver,Desconegut,Unknown,Unknown,Serious injury: Hospitalization over 24 hours,428638.0,4583426.14,2.145208837,41.397360003,2023-08-16 16:00:00
2023S004928    ,Sant Martí,la Vila Olímpica del Poblenou,Doctor Trueta,Wednesday,2023,8,August,16,Afternoon,,Not caused by the pedestrian,Bicicleta,Man,45,Driver,Desconegut,Unknown,Unknown,Minor injury: Hospitalization up to 24 hours,432985.66,4583007.18,2.197258985,41.393960831,2023-08-16 17:00:00
2023S004929    ,Eixample,l'Antiga Esquerra de l'Eixample,Casanova,Wednesday,2023,8,August,16,Morning,,Not caused by the pedestrian,Motorcycle,Man,64,Driver,Desconegut,Unknown,Other activities,Minor injury: Refused medical assistance,429546.37,4582303.61,2.156204714,41.387329903,2023-08-16 13:00:00
2023S004930    ,Eixample,el Fort Pienc,Diputació,Wednesday,2023,8,August,16,Afternoon,,Not caused by the pedestrian,Motorcycle,Woman,70,Passenger,Desconegut,Unknown,Unknown,Serious injury: Hospitalization over 24 hours,431545.26,4583698.06,2.179952636,41.400061997,2023-08-16 18:00:00
2023S004931    ,Eixample,el Fort Pienc,Sant Joan,Wednesday,2023,8,August,16,Afternoon,,Not caused by the pedestrian,Motorcycle,Man,40,Driver,Desconegut,Unknown,Other activities,Minor injury: Medical assistance at accident site,431453.2,4582876.77,2.178944457,41.392657033,2023-08-16 17:00:00
2023S004932    ,Gràcia,la Vila de Gràcia,Gran de Gràcia,Wednesday,2023,8,August,16,Afternoon,,Not caused by the pedestrian,Motorcycle,Woman,36,Driver,Desconegut,Unknown,Unknown,Minor injury: Hospitalization up to 24 hours,429673.38,4583491.42,2.157585673,41.398039226,2023-08-16 18:00:00
2023S004933    ,Eixample,la Sagrada Família,Lepant,Wednesday,2023,8,August,16,Afternoon,,Not caused by the pedestrian,Car,Woman,15,Passenger,Desconegut,Unknown,Unknown,Minor injury: Hospitalization up to 24 hours,431557.65,4583899.32,2.180078076,41.401875741,2023-08-16 21:00:00
2023S004934    ,Les Corts,les Corts,Berlín,Thursday,2023,8,August,17,Night,,Not caused by the pedestrian,Motorcycle,Man,32,Driver,Desconegut,Unknown,Unknown,Minor injury: Medical assistance at accident site,427873.2,4581734.62,2.136262447,41.382056859,2023-08-17 01:00:00
2023S004935    ,Eixample,la Dreta de l'Eixample,Rosselló,Thursday,2023,8,August,17,Morning,,Not caused by the pedestrian,Veh. mobilitat personal amb motor,Man,54,Driver,Desconegut,Unknown,Commuting,Minor injury: Hospitalization up to 24 hours,430134.59,4583421.81,2.163110418,41.397452499,2023-08-17 06:00:00
2023S004936    ,Gràcia,la Vila de Gràcia,Dalt,Thursday,2023,8,August,17,Morning,,Not caused by the pedestrian,Furgoneta,Woman,67,Pedestrian,En pas regulat per semàfor,Unknown,Unknown,Minor injury: Hospitalization up to 24 hours,429276.88,4584658.71,2.152706536,41.408517785,2023-08-17 07:00:00
2023S004937    ,Sarrià-Sant Gervasi,Sant Gervasi - la Bonanova,Dalt (Besòs),Thursday,2023,8,August,17,Morning,,Not caused by the pedestrian,Car,Woman,33,Passenger,Desconegut,Unknown,Unknown,Minor injury: Refused medical assistance,426887.19,4584726.25,2.124110004,41.408912164,2023-08-17 11:00:00
2023S004938    ,Ciutat Vella,el Raval,Junta de Comerç,Thursday,2023,8,August,17,Morning,,Crossing outside the pedestrian crossing,Motorcycle,Man,7,Pedestrian,Fora del pas,Unknown,Unknown,Minor injury: Medical assistance at accident site,430827.39,4581428.47,2.171624954,41.379559012,2023-08-17 13:00:00
2023S004940    ,Eixample,la Sagrada Família,Rosselló,Thursday,2023,8,August,17,Morning,,Not caused by the pedestrian,Bicicleta,Man,29,Driver,Desconegut,Unknown,On a mission,Minor injury: Refused medical assistance,430938.91,4584247.35,2.1726369,41.404957396,2023-08-17 13:00:00
2023S004941    ,Sants-Montjuïc,la Marina de Port,Zona Franca,Thursday,2023,8,August,17,Morning,,Not caused by the pedestrian,Bicicleta,Man,59,Driver,Desconegut,Unknown,Unknown,Minor injury: Refused medical assistance,428307.92,4578872.9,2.141799534,41.356321191,2023-08-17 11:00:00
2023S004942    ,Eixample,l'Antiga Esquerra de l'Eixample,Comte d'Urgell,Thursday,2023,8,August,17,Afternoon,,Not caused by the pedestrian,Motorcycle,Woman,27,Driver,Desconegut,Unknown,Commuting,Minor injury: Hospitalization up to 24 hours,428885.89,4582593.13,2.148271772,41.389879356,2023-08-17 15:00:00
2023S004943    ,Sants-Montjuïc,Sants - Badal,Canalejas,Thursday,2023,8,August,17,Afternoon,,Not caused by the pedestrian,Motorcycle,Woman,30,Driver,Desconegut,Unknown,Leisure and entertainment,Minor injury: Hospitalization up to 24 hours,427399.61,4580744.33,2.13071777,41.373095072,2023-08-17 16:00:00
2023S004944    ,Sant Martí,la Vila Olímpica del Poblenou,Marítim del Port Olímpic,Thursday,2023,8,August,17,Afternoon,,Not caused by the pedestrian,Veh. mobilitat personal amb motor,Man,4,Pedestrian,A la vorera / Andana,Unknown,Unknown,Minor injury: Hospitalization up to 24 hours,433069.2,4582295.63,2.19833686,41.387559034,2023-08-17 18:00:00
2023S004945    ,Sant Andreu,la Sagrera,Berenguer de Palou,Thursday,2023,8,August,17,Afternoon,,Not caused by the pedestrian,Motorcycle,Man,47,Driver,Desconegut,Unknown,Unknown,Minor injury: Medical assistance at accident site,432554.05,4586337.91,2.191725172,41.423923661,2023-08-17 20:00:00
2023S004946    ,Eixample,la Dreta de l'Eixample,Pau Claris,Thursday,2023,8,August,17,Afternoon,,Not caused by the pedestrian,Ciclomotor,Man,29,Driver,Desconegut,Unknown,Other activities,Minor injury: Hospitalization up to 24 hours,430665.57,4582704.09,2.169543844,41.391034204,2023-08-17 18:00:00
2023S004947    ,Sant Andreu,el Bon Pastor,Litoral (Besòs),Thursday,2023,8,August,17,Afternoon,,Not caused by the pedestrian,Motorcycle,Man,45,Driver,Desconegut,Unknown,Unknown,Minor injury: Hospitalization up to 24 hours,433925.28,4588192.74,2.207930773,41.440743599,2023-08-17 21:00:00
2023S004948    ,Nou Barris,la Guineueta,Caçador,Thursday,2023,8,August,17,Afternoon,,Not caused by the pedestrian,Ciclomotor,Woman,21,Driver,Desconegut,Unknown,Other activities,Minor injury: Hospitalization up to 24 hours,430646.37,4588217.69,2.168681732,41.440691623,2023-08-17 20:00:00
2023S004949    ,Les Corts,la Maternitat i Sant Ramon,Diagonal,Thursday,2023,8,August,17,Afternoon,,Not caused by the pedestrian,Motorcycle,Woman,31,Driver,Desconegut,Unknown,Unknown,Minor injury: Hospitalization up to 24 hours,426270.62,4582154.02,2.117047205,41.385688877,2023-08-17 21:00:00
2023S004951    ,Eixample,l'Antiga Esquerra de l'Eixample,Muntaner,Friday,2023,8,August,18,Night,,Not caused by the pedestrian,Ciclomotor,Man,33,Driver,Desconegut,Unknown,Leisure and entertainment,Minor injury: Hospitalization up to 24 hours,429654.97,4582369.8,2.157495815,41.387935564,2023-08-18 03:00:00
2023S004952    ,Les Corts,les Corts,Numància,Friday,2023,8,August,18,Night,,Not caused by the pedestrian,Bicicleta,Woman,20,Driver,Desconegut,Unknown,Unknown,Minor injury: Medical assistance at accident site,427722.44,4582364.77,2.134384389,41.387718843,2023-08-18 05:00:00
2023S004953    ,Sants-Montjuïc,Sants,Sants,Thursday,2023,8,August,17,Night,,Not caused by the pedestrian,Ciclomotor,Woman,23,Passenger,Desconegut,Unknown,Unknown,Minor injury: Medical assistance at accident site,427463.32,4581021.23,2.131446381,41.375594756,2023-08-17 23:00:00
2023S004954    ,Eixample,la Dreta de l'Eixample,Corts Catalanes,Thursday,2023,8,August,17,Afternoon,,Not caused by the pedestrian,Motorcycle,Man,49,Driver,Desconegut,Unknown,On a mission,Minor injury: Hospitalization up to 24 hours,430694.58,4582659.98,2.169895858,41.390639421,2023-08-17 18:00:00
2023S004955    ,Ciutat Vella,"Sant Pere, Santa Caterina i la Ribera",Isabel II,Thursday,2023,8,August,17,Afternoon,,Not caused by the pedestrian,Bus,Woman,0,Passenger,Desconegut,Unknown,Unknown,Minor injury: Medical assistance at accident site,431713.95,4581617.07,2.182205218,41.381333454,2023-08-17 14:00:00
2023S004956    ,Les Corts,la Maternitat i Sant Ramon,Carles III,Friday,2023,8,August,18,Morning,,Not caused by the pedestrian,Motorcycle,Man,34,Driver,Desconegut,Unknown,Commuting,Minor injury: Hospitalization up to 24 hours,427216.56,4581653.31,2.128419883,41.381265365,2023-08-18 08:00:00
2023S004957    ,Sant Martí,el Parc i la Llacuna del Poblenou,Ciutat de Granada,Friday,2023,8,August,18,Morning,,Crossing outside the pedestrian crossing,Bicicleta,Woman,9,Pedestrian,Fora del pas,Unknown,Unknown,Minor injury: Medical assistance at accident site,432490.56,4584098.21,2.191215505,41.403746009,2023-08-18 10:00:00