Case_Number,District_Name,Neighborhood_Name,Street_Name,Day_of_Week,Year,Month_Code,Month_Name,Day_of_Month,Shift_Description,Hour_of_Day,Pedestrian_Cause_Description,Involved_Vehicle_Type,Gender_Description,Age,Person_Type_Description,Pedestrian_Accident_Location_Description,Pedestrian_Movement_Reason_Description,Driver_Movement_Reason_Description,Victimization_Description,UTM_X_Coordinate,UTM_Y_Coordinate,Longitude,Latitude,datetime
2023S004958    ,Gràcia,la Vila de Gràcia,Gran de Gràcia,Friday,2023,8,August,18,Morning,,Not caused by the pedestrian,Bus,Woman,35,Passenger,Desconegut,Unknown,Unknown,Minor injury: Hospitalization up to 24 hours,429497.51,4583693.13,2.155458526,41.399840547,2023-08-18 11:00:00
2023S004959    ,Ciutat Vella,el Raval,Drassanes,Friday,2023,8,August,18,Morning,,Not caused by the pedestrian,Veh. mobilitat personal amb motor,Woman,36,Pedestrian,Altres,Unknown,Unknown,Minor injury: Hospitalization up to 24 hours,431192.91,4581025.01,2.176041684,41.375956516,2023-08-18 06:00:00
2023S004960    ,Sant Martí,el Besòs i el Maresme,Prim,Friday,2023,8,August,18,Afternoon,,Not caused by the pedestrian,Motorcycle,Woman,43,Passenger,Desconegut,Unknown,Unknown,Minor injury: Medical assistance at accident site,434701.03,4585065.69,2.217553955,41.41264257,2023-08-18 15:00:00
2023S004961    ,Sarrià-Sant Gervasi,Sarrià,Cardenal Vives i Tutó,Friday,2023,8,August,18,Afternoon,,Not caused by the pedestrian,Ciclomotor,Woman,23,Passenger,Desconegut,Unknown,Unknown,Minor injury: Refused medical assistance,426615.48,4583112.39,2.121055211,41.394352062,2023-08-18 16:00:00
2023S004962    ,Sarrià-Sant Gervasi,Sant Gervasi - Galvany,Francesc Macià,Friday,2023,8,August,18,Afternoon,,Not caused by the pedestrian,Bicicleta,Woman,28,Driver,Desconegut,Unknown,Leisure and entertainment,Minor injury: Hospitalization up to 24 hours,428478.79,4582928.28,2.143363326,41.392861812,2023-08-18 15:00:00
2023S004964    ,Sarrià-Sant Gervasi,el Putxet i el Farró,Jules Verne,Friday,2023,8,August,18,Afternoon,,Disobeying the traffic light signal,Motorcycle,Woman,50,Pedestrian,En pas regulat per semàfor,Unknown,Unknown,Minor injury: Hospitalization up to 24 hours,428548.26,4584303.74,2.1440318,41.405256236,2023-08-18 16:00:00
2023S004965    ,Sarrià-Sant Gervasi,Sant Gervasi - Galvany,Balmes,Friday,2023,8,August,18,Afternoon,,Not caused by the pedestrian,Bicicleta,Man,19,Driver,Desconegut,Unknown,Unknown,Minor injury: Hospitalization up to 24 hours,428685.5,4583953.69,2.145714818,41.402115663,2023-08-18 19:00:00
2023S004966    ,Sant Andreu,Sant Andreu,Fabra i Puig,Friday,2023,8,August,18,Afternoon,,Not caused by the pedestrian,Motorcycle,Man,30,Passenger,Desconegut,Unknown,Unknown,Minor injury: Hospitalization up to 24 hours,431965.82,4587036.84,2.184607595,41.430169065,2023-08-18 20:00:00
2023S004968    ,Nou Barris,la Guineueta,Castor,Friday,2023,8,August,18,Afternoon,,Not caused by the pedestrian,Veh. mobilitat personal amb motor,Woman,16,Pedestrian,En pas sense regular,Unknown,Unknown,Minor injury: Medical assistance at accident site,430889.25,4588198.13,2.17159106,41.440536408,2023-08-18 19:00:00
2023S004969    ,Ciutat Vella,el Barri Gòtic,Colom,Friday,2023,8,August,18,Afternoon,,Crossing outside the pedestrian crossing,Taxi,Man,65,Pedestrian,Fora del pas,Other activities,Unknown,Minor injury: Hospitalization up to 24 hours,431379.84,4581118.42,2.178266297,41.376813806,2023-08-18 21:00:00
2023S004970    ,Sant Martí,el Parc i la Llacuna del Poblenou,Buenaventura Muñoz,Friday,2023,8,August,18,Afternoon,,Not caused by the pedestrian,Motorcycle,Man,40,Driver,Desconegut,Unknown,Other activities,Minor injury: Hospitalization up to 24 hours,432041.11,4582868.73,2.185977035,41.392634541,2023-08-18 17:00:00
2023S004972    ,Ciutat Vella,la Barceloneta,Joan Borbó Comte Barcelona,Saturday,2023,8,August,19,Night,,Not caused by the pedestrian,Motorcycle,Man,37,Driver,Desconegut,Unknown,Unknown,Minor injury: Medical assistance at accident site,432145.5,4581538.59,2.187374655,41.380663137,2023-08-19 00:00:00
2023S004974    ,Eixample,la Dreta de l'Eixample,Corts Catalanes,Saturday,2023,8,August,19,Morning,,Not caused by the pedestrian,Car,Woman,30,Passenger,Desconegut,Unknown,Unknown,Minor injury: Hospitalization up to 24 hours,430889.32,4582887.34,2.172199001,41.392703949,2023-08-19 06:00:00
2023S004975    ,Gràcia,la Vila de Gràcia,Sant Gabriel,Saturday,2023,8,August,19,Night,,Not caused by the pedestrian,Bicicleta,Man,30,Driver,Desconegut,Unknown,Unknown,Minor injury: Hospitalization up to 24 hours,429382.62,4583601.23,2.154094973,41.399002749,2023-08-19 03:00:00
2023S004976    ,Sant Andreu,Sant Andreu,Gran de Sant Andreu,Friday,2023,8,August,18,Afternoon,,Not caused by the pedestrian,Motorcycle,Man,10,Pedestrian,En zona peatonal,Unknown,Unknown,Minor injury: Refused medical assistance,432392.96,4587743.22,2.189640271,41.436567285,2023-08-18 16:00:00
2023S004979    ,Gràcia,la Vila de Gràcia,Còrsega,Saturday,2023,8,August,19,Morning,,Not caused by the pedestrian,Motorcycle,Man,48,Driver,Desconegut,Unknown,Unknown,Minor injury: Hospitalization up to 24 hours,429997.34,4583483.6,2.161461586,41.397997077,2023-08-19 13:00:00
2023S004980    ,Eixample,l'Antiga Esquerra de l'Eixample,Aribau,Saturday,2023,8,August,19,Afternoon,,Not caused by the pedestrian,Veh. mobilitat personal sense motor,Woman,24,Driver,Desconegut,Unknown,Unknown,Minor injury: Hospitalization up to 24 hours,430018.62,4582204.72,2.161863977,41.386480478,2023-08-19 18:00:00
2023S004981    ,Eixample,l'Antiga Esquerra de l'Eixample,Balmes,Saturday,2023,8,August,19,Afternoon,,Not caused by the pedestrian,Motorcycle,Man,23,Driver,Desconegut,Unknown,Unknown,Minor injury: Hospitalization up to 24 hours,429430.09,4583191.25,2.154710596,41.395314373,2023-08-19 18:00:00
2023S004982    ,Eixample,la Nova Esquerra de l'Eixample,Entença,Saturday,2023,8,August,19,Night,,Others,Car,Man,83,Pedestrian,En pas regulat per semàfor,Leisure and entertainment,Unknown,Minor injury: Hospitalization up to 24 hours,429063.72,4581457.86,2.150531583,41.379670079,2023-08-19 22:00:00
2023S004984    ,Sant Martí,el Camp de l'Arpa del Clot,Meridiana,Tuesday,2023,8,August,15,Night,,Not caused by the pedestrian,Bus,Woman,56,Passenger,Desconegut,Unknown,Unknown,Minor injury: Hospitalization up to 24 hours,432139.36,4585186.75,2.186892134,41.413520581,2023-08-15 23:00:00
2023S004985    ,Sant Martí,Diagonal Mar i el Front Marítim del Poblenou,Litoral (Llobregat),Sunday,2023,8,August,20,Morning,,Not caused by the pedestrian,Car,Man,28,Driver,Desconegut,Unknown,Taxi,Minor injury: Hospitalization up to 24 hours,434167.41,4583754.91,2.21131228,41.40079313,2023-08-20 09:00:00
2023S004986    ,Eixample,la Dreta de l'Eixample,Urquinaona,Sunday,2023,8,August,20,Afternoon,,Not caused by the pedestrian,Car,Woman,23,Passenger,Desconegut,Unknown,Unknown,Minor injury: Medical assistance at accident site,430987.16,4582551.3,2.173407521,41.389685744,2023-08-20 16:00:00
2023S004987    ,Sant Martí,Sant Martí de Provençals,Guipúscoa,Sunday,2023,8,August,20,Afternoon,,Not caused by the pedestrian,Motorcycle,Man,35,Driver,Desconegut,Unknown,Unknown,Minor injury: Hospitalization up to 24 hours,432792.64,4585292.45,2.194696433,41.414527519,2023-08-20 16:00:00
2023S004988    ,Sants-Montjuïc,la Font de la Guatlla,Corts Catalanes,Sunday,2023,8,August,20,Afternoon,,Not caused by the pedestrian,Motorcycle,Woman,54,Driver,Desconegut,Unknown,Unknown,Minor injury: Hospitalization up to 24 hours,428603.21,4580576.64,2.145128671,41.371692478,2023-08-20 18:00:00
2023S004989    ,Eixample,la Nova Esquerra de l'Eixample,Corts Catalanes,Sunday,2023,8,August,20,Afternoon,,Not caused by the pedestrian,Taxi,Woman,44,Passenger,Desconegut,Unknown,Unknown,Minor injury: Refused medical assistance,429223.68,4581256.55,2.152467904,41.37787104,2023-08-20 17:00:00
2023S004990    ,Eixample,el Fort Pienc,Marina,Sunday,2023,8,August,20,Afternoon,,Not caused by the pedestrian,Motorcycle,Man,30,Driver,Desconegut,Unknown,Unknown,Minor injury: Medical assistance at accident site,431648.43,4583591.24,2.181198802,41.399108683,2023-08-20 18:00:00
2023S004991    ,Horta-Guinardó,el Guinardó,Maragall,Sunday,2023,8,August,20,Afternoon,,Not caused by the pedestrian,Car,Woman,25,Passenger,Desconegut,Unknown,Unknown,Minor injury: Refused medical assistance,431603.2,4585790.31,2.180409082,41.418911173,2023-08-20 20:00:00
2023S004992    ,Eixample,la Sagrada Família,Padilla,Sunday,2023,8,August,20,Afternoon,,Not caused by the pedestrian,Ambulància,Man,35,Driver,Desconegut,Unknown,"Bombers, policia, ambulància",Minor injury: Medical assistance at accident site,430899.2,4584756.67,2.172103675,41.40954126,2023-08-20 19:00:00
2023S004993    ,Sant Martí,el Poblenou,Icària,Monday,2023,8,August,21,Night,,Not caused by the pedestrian,Motorcycle,Woman,30,Passenger,Desconegut,Unknown,Unknown,Minor injury: Hospitalization up to 24 hours,433311.99,4583100.08,2.2011519,41.394824701,2023-08-21 00:00:00
2023S004994    ,Sants-Montjuïc,la Marina del Prat Vermell,Motors,Monday,2023,8,August,21,Morning,,Not caused by the pedestrian,Motorcycle,Man,20,Driver,Desconegut,Unknown,Unknown,Minor injury: Medical assistance at accident site,429078.18,4578487.44,2.151052068,41.35291771,2023-08-21 08:00:00
2023S004995    ,Les Corts,Pedralbes,Diagonal,Monday,2023,8,August,21,Morning,,Not caused by the pedestrian,Motorcycle,Woman,28,Passenger,Desconegut,Unknown,Unknown,Minor injury: Refused medical assistance,426968.02,4582381.68,2.12535995,41.387802968,2023-08-21 10:00:00
2023S004996    ,Eixample,la Dreta de l'Eixample,Mallorca,Monday,2023,8,August,21,Morning,,Not caused by the pedestrian,Furgoneta,Man,75,Driver,Desconegut,Unknown,Unknown,Minor injury: Medical assistance at accident site,430294.25,4583211.38,2.165044395,41.395571089,2023-08-21 12:00:00
2023S004997    ,Sants-Montjuïc,la Marina del Prat Vermell,Número 3 Zona Franca,Monday,2023,8,August,21,Night,,Not caused by the pedestrian,Motorcycle,Woman,21,Passenger,Desconegut,Unknown,Unknown,Minor injury: Medical assistance at accident site,427265.97,4576644.81,2.129611526,41.336160036,2023-08-21 01:00:00
2023S004998    ,Eixample,Sant Antoni,Paral·lel,Monday,2023,8,August,21,Afternoon,,Not caused by the pedestrian,Motorcycle,Man,35,Driver,Desconegut,Unknown,Leisure and entertainment,Minor injury: Hospitalization up to 24 hours,430061.49,4580949.34,2.162521635,41.375177388,2023-08-21 16:00:00
2023S004999    ,Eixample,la Dreta de l'Eixample,Corts Catalanes,Monday,2023,8,August,21,Afternoon,,Not caused by the pedestrian,Ciclomotor,Woman,34,Driver,Desconegut,Unknown,Leisure and entertainment,Minor injury: Hospitalization up to 24 hours,430713.85,4582715.3,2.170119996,41.391139332,2023-08-21 16:00:00
2023S005000    ,Eixample,la Sagrada Família,Rosselló,Monday,2023,8,August,21,Afternoon,,Not caused by the pedestrian,Motorcycle,Man,40,Driver,Desconegut,Unknown,Leisure and entertainment,Minor injury: Hospitalization up to 24 hours,431180.38,4584467.18,2.175500521,41.406958054,2023-08-21 16:00:00
2023S005001    ,Horta-Guinardó,Montbau,Dalt (Besòs),Monday,2023,8,August,21,Afternoon,,Not caused by the pedestrian,Bus,Woman,76,Passenger,Desconegut,Unknown,Unknown,Minor injury: Hospitalization up to 24 hours,428523.77,4586830.8,2.143440071,41.428014255,2023-08-21 16:00:00
2023S005002    ,Sant Martí,el Camp de l'Arpa del Clot,Las Navas de Tolosa,Monday,2023,8,August,21,Afternoon,,Not caused by the pedestrian,Car,Man,39,Pedestrian,En pas regulat per semàfor,Unknown,Unknown,Minor injury: Medical assistance at accident site,432041.84,4585468.49,2.185693709,41.416049881,2023-08-21 19:00:00
2023S005003    ,Ciutat Vella,el Raval,Drassanes,Monday,2023,8,August,21,Afternoon,,Not caused by the pedestrian,Veh. mobilitat personal amb motor,Man,44,Driver,Desconegut,Unknown,Other activities,Minor injury: Hospitalization up to 24 hours,431194.7,4581062.49,2.176058831,41.376294241,2023-08-21 17:00:00
2023S005004    ,Eixample,la Dreta de l'Eixample,Corts Catalanes,Monday,2023,8,August,21,Afternoon,,Not caused by the pedestrian,Car,Woman,34,Driver,Desconegut,Unknown,Other activities,Minor injury: Hospitalization up to 24 hours,430835.49,4582761.9,2.171569504,41.39156952,2023-08-21 17:00:00
2023S005005    ,Sant Andreu,Baró de Viver,Ciutat d'Asunción,Monday,2023,8,August,21,Afternoon,,Not caused by the pedestrian,Motorcycle,Man,51,Driver,Desconegut,Unknown,Leisure and entertainment,Minor injury: Hospitalization up to 24 hours,433113.99,4588880.73,2.198143947,41.446872886,2023-08-21 19:00:00
2023S005006    ,Eixample,l'Antiga Esquerra de l'Eixample,Aragó,Monday,2023,8,August,21,Afternoon,,Not caused by the pedestrian,Veh. mobilitat personal amb motor,Man,39,Driver,Desconegut,Unknown,Leisure and entertainment,Minor injury: Hospitalization up to 24 hours,429735.29,4582301.52,2.158464328,41.387327612,2023-08-21 21:00:00
2023S005007    ,Sants-Montjuïc,el Poble-sec,Miramar,Monday,2023,8,August,21,Afternoon,,Not caused by the pedestrian,Bicicleta,Man,53,Driver,Desconegut,Unknown,Unknown,Minor injury: Hospitalization up to 24 hours,430011.87,4580251.18,2.162008961,41.368884951,2023-08-21 20:00:00
2023S005008    ,Ciutat Vella,"Sant Pere, Santa Caterina i la Ribera",Palau,Monday,2023,8,August,21,Night,,Not caused by the pedestrian,Veh. mobilitat personal amb motor,Man,61,Driver,Desconegut,Unknown,Leisure and entertainment,Minor injury: Hospitalization up to 24 hours,431910.16,4581778.39,2.184533436,41.38280306,2023-08-21 22:00:00
2023S005009    ,Sant Martí,la Verneda i la Pau,Prim,Tuesday,2023,8,August,22,Morning,,Not caused by the pedestrian,Car,Woman,57,Passenger,Desconegut,Unknown,Unknown,Minor injury: Hospitalization up to 24 hours,433074.13,4586774.31,2.197900238,41.427897705,2023-08-22 08:00:00
2023S005010    ,Sarrià-Sant Gervasi,Sarrià,Dalt (Besòs),Tuesday,2023,8,August,22,Morning,,Not caused by the pedestrian,Taxi,Woman,57,Passenger,Desconegut,Unknown,Unknown,Minor injury: Refused medical assistance,426082.19,4583902.0,2.114580314,41.40141486,2023-08-22 13:00:00
2023S005011    ,Eixample,el Fort Pienc,Corts Catalanes,Tuesday,2023,8,August,22,Morning,,Not caused by the pedestrian,Motorcycle,Man,61,Driver,Desconegut,Unknown,Leisure and entertainment,Minor injury: Hospitalization up to 24 hours,431752.09,4583696.66,2.182426855,41.400066981,2023-08-22 12:00:00
2023S005012    ,Sarrià-Sant Gervasi,Sant Gervasi - Galvany,Ganduxer,Tuesday,2023,8,August,22,Afternoon,,Not caused by the pedestrian,Veh. mobilitat personal amb motor,Woman,42,Driver,Desconegut,Unknown,Unknown,Minor injury: Hospitalization up to 24 hours,428148.61,4582820.84,2.139427005,41.391864695,2023-08-22 15:00:00
2023S005014    ,Sarrià-Sant Gervasi,Sant Gervasi - Galvany,Muntaner,Wednesday,2023,8,August,23,Afternoon,,Not caused by the pedestrian,Motorcycle,Man,24,Driver,Desconegut,Unknown,Unknown,Minor injury: Medical assistance at accident site,429001.92,4583052.43,2.149605603,41.394026363,2023-08-23 17:00:00
2023S005015    ,Sant Martí,Diagonal Mar i el Front Marítim del Poblenou,Selva de Mar,Tuesday,2023,8,August,22,Afternoon,,Not caused by the pedestrian,Motorcycle,Man,40,Driver,Desconegut,Unknown,Unknown,Minor injury: Hospitalization up to 24 hours,434403.02,4584111.59,2.214091981,41.404024934,2023-08-22 19:00:00
2023S005016    ,Sant Andreu,el Bon Pastor,Ciutat d'Asunción,Tuesday,2023,8,August,22,Afternoon,,Not caused by the pedestrian,Motorcycle,Woman,38,Driver,Desconegut,Unknown,Unknown,Minor injury: Hospitalization up to 24 hours,433242.65,4588428.8,2.199734042,41.442813216,2023-08-22 17:00:00
2023S005017    ,Ciutat Vella,el Raval,Reina Amàlia,Tuesday,2023,8,August,22,Afternoon,,Crossing outside the pedestrian crossing,Maquinària d'obres i serveis,Man,11,Pedestrian,Fora del pas,Unknown,Unknown,Minor injury: Hospitalization up to 24 hours,430455.94,4581141.88,2.167216052,41.376945743,2023-08-22 20:00:00
2023S005018    ,Nou Barris,el Turó de la Peira,Fabra i Puig,Tuesday,2023,8,August,22,Night,,Not caused by the pedestrian,Motorcycle,Woman,51,Driver,Desconegut,Unknown,Unknown,Minor injury: Hospitalization up to 24 hours,430215.05,4587479.92,2.163604418,41.434009426,2023-08-22 22:00:00
2023S005019    ,Unknown,Unknown,Unknown,Tuesday,2023,8,August,22,Night,,Not caused by the pedestrian,Motorcycle,Man,48,Driver,Desconegut,Unknown,Commuting,Minor injury: Hospitalization up to 24 hours,428687.54,4577782.0,2.146465648,41.346529507,2023-08-22 22:00:00
2023S005020    ,Ciutat Vella,la Barceloneta,Litoral (Besòs),Wednesday,2023,8,August,23,Night,,Not caused by the pedestrian,Motorcycle,Man,47,Driver,Desconegut,Unknown,"Bombers, policia, ambulància",Minor injury: Hospitalization up to 24 hours,432795.35,4582156.27,2.195077202,41.386281007,2023-08-23 01:00:00
2023S005022    ,Eixample,Sant Antoni,Comte d'Urgell,Wednesday,2023,8,August,23,Night,,Not caused by the pedestrian,Motorcycle,Man,27,Driver,Desconegut,Unknown,Commuting,Minor injury: Refused medical assistance,430029.45,4581426.92,2.162083363,41.379476019,2023-08-23 03:00:00
2023S005023    ,Eixample,la Nova Esquerra de l'Eixample,Josep Tarradellas,Wednesday,2023,8,August,23,Night,,Not caused by the pedestrian,Car,Man,18,Driver,Desconegut,Unknown,Leisure and entertainment,Minor injury: Medical assistance at accident site,428409.41,4582129.0,2.142628031,41.385656815,2023-08-23 04:00:00
2023S005024    ,Sants-Montjuïc,la Marina del Prat Vermell,A Zona Franca,Wednesday,2023,8,August,23,Morning,,Not caused by the pedestrian,Car,Man,24,Passenger,Desconegut,Unknown,Unknown,Minor injury: Refused medical assistance,428495.23,4578479.06,2.144085014,41.352790659,2023-08-23 06:00:00
2023S005025    ,Eixample,l'Antiga Esquerra de l'Eixample,Aragó,Wednesday,2023,8,August,23,Morning,,Not caused by the pedestrian,Veh. mobilitat personal amb motor,Man,18,Driver,Desconegut,Unknown,Unknown,Minor injury: Medical assistance at accident site,429495.26,4582052.73,2.155622682,41.385065829,2023-08-23 10:00:00
2023S005026    ,Sarrià-Sant Gervasi,Sarrià,Francesc Carbonell,Wednesday,2023,8,August,23,Morning,,Not caused by the pedestrian,Motorcycle,Woman,30,Driver,Desconegut,Unknown,Commuting,Minor injury: Hospitalization up to 24 hours,426949.45,4582910.63,2.125074038,41.392565316,2023-08-23 07:00:00
2023S005027    ,Sarrià-Sant Gervasi,Sarrià,Eduardo Conde,Wednesday,2023,8,August,23,Morning,,Not caused by the pedestrian,Motorcycle,Woman,42,Driver,Desconegut,Unknown,Unknown,Minor injury: Hospitalization up to 24 hours,426637.44,4582929.88,2.121339986,41.392710277,2023-08-23 08:00:00
2023S005028    ,Eixample,la Sagrada Família,Rosselló,Wednesday,2023,8,August,23,Morning,,Not caused by the pedestrian,Motorcycle,Woman,33,Driver,Desconegut,Unknown,On a mission,Minor injury: Hospitalization up to 24 hours,430888.61,4584181.25,2.172042729,41.404357729,2023-08-23 11:00:00
2023S005029    ,Eixample,el Fort Pienc,Corts Catalanes,Wednesday,2023,8,August,23,Morning,,Not caused by the pedestrian,Motorcycle,Man,30,Driver,Desconegut,Unknown,Commuting,Minor injury: Hospitalization up to 24 hours,431830.18,4583734.58,2.183356681,41.400415143,2023-08-23 08:00:00
2023S005030    ,Sarrià-Sant Gervasi,Sant Gervasi - Galvany,Marià Cubí,Wednesday,2023,8,August,23,Morning,,Disobeying other signals,Motorcycle,Woman,30,Driver,Desconegut,Unknown,Unknown,Minor injury: Medical assistance at accident site,429021.33,4583530.77,2.149781658,41.398336313,2023-08-23 13:00:00
2023S005031    ,Eixample,la Dreta de l'Eixample,Diagonal,Wednesday,2023,8,August,23,Morning,,Not caused by the pedestrian,Motorcycle,Man,66,Driver,Desconegut,Unknown,Leisure and entertainment,Minor injury: Hospitalization up to 24 hours,430883.1,4583614.29,2.172041585,41.399250828,2023-08-23 13:00:00
2023S005032    ,Horta-Guinardó,Horta,Dalt (Besòs),Wednesday,2023,8,August,23,Morning,,Not caused by the pedestrian,Furgoneta,Man,49,Driver,Desconegut,Unknown,On a mission,Minor injury: Medical assistance at accident site,429406.66,4587966.87,2.153872717,41.438324492,2023-08-23 13:00:00
2023S005033    ,Eixample,la Dreta de l'Eixample,Aragó,Wednesday,2023,8,August,23,Afternoon,,Not caused by the pedestrian,Motorcycle,Man,23,Driver,Desconegut,Unknown,Unknown,Serious injury: Hospitalization over 24 hours,430403.06,4582955.17,2.166375326,41.393272917,2023-08-23 17:00:00
2023S005034    ,Eixample,el Fort Pienc,Roger de Flor,Wednesday,2023,8,August,23,Afternoon,,Not caused by the pedestrian,Motorcycle,Woman,34,Driver,Desconegut,Unknown,Unknown,Minor injury: Hospitalization up to 24 hours,431602.6,4582861.01,2.180733129,41.392527814,2023-08-23 18:00:00
2023S005037    ,Sants-Montjuïc,Sants - Badal,Mig (Descendent),Wednesday,2023,8,August,23,Afternoon,,Not caused by the pedestrian,Car,Woman,15,Passenger,Desconegut,Unknown,Unknown,Minor injury: Refused medical assistance,427308.48,4581499.77,2.129537509,41.379890804,2023-08-23 19:00:00
2023S005038    ,Sant Andreu,Sant Andreu,Meridiana,Wednesday,2023,8,August,23,Afternoon,,Not caused by the pedestrian,Motorcycle,Man,59,Driver,Desconegut,Unknown,Commuting,Minor injury: Refused medical assistance,432119.65,4588374.5,2.18629819,41.442229936,2023-08-23 17:00:00
2023S005039    ,Sant Martí,el Parc i la Llacuna del Poblenou,Badajoz,Wednesday,2023,8,August,23,Afternoon,,Not caused by the pedestrian,Bicicleta,Man,33,Driver,Desconegut,Unknown,Leisure and entertainment,Minor injury: Hospitalization up to 24 hours,432278.76,4584102.02,2.188681418,41.403762501,2023-08-23 16:00:00
2023S005040    ,Eixample,la Dreta de l'Eixample,Cinc d'Oros,Wednesday,2023,8,August,23,Afternoon,,Not caused by the pedestrian,Motorcycle,Woman,23,Driver,Desconegut,Unknown,Commuting,Minor injury: Hospitalization up to 24 hours,429834.22,4583321.69,2.15952922,41.396524584,2023-08-23 18:00:00
2023S005041    ,Ciutat Vella,el Raval,Arc del Teatre,Wednesday,2023,8,August,23,Night,,Not caused by the pedestrian,Veh. mobilitat personal amb motor,Man,8,Pedestrian,A la vorera / Andana,Unknown,Unknown,Minor injury: Hospitalization up to 24 hours,430936.44,4580949.76,2.172983556,41.375256778,2023-08-23 22:00:00
2023S005042    ,Ciutat Vella,el Barri Gòtic,Colom,Thursday,2023,8,August,24,Night,,Not caused by the pedestrian,Veh. mobilitat personal amb motor,Man,53,Driver,Desconegut,Unknown,Commuting,Minor injury: Hospitalization up to 24 hours,431379.84,4581118.42,2.178266297,41.376813806,2023-08-24 00:00:00
2023S005043    ,Sants-Montjuïc,la Marina del Prat Vermell,Litoral (Llobregat),Thursday,2023,8,August,24,Night,,Not caused by the pedestrian,Car,Woman,24,Passenger,Desconegut,Unknown,Unknown,Minor injury: Medical assistance at accident site,427570.9,4577512.76,2.133151848,41.34400487,2023-08-24 00:00:00
2023S005045    ,Sants-Montjuïc,la Marina del Prat Vermell,Major de Mercabarna,Thursday,2023,8,August,24,Night,,Not caused by the pedestrian,"Camió rígid <= 3,5 tones",Man,37,Pedestrian,En pas sense regular,On a mission,Unknown,Minor injury: Medical assistance at accident site,426233.28,4576445.28,2.117295201,41.334269018,2023-08-24 05:00:00
2023S005046    ,Eixample,Sant Antoni,Corts Catalanes,Thursday,2023,8,August,24,Morning,,Not caused by the pedestrian,Bicicleta,Woman,29,Driver,Desconegut,Unknown,On a mission,Minor injury: Hospitalization up to 24 hours,430025.03,4582004.98,2.161963719,41.384682041,2023-08-24 10:00:00
2023S005047    ,Eixample,l'Antiga Esquerra de l'Eixample,Enric Granados,Thursday,2023,8,August,24,Morning,,Not caused by the pedestrian,Veh. mobilitat personal amb motor,Man,26,Driver,Desconegut,Unknown,Unknown,Minor injury: Hospitalization up to 24 hours,429387.02,4583027.46,2.154214551,41.393835391,2023-08-24 11:00:00
2023S005048    ,Sarrià-Sant Gervasi,Sant Gervasi - la Bonanova,Benedetti,Thursday,2023,8,August,24,Afternoon,,Not caused by the pedestrian,Motorcycle,Man,18,Driver,Desconegut,Unknown,Unknown,Minor injury: Hospitalization up to 24 hours,426829.82,4584695.73,2.123427364,41.408632061,2023-08-24 15:00:00
2023S005050    ,Les Corts,la Maternitat i Sant Ramon,Corts,Thursday,2023,8,August,24,Afternoon,,Not caused by the pedestrian,Car,Man,17,Pedestrian,En pas regulat per semàfor,Unknown,Unknown,Minor injury: Medical assistance at accident site,426391.26,4581118.65,2.118615767,41.37637478,2023-08-24 17:00:00
2023S005051    ,Eixample,la Dreta de l'Eixample,Gràcia,Thursday,2023,8,August,24,Afternoon,,Not caused by the pedestrian,Bus,Man,64,Passenger,Desconegut,Unknown,Unknown,Minor injury: Hospitalization up to 24 hours,429914.38,4583230.13,2.160498625,41.395706928,2023-08-24 16:00:00
2023S005052    ,Les Corts,les Corts,Diagonal,Thursday,2023,8,August,24,Afternoon,,Not caused by the pedestrian,Motorcycle,Man,33,Driver,Desconegut,Unknown,Leisure and entertainment,Minor injury: Hospitalization up to 24 hours,428097.57,4582748.97,2.138825095,41.391212825,2023-08-24 14:00:00
2023S005053    ,Sant Andreu,el Congrés i els Indians,Felip II,Thursday,2023,8,August,24,Afternoon,,Not caused by the pedestrian,Veh. mobilitat personal amb motor,Man,25,Driver,Desconegut,Unknown,Unknown,Minor injury: Refused medical assistance,431520.57,4586544.67,2.17933492,41.4256984,2023-08-24 17:00:00
2023S005054    ,Sant Martí,el Parc i la Llacuna del Poblenou,Marina,Thursday,2023,8,August,24,Afternoon,,Disobeying the traffic light signal,Motorcycle,Man,26,Pedestrian,En pas regulat per semàfor,Unknown,Unknown,Minor injury: Hospitalization up to 24 hours,432151.67,4583037.68,2.187280446,41.394165568,2023-08-24 14:00:00
2023S005055    ,Nou Barris,la Prosperitat,Favència,Thursday,2023,8,August,24,Afternoon,,Not caused by the pedestrian,Motorcycle,Man,40,Driver,Desconegut,Unknown,Unknown,Minor injury: Hospitalization up to 24 hours,431724.23,4588823.72,2.181514384,41.446242348,2023-08-24 17:00:00
2023S005056    ,Eixample,la Dreta de l'Eixample,Provença,Thursday,2023,8,August,24,Night,,Not caused by the pedestrian,Motorcycle,Man,36,Driver,Desconegut,Unknown,Commuting,Minor injury: Hospitalization up to 24 hours,429868.7,4582996.42,2.159979329,41.393597996,2023-08-24 22:00:00
2023S005057    ,Eixample,la Dreta de l'Eixample,Aragó,Thursday,2023,8,August,24,Afternoon,,Not caused by the pedestrian,Motorcycle,Man,39,Driver,Desconegut,Unknown,Commuting,Minor injury: Hospitalization up to 24 hours,430905.11,4583472.2,2.172321085,41.39797296,2023-08-24 20:00:00