Case_Number,District_Name,Neighborhood_Name,Street_Name,Day_of_Week,Year,Month_Code,Month_Name,Day_of_Month,Shift_Description,Hour_of_Day,Pedestrian_Cause_Description,Involved_Vehicle_Type,Gender_Description,Age,Person_Type_Description,Pedestrian_Accident_Location_Description,Pedestrian_Movement_Reason_Description,Driver_Movement_Reason_Description,Victimization_Description,UTM_X_Coordinate,UTM_Y_Coordinate,Longitude,Latitude,datetime
2023S005060    ,Eixample,la Sagrada Família,Lepant,Thursday,2023,8,August,24,Night,,Not caused by the pedestrian,Motorcycle,Man,31,Driver,Desconegut,Unknown,Leisure and entertainment,Minor injury: Hospitalization up to 24 hours,431371.11,4584089.39,2.177825098,41.403571733,2023-08-24 23:00:00
2023S005061    ,Les Corts,la Maternitat i Sant Ramon,Diagonal,Friday,2023,8,August,25,Night,,Not caused by the pedestrian,Motorcycle,Woman,49,Driver,Desconegut,Unknown,Commuting,Minor injury: Hospitalization up to 24 hours,425497.61,4581866.91,2.107838134,41.383031749,2023-08-25 00:00:00
2023S005062    ,Sant Martí,la Vila Olímpica del Poblenou,Joan Oliver,Friday,2023,8,August,25,Night,,Not caused by the pedestrian,Motorcycle,Man,22,Passenger,Desconegut,Unknown,Unknown,Minor injury: Hospitalization up to 24 hours,433298.47,4582876.14,2.201014868,41.392806606,2023-08-25 05:00:00
2023S005064    ,Sarrià-Sant Gervasi,Sant Gervasi - la Bonanova,Adrià Margarit,Friday,2023,8,August,25,Morning,,Not caused by the pedestrian,Motorcycle,Man,33,Driver,Desconegut,Unknown,Leisure and entertainment,Minor injury: Medical assistance at accident site,427518.18,4585332.24,2.131586079,41.414427233,2023-08-25 08:00:00
2023S005065    ,Eixample,la Dreta de l'Eixample,València,Thursday,2023,8,August,24,Afternoon,,Not caused by the pedestrian,Autobús articulat,Woman,25,Passenger,Desconegut,Unknown,Unknown,Minor injury: Medical assistance at accident site,430015.48,4582749.64,2.161763434,41.391388123,2023-08-24 19:00:00
2023S005066    ,Ciutat Vella,"Sant Pere, Santa Caterina i la Ribera",Marquès de l'Argentera,Friday,2023,8,August,25,Morning,,Not caused by the pedestrian,Furgoneta,Woman,21,Pedestrian,En pas sense regular,Unknown,Unknown,Minor injury: Medical assistance at accident site,431803.6,4581754.35,2.183261829,41.382577507,2023-08-25 11:00:00
2023S005067    ,Gràcia,Vallcarca i els Penitents,Vall d'Hebron,Friday,2023,8,August,25,Afternoon,,Not caused by the pedestrian,Motorcycle,Man,28,Driver,Desconegut,Unknown,Commuting,Minor injury: Hospitalization up to 24 hours,427911.55,4585501.92,2.136272247,41.41599087,2023-08-25 14:00:00
2023S005069    ,Eixample,Sant Antoni,Sepúlveda,Friday,2023,8,August,25,Morning,,Not caused by the pedestrian,Ciclomotor,Man,47,Driver,Desconegut,Unknown,Unknown,Minor injury: Medical assistance at accident site,429204.19,4581008.92,2.152263789,41.375639002,2023-08-25 12:00:00
2023S005070    ,Sant Martí,Provençals del Poblenou,Espronceda,Friday,2023,8,August,25,Morning,,Not caused by the pedestrian,Ciclomotor,Man,36,Driver,Desconegut,Unknown,Unknown,Minor injury: Hospitalization up to 24 hours,433427.03,4584453.69,2.202378942,41.407025865,2023-08-25 13:00:00
2023S005071    ,Eixample,el Fort Pienc,Corts Catalanes,Friday,2023,8,August,25,Afternoon,,Not caused by the pedestrian,Ciclomotor,Man,26,Driver,Desconegut,Unknown,Other activities,Minor injury: Hospitalization up to 24 hours,431747.81,4583653.86,2.182380487,41.39968113,2023-08-25 18:00:00
2023S005072    ,Eixample,la Dreta de l'Eixample,Diagonal,Friday,2023,8,August,25,Afternoon,,Not caused by the pedestrian,Ciclomotor,Woman,32,Passenger,Desconegut,Unknown,Unknown,Minor injury: Hospitalization up to 24 hours,430134.59,4583421.81,2.163110418,41.397452499,2023-08-25 15:00:00
2023S005073    ,Ciutat Vella,la Barceloneta,Joan Borbó Comte Barcelona,Friday,2023,8,August,25,Afternoon,,Not caused by the pedestrian,Ciclomotor,Man,24,Driver,Desconegut,Unknown,Other activities,Minor injury: Refused medical assistance,432255.82,4581059.81,2.18874744,41.376360184,2023-08-25 20:00:00
2023S005074    ,Les Corts,les Corts,Diagonal,Friday,2023,8,August,25,Afternoon,,Not caused by the pedestrian,Ciclomotor,Man,23,Driver,Desconegut,Unknown,Leisure and entertainment,Minor injury: Hospitalization up to 24 hours,428238.7,4582759.26,2.140511799,41.391318115,2023-08-25 15:00:00
2023S005075    ,Horta-Guinardó,Montbau,Dalt (Besòs),Friday,2023,8,August,25,Afternoon,,Not caused by the pedestrian,Bicicleta,Man,25,Driver,Desconegut,Unknown,Other activities,Minor injury: Hospitalization up to 24 hours,428431.67,4586573.77,2.142368369,41.425691091,2023-08-25 16:00:00
2023S005077    ,Les Corts,la Maternitat i Sant Ramon,Mig (Descendent),Friday,2023,8,August,25,Afternoon,,Not caused by the pedestrian,Car,Woman,32,Driver,Desconegut,Unknown,Unknown,Minor injury: Hospitalization up to 24 hours,427105.75,4582225.66,2.127025901,41.386410258,2023-08-25 18:00:00
2023S005078    ,Sant Martí,la Vila Olímpica del Poblenou,Litoral (Llobregat),Friday,2023,8,August,25,Afternoon,,Not caused by the pedestrian,Ciclomotor,Woman,38,Driver,Desconegut,Unknown,Commuting,Minor injury: Hospitalization up to 24 hours,432888.89,4582323.45,2.196177347,41.38779457,2023-08-25 19:00:00
2023S005079    ,Sant Martí,el Poblenou,Bilbao,Friday,2023,8,August,25,Afternoon,,Not caused by the pedestrian,Ciclomotor,Man,39,Driver,Desconegut,Unknown,On a mission,Minor injury: Hospitalization up to 24 hours,433226.66,4584433.11,2.199984159,41.406823877,2023-08-25 21:00:00
2023S005080    ,Horta-Guinardó,el Carmel,Llobregós,Friday,2023,8,August,25,Afternoon,,Not caused by the pedestrian,Motorcycle,Man,63,Driver,Desconegut,Unknown,Commuting,Minor injury: Medical assistance at accident site,429575.18,4586406.11,2.156071636,41.42428216,2023-08-25 19:00:00
2023S005081    ,Eixample,l'Antiga Esquerra de l'Eixample,Muntaner,Friday,2023,8,August,25,Afternoon,,Not caused by the pedestrian,Car,Woman,27,Pedestrian,En pas regulat per semàfor,Unknown,Unknown,Minor injury: Hospitalization up to 24 hours,429266.59,4582781.43,2.152802887,41.391608896,2023-08-25 20:00:00
2023S005082    ,Sant Martí,el Camp de l'Arpa del Clot,Rogent,Saturday,2023,8,August,26,Night,,Not caused by the pedestrian,Bicicleta,Woman,29,Driver,Desconegut,Unknown,Unknown,Minor injury: Hospitalization up to 24 hours,431988.96,4584692.18,2.185148327,41.409053419,2023-08-26 03:00:00
2023S005083    ,Eixample,la Dreta de l'Eixample,Cinc d'Oros,Saturday,2023,8,August,26,Night,,Not caused by the pedestrian,Bicicleta,Man,38,Driver,Desconegut,Unknown,Unknown,Serious injury: Hospitalization over 24 hours,429831.32,4583321.36,2.159494571,41.396521359,2023-08-26 04:00:00
2023S005084    ,Horta-Guinardó,Horta,Mont-ral,Saturday,2023,8,August,26,Night,,Not caused by the pedestrian,Car,Man,28,Driver,Desconegut,Unknown,Other activities,Minor injury: Medical assistance at accident site,429874.32,4588069.4,2.159458123,41.439288938,2023-08-26 02:00:00
2023S005086    ,Sants-Montjuïc,el Poble-sec,Paral·lel,Friday,2023,8,August,25,Night,,Disobeying the traffic light signal,Bicicleta,Man,24,Driver,Desconegut,Unknown,Unknown,Minor injury: Medical assistance at accident site,430543.34,4580901.21,2.168288734,41.37478565,2023-08-25 23:00:00
2023S005087    ,Sant Andreu,Navas,Felip II,Saturday,2023,8,August,26,Night,,Not caused by the pedestrian,Bicicleta,Man,23,Driver,Desconegut,Unknown,Commuting,Minor injury: Refused medical assistance,432413.51,4585676.58,2.19011739,41.417955448,2023-08-26 01:00:00
2023S005088    ,Gràcia,el Camp d'en Grassot i Gràcia Nova,Sardenya,Saturday,2023,8,August,26,Morning,,Not caused by the pedestrian,Bicicleta,Woman,24,Driver,Desconegut,Unknown,Unknown,Minor injury: Medical assistance at accident site,430059.43,4585109.9,2.162016233,41.412650002,2023-08-26 11:00:00
2023S005089    ,Sant Andreu,la Sagrera,Garcilaso,Saturday,2023,8,August,26,Morning,,Not caused by the pedestrian,Motorcycle,Man,38,Driver,Desconegut,Unknown,Unknown,Minor injury: Hospitalization up to 24 hours,432091.59,4586196.25,2.186207197,41.422608794,2023-08-26 12:00:00
2023S005090    ,Eixample,l'Antiga Esquerra de l'Eixample,Diagonal,Friday,2023,8,August,25,Afternoon,,Not caused by the pedestrian,Motorcycle,Man,47,Driver,Desconegut,Unknown,On a mission,Minor injury: Hospitalization up to 24 hours,428717.29,4582960.0,2.146212142,41.393168688,2023-08-25 14:00:00
2023S005091    ,Sant Andreu,la Sagrera,Clara Zetkin,Saturday,2023,8,August,26,Morning,,Not caused by the pedestrian,Motorcycle,Man,24,Driver,Desconegut,Unknown,Unknown,Minor injury: Refused medical assistance,433046.89,4586091.7,2.197649887,41.421747369,2023-08-26 13:00:00
2023S005092    ,Eixample,la Dreta de l'Eixample,Sant Joan,Saturday,2023,8,August,26,Afternoon,,Not caused by the pedestrian,Bicicleta,Woman,28,Driver,Desconegut,Unknown,Leisure and entertainment,Minor injury: Hospitalization up to 24 hours,431370.0,4582923.54,2.177944045,41.393071178,2023-08-26 15:00:00
2023S005093    ,Sant Martí,el Clot,Corts Catalanes,Saturday,2023,8,August,26,Afternoon,,Not caused by the pedestrian,Motorcycle,Woman,26,Passenger,Desconegut,Unknown,Unknown,Minor injury: Hospitalization up to 24 hours,432300.34,4584050.97,2.188945282,41.403304527,2023-08-26 14:00:00
2023S005094    ,Sant Andreu,la Trinitat Vella,B-20 (Llobregat),Saturday,2023,8,August,26,Afternoon,,Not caused by the pedestrian,Car,Woman,25,Passenger,Desconegut,Unknown,Unknown,Minor injury: Hospitalization up to 24 hours,432696.87,4588930.56,2.193145279,41.447286803,2023-08-26 20:00:00
2023S005095    ,Eixample,el Fort Pienc,Padilla,Saturday,2023,8,August,26,Afternoon,,Not caused by the pedestrian,Motorcycle,Man,51,Driver,Desconegut,Unknown,Unknown,Minor injury: Hospitalization up to 24 hours,431843.45,4583785.44,2.183509686,41.40087435,2023-08-26 19:00:00
2023S005096    ,Gràcia,Vallcarca i els Penitents,Lesseps,Saturday,2023,8,August,26,Afternoon,,Not caused by the pedestrian,Bicicleta,Man,29,Driver,Desconegut,Unknown,Other activities,Minor injury: Hospitalization up to 24 hours,429045.69,4584528.2,2.149956058,41.407321945,2023-08-26 20:00:00
2023S005097    ,Sant Martí,el Parc i la Llacuna del Poblenou,C-31,Saturday,2023,8,August,26,Afternoon,,Not caused by the pedestrian,Motorcycle,Man,20,Passenger,Desconegut,Unknown,Unknown,Minor injury: Hospitalization up to 24 hours,432172.41,4584181.5,2.187400294,41.404469384,2023-08-26 21:00:00
2023S005098    ,Horta-Guinardó,el Guinardó,Flaugier,Saturday,2023,8,August,26,Afternoon,,Not caused by the pedestrian,Motorcycle,Woman,42,Passenger,Desconegut,Unknown,Unknown,Minor injury: Medical assistance at accident site,431430.19,4585297.77,2.178394836,41.414460273,2023-08-26 18:00:00
2023S005099    ,Ciutat Vella,el Raval,Hospital,Friday,2023,8,August,25,Night,,Not caused by the pedestrian,Veh. mobilitat personal amb motor,Man,41,Driver,Desconegut,Unknown,Unknown,Minor injury: Hospitalization up to 24 hours,430802.95,4581563.96,2.171317221,41.380777229,2023-08-25 23:00:00
2023S005100    ,Ciutat Vella,el Raval,Hospital,Sunday,2023,8,August,27,Night,,Not caused by the pedestrian,Motorcycle,Man,54,Driver,Desconegut,Unknown,Commuting,Minor injury: Hospitalization up to 24 hours,430759.57,4581540.06,2.170801204,41.380558235,2023-08-27 01:00:00
2023S005101    ,Les Corts,Pedralbes,Manuel Girona,Saturday,2023,8,August,26,Afternoon,,Not caused by the pedestrian,Car,Woman,50,Driver,Desconegut,Unknown,Commuting,Minor injury: Hospitalization up to 24 hours,426989.8,4582786.06,2.125571659,41.391447031,2023-08-26 19:00:00
2023S005102    ,Sarrià-Sant Gervasi,Sant Gervasi - Galvany,Diagonal,Sunday,2023,8,August,27,Morning,,Not caused by the pedestrian,Car,Woman,38,Passenger,Desconegut,Unknown,Unknown,Minor injury: Hospitalization up to 24 hours,428867.36,4583035.93,2.147998123,41.393865857,2023-08-27 06:00:00
2023S005103    ,Sant Martí,el Clot,Glòries Catalanes,Saturday,2023,8,August,26,Afternoon,,Not caused by the pedestrian,Motorcycle,Woman,54,Passenger,Desconegut,Unknown,Unknown,Minor injury: Hospitalization up to 24 hours,432172.41,4584181.5,2.187400294,41.404469384,2023-08-26 21:00:00
2023S005105    ,Ciutat Vella,"Sant Pere, Santa Caterina i la Ribera",Palau,Sunday,2023,8,August,27,Afternoon,,Not caused by the pedestrian,Motorcycle,Man,57,Driver,Desconegut,Unknown,Other activities,Minor injury: Medical assistance at accident site,431889.52,4581812.01,2.184282828,41.383104118,2023-08-27 19:00:00
2023S005106    ,Eixample,la Sagrada Família,Còrsega,Sunday,2023,8,August,27,Afternoon,,Not caused by the pedestrian,Motorcycle,Man,40,Driver,Desconegut,Unknown,Other activities,Minor injury: Hospitalization up to 24 hours,431178.69,4584655.52,2.175458873,41.408654227,2023-08-27 17:00:00
2023S005107    ,Eixample,el Fort Pienc,Alí Bei,Sunday,2023,8,August,27,Afternoon,,Not caused by the pedestrian,Car,Man,40,Pedestrian,Fora del pas,Unknown,Unknown,Minor injury: Hospitalization up to 24 hours,431772.91,4583147.51,2.182737815,41.395122713,2023-08-27 21:00:00
2023S005109    ,Nou Barris,Porta,Rio de Janeiro,Monday,2023,8,August,28,Morning,,Not caused by the pedestrian,Bicicleta,Woman,62,Driver,Desconegut,Unknown,Unknown,Minor injury: Medical assistance at accident site,431657.68,4587938.58,2.180817951,41.438264547,2023-08-28 10:00:00
2023S005110    ,Sarrià-Sant Gervasi,Sant Gervasi - Galvany,Francesc Macià,Monday,2023,8,August,28,Morning,,Others,Veh. mobilitat personal amb motor,Woman,71,Pedestrian,Fora del pas,Unknown,Unknown,Minor injury: Hospitalization up to 24 hours,428583.61,4582973.74,2.14461165,41.393280573,2023-08-28 09:00:00
2023S005111    ,Eixample,la Dreta de l'Eixample,Provença,Monday,2023,8,August,28,Morning,,Not caused by the pedestrian,Bicicleta,Man,26,Driver,Desconegut,Unknown,On a mission,Minor injury: Medical assistance at accident site,429768.59,4582882.07,2.158795226,41.392559343,2023-08-28 13:00:00
2023S005112    ,Eixample,l'Antiga Esquerra de l'Eixample,Muntaner,Monday,2023,8,August,28,Afternoon,,Not caused by the pedestrian,Motorcycle,Man,50,Driver,Desconegut,Unknown,Commuting,Minor injury: Medical assistance at accident site,429641.8,4582396.81,2.157335169,41.388177681,2023-08-28 15:00:00
2023S005113    ,Eixample,el Fort Pienc,Corts Catalanes,Monday,2023,8,August,28,Afternoon,,Not caused by the pedestrian,Motorcycle,Woman,24,Driver,Desconegut,Unknown,Leisure and entertainment,Minor injury: Hospitalization up to 24 hours,431363.28,4583313.93,2.177819397,41.396586731,2023-08-28 14:00:00
2023S005114    ,Eixample,la Dreta de l'Eixample,Aragó,Monday,2023,8,August,28,Afternoon,,Not caused by the pedestrian,Motorcycle,Man,32,Driver,Desconegut,Unknown,Leisure and entertainment,Minor injury: Hospitalization up to 24 hours,430848.48,4583371.79,2.171655185,41.397063728,2023-08-28 16:00:00
2023S005116    ,Ciutat Vella,la Barceloneta,Litoral (Llobregat),Monday,2023,8,August,28,Afternoon,,Not caused by the pedestrian,Motorcycle,Man,24,Driver,Desconegut,Unknown,Unknown,Minor injury: Medical assistance at accident site,432683.81,4582138.32,2.193745254,41.386110004,2023-08-28 16:00:00
2023S005117    ,Sant Martí,Provençals del Poblenou,Perú,Monday,2023,8,August,28,Afternoon,,Not caused by the pedestrian,Ciclomotor,Woman,62,Driver,Desconegut,Unknown,Unknown,Minor injury: Hospitalization up to 24 hours,433383.19,4585066.47,2.201786977,41.412541377,2023-08-28 15:00:00
2023S005118    ,Eixample,la Sagrada Família,Castillejos,Monday,2023,8,August,28,Afternoon,,Not caused by the pedestrian,Motorcycle,Man,34,Driver,Desconegut,Unknown,Commuting,Minor injury: Hospitalization up to 24 hours,431647.55,4584174.64,2.181122366,41.404363118,2023-08-28 17:00:00
2023S005120    ,Les Corts,les Corts,Numància,Monday,2023,8,August,28,Afternoon,,Not caused by the pedestrian,Bicicleta,Woman,26,Driver,Desconegut,Unknown,Commuting,Minor injury: Hospitalization up to 24 hours,427722.44,4582364.77,2.134384389,41.387718843,2023-08-28 16:00:00
2023S005122    ,Sants-Montjuïc,la Marina del Prat Vermell,Zona Franca,Sunday,2023,8,August,27,Afternoon,,Not caused by the pedestrian,Bus,Woman,65,Passenger,Desconegut,Unknown,Unknown,Minor injury: Hospitalization up to 24 hours,428498.25,4578561.53,2.14411139,41.35353371,2023-08-27 16:00:00
2023S005123    ,Sarrià-Sant Gervasi,Sant Gervasi - Galvany,Gràcia,Monday,2023,8,August,28,Night,,Not caused by the pedestrian,Motorcycle,Man,57,Driver,Desconegut,Unknown,On a mission,Minor injury: Refused medical assistance,428981.3,4583264.73,2.149334064,41.395936651,2023-08-28 22:00:00
2023S005124    ,Sants-Montjuïc,Sants,Sants,Monday,2023,8,August,28,Afternoon,,Not caused by the pedestrian,Motorcycle,Man,43,Driver,Desconegut,Unknown,Unknown,Minor injury: Medical assistance at accident site,427865.14,4581015.94,2.136251648,41.375583249,2023-08-28 21:00:00
2023S005125    ,Sants-Montjuïc,el Poble-sec,Magalhães,Tuesday,2023,8,August,29,Night,,Not caused by the pedestrian,Motorcycle,Man,42,Driver,Desconegut,Unknown,Leisure and entertainment,Minor injury: Refused medical assistance,430157.95,4580602.24,2.163715038,41.372059543,2023-08-29 01:00:00
2023S005127    ,Sarrià-Sant Gervasi,Sarrià,Capità Arenas,Tuesday,2023,8,August,29,Morning,,Not caused by the pedestrian,Motorcycle,Man,64,Pedestrian,En pas sense regular,Other activities,Unknown,Minor injury: Medical assistance at accident site,426949.45,4582910.63,2.125074038,41.392565316,2023-08-29 08:00:00
2023S005128    ,Les Corts,la Maternitat i Sant Ramon,Diagonal,Tuesday,2023,8,August,29,Night,,Not caused by the pedestrian,Motorcycle,Woman,33,Driver,Desconegut,Unknown,Commuting,Minor injury: Refused medical assistance,425773.04,4581961.26,2.111120291,41.38390699,2023-08-29 05:00:00
2023S005130    ,Sarrià-Sant Gervasi,les Tres Torres,General Mitre,Tuesday,2023,8,August,29,Morning,,Not caused by the pedestrian,Motorcycle,Man,58,Driver,Desconegut,Unknown,Unknown,Minor injury: Hospitalization up to 24 hours,427602.93,4583375.03,2.132834294,41.396807102,2023-08-29 08:00:00
2023S005131    ,Horta-Guinardó,el Carmel,Dante Alighieri,Tuesday,2023,8,August,29,Morning,,Not caused by the pedestrian,Motorcycle,Woman,39,Pedestrian,En pas sense regular,Unknown,Unknown,Minor injury: Medical assistance at accident site,429337.52,4586510.71,2.153215525,41.42520337,2023-08-29 10:00:00
2023S005132    ,Sants-Montjuïc,la Marina de Port,Zona Franca,Tuesday,2023,8,August,29,Morning,,Not caused by the pedestrian,Motorcycle,Woman,46,Driver,Desconegut,Unknown,Unknown,Minor injury: Hospitalization up to 24 hours,428057.24,4579344.4,2.138747045,41.360545468,2023-08-29 10:00:00
2023S005133    ,Eixample,l'Antiga Esquerra de l'Eixample,Diagonal,Tuesday,2023,8,August,29,Morning,,Not caused by the pedestrian,Motorcycle,Woman,29,Driver,Desconegut,Unknown,Unknown,Minor injury: Medical assistance at accident site,429142.1,4583070.28,2.151280152,41.394199502,2023-08-29 08:00:00
2023S005134    ,Horta-Guinardó,el Carmel,Llobregós,Tuesday,2023,8,August,29,Morning,,Not caused by the pedestrian,Motorcycle,Man,66,Driver,Desconegut,Unknown,Unknown,Minor injury: Hospitalization up to 24 hours,429382.37,4586268.45,2.153780523,41.423025376,2023-08-29 11:00:00
2023S005135    ,Eixample,l'Antiga Esquerra de l'Eixample,Provença,Tuesday,2023,8,August,29,Morning,,Not caused by the pedestrian,Bicicleta,Man,43,Driver,Desconegut,Unknown,Leisure and entertainment,Minor injury: Hospitalization up to 24 hours,429743.72,4582869.41,2.158499241,41.392443146,2023-08-29 12:00:00
2023S005136    ,Eixample,la Dreta de l'Eixample,València,Tuesday,2023,8,August,29,Afternoon,,Not caused by the pedestrian,Ciclomotor,Man,36,Driver,Desconegut,Unknown,Leisure and entertainment,Minor injury: Medical assistance at accident site,430442.77,4583169.16,2.166825686,41.395203694,2023-08-29 14:00:00
2023S005137    ,Sarrià-Sant Gervasi,el Putxet i el Farró,Saragossa,Tuesday,2023,8,August,29,Afternoon,,Not caused by the pedestrian,Car,Woman,49,Pedestrian,En pas sense regular,Unknown,Unknown,Minor injury: Hospitalization up to 24 hours,428923.46,4583987.97,2.148557289,41.402445494,2023-08-29 16:00:00
2023S005138    ,Les Corts,Pedralbes,Diagonal,Tuesday,2023,8,August,29,Afternoon,,Not caused by the pedestrian,Bus,Woman,50,Passenger,Desconegut,Unknown,Unknown,Minor injury: Hospitalization up to 24 hours,426968.02,4582381.68,2.12535995,41.387802968,2023-08-29 16:00:00
2023S005139    ,Sant Andreu,el Congrés i els Indians,Felip II,Tuesday,2023,8,August,29,Afternoon,,Not caused by the pedestrian,Bicicleta,Man,38,Driver,Desconegut,Unknown,Unknown,Minor injury: Medical assistance at accident site,431370.73,4586776.52,2.177515525,41.427773798,2023-08-29 17:00:00
2023S005140    ,Sant Andreu,Sant Andreu,Favència,Tuesday,2023,8,August,29,Afternoon,,Not caused by the pedestrian,Furgoneta,Man,37,Driver,Desconegut,Unknown,Unknown,Minor injury: Hospitalization up to 24 hours,432696.87,4588930.56,2.193145279,41.447286803,2023-08-29 16:00:00
2023S005141    ,Ciutat Vella,la Barceloneta,Ginebra,Tuesday,2023,8,August,29,Morning,,Not caused by the pedestrian,Bicicleta,Man,31,Driver,Desconegut,Unknown,Leisure and entertainment,Minor injury: Refused medical assistance,432283.87,4581658.44,2.189015922,41.38175426,2023-08-29 13:00:00
2023S005142    ,Ciutat Vella,"Sant Pere, Santa Caterina i la Ribera",Marquès de l'Argentera,Tuesday,2023,8,August,29,Afternoon,,Not caused by the pedestrian,Motorcycle,Woman,35,Passenger,Desconegut,Unknown,Unknown,Minor injury: Hospitalization up to 24 hours,431886.87,4581921.01,2.184238877,41.384085628,2023-08-29 14:00:00
2023S005143    ,Eixample,la Sagrada Família,Sant Antoni Maria Claret,Tuesday,2023,8,August,29,Morning,,Not caused by the pedestrian,Motorcycle,Man,66,Driver,Desconegut,Unknown,Leisure and entertainment,Minor injury: Hospitalization up to 24 hours,431087.05,4584936.71,2.174330508,41.411178957,2023-08-29 13:00:00
2023S005144    ,Eixample,el Fort Pienc,Corts Catalanes,Tuesday,2023,8,August,29,Afternoon,,Not caused by the pedestrian,Car,Man,33,Driver,Desconegut,Unknown,Unknown,Minor injury: Refused medical assistance,431843.45,4583785.44,2.183509686,41.40087435,2023-08-29 16:00:00
2023S005145    ,Les Corts,les Corts,Diagonal,Tuesday,2023,8,August,29,Afternoon,,Not caused by the pedestrian,Motorcycle,Woman,24,Pedestrian,En pas regulat per semàfor,Unknown,Unknown,Minor injury: Hospitalization up to 24 hours,427950.94,4582654.58,2.137082626,41.390349562,2023-08-29 17:00:00
2023S005146    ,Nou Barris,Canyelles,Favència,Tuesday,2023,8,August,29,Afternoon,,Not caused by the pedestrian,Veh. mobilitat personal amb motor,Woman,21,Driver,Desconegut,Unknown,Unknown,Minor injury: Hospitalization up to 24 hours,430457.12,4588348.41,2.166401501,41.441852588,2023-08-29 19:00:00
2023S005147    ,Nou Barris,les Roquetes,Favència,Tuesday,2023,8,August,29,Night,,Not caused by the pedestrian,Motorcycle,Man,56,Driver,Desconegut,Unknown,Unknown,Minor injury: Hospitalization up to 24 hours,431330.27,4588699.98,2.176812648,41.445094246,2023-08-29 22:00:00
2023S005148    ,Nou Barris,les Roquetes,Dalt (Besòs),Tuesday,2023,8,August,29,Night,,Not caused by the pedestrian,Motorcycle,Man,38,Driver,Desconegut,Unknown,Commuting,Minor injury: Hospitalization up to 24 hours,431510.91,4588833.99,2.178959717,41.446316664,2023-08-29 23:00:00
2023S005150    ,Sant Martí,el Parc i la Llacuna del Poblenou,Almogàvers,Wednesday,2023,8,August,30,Night,,Not caused by the pedestrian,Taxi,Woman,27,Passenger,Desconegut,Unknown,Unknown,Minor injury: Hospitalization up to 24 hours,431736.83,4582736.66,2.182352601,41.39141924,2023-08-30 03:00:00
2023S005151    ,Les Corts,Pedralbes,Esplugues,Tuesday,2023,8,August,29,Morning,,Not caused by the pedestrian,Car,Woman,42,Passenger,Desconegut,Unknown,Unknown,Minor injury: Hospitalization up to 24 hours,425204.75,4582148.4,2.104301214,41.385539814,2023-08-29 13:00:00
2023S005152    ,Ciutat Vella,el Raval,Drassanes,Monday,2023,8,August,28,Afternoon,,Not caused by the pedestrian,Ciclomotor,Man,73,Driver,Desconegut,Unknown,Unknown,Minor injury: Hospitalization up to 24 hours,431213.91,4580892.22,2.176307867,41.374762308,2023-08-28 19:00:00
2023S005153    ,Sarrià-Sant Gervasi,les Tres Torres,General Mitre,Wednesday,2023,8,August,30,Morning,,Not caused by the pedestrian,Motorcycle,Woman,24,Driver,Desconegut,Unknown,On a mission,Minor injury: Hospitalization up to 24 hours,427714.85,4583654.89,2.134139547,41.399337763,2023-08-30 09:00:00
2023S005154    ,Horta-Guinardó,la Vall d'Hebron,Granja Vella,Wednesday,2023,8,August,30,Morning,,Not caused by the pedestrian,Motorcycle,Man,46,Driver,Desconegut,Unknown,Commuting,Minor injury: Hospitalization up to 24 hours,429003.29,4586683.09,2.149195765,41.426726441,2023-08-30 08:00:00
2023S005155    ,Ciutat Vella,el Barri Gòtic,Àngel,Tuesday,2023,8,August,29,Afternoon,,Not caused by the pedestrian,Veh. mobilitat personal amb motor,Woman,26,Driver,Desconegut,Unknown,Unknown,Minor injury: Hospitalization up to 24 hours,431402.24,4581885.51,2.178447266,41.383724688,2023-08-29 17:00:00
2023S005156    ,Sarrià-Sant Gervasi,Sant Gervasi - la Bonanova,Escoles Pies,Wednesday,2023,8,August,30,Morning,,Not caused by the pedestrian,Motorcycle,Man,27,Driver,Desconegut,Unknown,Commuting,Minor injury: Hospitalization up to 24 hours,427140.1,4584211.14,2.127197679,41.404295768,2023-08-30 08:00:00
2023S005157    ,Sants-Montjuïc,el Poble-sec,Francesc Ferrer i Guàrdia,Wednesday,2023,8,August,30,Morning,,Not caused by the pedestrian,Motorcycle,Man,30,Driver,Desconegut,Unknown,Commuting,Minor injury: Hospitalization up to 24 hours,429128.42,4580567.28,2.151409448,41.37165462,2023-08-30 09:00:00
2023S005159    ,Sants-Montjuïc,Hostafrancs,Creu Coberta,Wednesday,2023,8,August,30,Afternoon,,Not caused by the pedestrian,Bicicleta,Man,59,Driver,Desconegut,Unknown,Commuting,Minor injury: Hospitalization up to 24 hours,428795.14,4580960.25,2.147378401,41.375164538,2023-08-30 15:00:00
2023S005160    ,Sants-Montjuïc,la Marina del Prat Vermell,Litoral (Besòs),Wednesday,2023,8,August,30,Afternoon,,Not caused by the pedestrian,Motorcycle,Man,36,Driver,Desconegut,Unknown,Unknown,Minor injury: Hospitalization up to 24 hours,427843.56,4577637.92,2.136395635,41.345156627,2023-08-30 17:00:00
2023S005161    ,Nou Barris,Porta,Rosselló i Porcel,Wednesday,2023,8,August,30,Afternoon,,Not caused by the pedestrian,Motorcycle,Woman,44,Driver,Desconegut,Unknown,Unknown,Minor injury: Hospitalization up to 24 hours,431791.07,4587776.85,2.182432739,41.43681925,2023-08-30 17:00:00