Case_Number,District_Name,Neighborhood_Name,Street_Name,Day_of_Week,Year,Month_Code,Month_Name,Day_of_Month,Shift_Description,Hour_of_Day,Pedestrian_Cause_Description,Involved_Vehicle_Type,Gender_Description,Age,Person_Type_Description,Pedestrian_Accident_Location_Description,Pedestrian_Movement_Reason_Description,Driver_Movement_Reason_Description,Victimization_Description,UTM_X_Coordinate,UTM_Y_Coordinate,Longitude,Latitude,datetime
2023S005162    ,Sant Andreu,Navas,Josep Estivill,Wednesday,2023,8,August,30,Afternoon,,Walking on the road,Car,Man,81,Pedestrian,Fora del pas,Leisure and entertainment,Unknown,Minor injury: Medical assistance at accident site,432227.71,4585676.28,2.187894305,41.417937088,2023-08-30 18:00:00
2023S005163    ,Sant Andreu,Sant Andreu,Sant Adrià,Wednesday,2023,8,August,30,Afternoon,,Not caused by the pedestrian,Ciclomotor,Man,35,Driver,Desconegut,Unknown,Leisure and entertainment,Minor injury: Medical assistance at accident site,432685.85,4587536.11,2.193168821,41.434726532,2023-08-30 18:00:00
2023S005164    ,Eixample,la Dreta de l'Eixample,Gràcia,Wednesday,2023,8,August,30,Afternoon,,Not caused by the pedestrian,Veh. mobilitat personal amb motor,Man,22,Driver,Desconegut,Unknown,Other activities,Minor injury: Hospitalization up to 24 hours,430005.45,4583130.22,2.161599464,41.394815009,2023-08-30 14:00:00
2023S005165    ,Sarrià-Sant Gervasi,Sarrià,Augusta,Wednesday,2023,8,August,30,Afternoon,,Not caused by the pedestrian,Motorcycle,Man,61,Driver,Desconegut,Unknown,Unknown,Minor injury: Hospitalization up to 24 hours,426449.38,4584094.02,2.118949247,41.403177991,2023-08-30 20:00:00
2023S005166    ,Eixample,Sant Antoni,Comte d'Urgell,Wednesday,2023,8,August,30,Afternoon,,Not caused by the pedestrian,Motorcycle,Man,68,Driver,Desconegut,Unknown,Other activities,Minor injury: Hospitalization up to 24 hours,429919.21,4581564.2,2.160749232,41.380702858,2023-08-30 20:00:00
2023S005167    ,Eixample,el Fort Pienc,Corts Catalanes,Wednesday,2023,8,August,30,Afternoon,,Not caused by the pedestrian,Motorcycle,Woman,28,Driver,Desconegut,Unknown,Servei d'auxili en carretera,Minor injury: Hospitalization up to 24 hours,431854.97,4583831.25,2.183642329,41.401287924,2023-08-30 18:00:00
2023S005168    ,Eixample,la Nova Esquerra de l'Eixample,Calàbria,Wednesday,2023,8,August,30,Afternoon,,Not caused by the pedestrian,Motorcycle,Man,35,Driver,Desconegut,Unknown,Commuting,Minor injury: Hospitalization up to 24 hours,428973.69,4581930.81,2.149399541,41.383921833,2023-08-30 19:00:00
2023S005170    ,Eixample,la Dreta de l'Eixample,València,Wednesday,2023,8,August,30,Afternoon,,Not caused by the pedestrian,Motorcycle,Man,56,Driver,Desconegut,Unknown,Leisure and entertainment,Minor injury: Medical assistance at accident site,430310.82,4583051.57,2.165260989,41.394133169,2023-08-30 20:00:00
2023S005171    ,Eixample,la Sagrada Família,València,Wednesday,2023,8,August,30,Night,,Not caused by the pedestrian,Motorcycle,Woman,42,Passenger,Desconegut,Unknown,Unknown,Minor injury: Hospitalization up to 24 hours,431276.93,4583999.47,2.176708689,41.402753801,2023-08-30 22:00:00
2023S005172    ,Sant Andreu,el Bon Pastor,Cresques,Thursday,2023,8,August,31,Night,,Not caused by the pedestrian,"Camió rígid > 3,5 tones",Man,56,Pedestrian,En pas sense regular,Commuting,Unknown,Minor injury: Hospitalization up to 24 hours,433618.71,4587440.27,2.204344039,41.433941027,2023-08-31 05:00:00
2023S005173    ,Horta-Guinardó,la Vall d'Hebron,Dalt (Llobregat),Thursday,2023,8,August,31,Morning,,Not caused by the pedestrian,Car,Woman,43,Driver,Desconegut,Unknown,Unknown,Minor injury: Hospitalization up to 24 hours,428665.97,4587115.35,2.145108159,41.430589724,2023-08-31 06:00:00
2023S005174    ,Les Corts,les Corts,Mig (Ascendent),Thursday,2023,8,August,31,Morning,,Not caused by the pedestrian,Motorcycle,Man,52,Driver,Desconegut,Unknown,Commuting,Serious injury: Hospitalization over 24 hours,427191.1,4581776.77,2.128100585,41.382375016,2023-08-31 06:00:00
2023S005175    ,Eixample,la Nova Esquerra de l'Eixample,Comte Borrell,Thursday,2023,8,August,31,Morning,,Not caused by the pedestrian,Car,Woman,47,Pedestrian,En zona peatonal,On a mission,Unknown,Minor injury: Medical assistance at accident site,429412.31,4581883.92,2.154650361,41.383538136,2023-08-31 11:00:00
2023S005177    ,Sant Martí,Provençals del Poblenou,Bilbao,Thursday,2023,8,August,31,Afternoon,,Not caused by the pedestrian,Motorcycle,Man,23,Driver,Desconegut,Unknown,Commuting,Minor injury: Hospitalization up to 24 hours,433090.05,4584419.2,2.198351418,41.406687227,2023-08-31 15:00:00
2023S005178    ,Sarrià-Sant Gervasi,les Tres Torres,Augusta,Thursday,2023,8,August,31,Afternoon,,Not caused by the pedestrian,Motorcycle,Woman,21,Passenger,Desconegut,Unknown,Unknown,Minor injury: Hospitalization up to 24 hours,427200.37,4583487.59,2.128005711,41.397784521,2023-08-31 16:00:00
2023S005179    ,Sarrià-Sant Gervasi,Sant Gervasi - Galvany,Aribau,Thursday,2023,8,August,31,Afternoon,,Not caused by the pedestrian,Bicicleta,Man,26,Driver,Desconegut,Unknown,Unknown,Minor injury: Hospitalization up to 24 hours,429041.28,4583219.98,2.150056729,41.395538902,2023-08-31 15:00:00
2023S005180    ,Sants-Montjuïc,el Poble-sec,Paral·lel,Thursday,2023,8,August,31,Afternoon,,Disobeying the traffic light signal,Motorcycle,Man,42,Driver,Desconegut,Unknown,Other activities,Minor injury: Hospitalization up to 24 hours,430497.04,4580920.96,2.167732853,41.374959533,2023-08-31 16:00:00
2023S005181    ,Eixample,l'Antiga Esquerra de l'Eixample,Còrsega,Thursday,2023,8,August,31,Afternoon,,Not caused by the pedestrian,Motorcycle,Man,45,Driver,Desconegut,Unknown,Unknown,Minor injury: Hospitalization up to 24 hours,429458.0,4582969.11,2.155070314,41.393316086,2023-08-31 18:00:00
2023S005182    ,Horta-Guinardó,el Guinardó,Maragall,Thursday,2023,8,August,31,Afternoon,,Not caused by the pedestrian,Autobús articulat,Woman,67,Passenger,Desconegut,Unknown,Unknown,Minor injury: Hospitalization up to 24 hours,431521.68,4586117.02,2.17939666,41.421846795,2023-08-31 18:00:00
2023S005183    ,Gràcia,Vallcarca i els Penitents,Lesseps,Thursday,2023,8,August,31,Afternoon,,Not caused by the pedestrian,Motorcycle,Woman,66,Passenger,Desconegut,Unknown,Unknown,Minor injury: Hospitalization up to 24 hours,428967.21,4584479.36,2.149022934,41.406875127,2023-08-31 18:00:00
2023S005184    ,Eixample,la Sagrada Família,Mallorca,Thursday,2023,8,August,31,Afternoon,,Not caused by the pedestrian,Furgoneta,Woman,58,Pedestrian,Altres,Unknown,Unknown,Minor injury: Hospitalization up to 24 hours,431277.27,4584186.43,2.176691518,41.404437721,2023-08-31 17:00:00
2023S005185    ,Nou Barris,Vallbona,Puig de Jorba,Thursday,2023,8,August,31,Afternoon,,Not caused by the pedestrian,Motorcycle,Man,23,Driver,Desconegut,Unknown,Leisure and entertainment,Minor injury: Hospitalization up to 24 hours,431539.93,4591181.89,2.179040679,41.467465762,2023-08-31 16:00:00
2023S005186    ,Eixample,el Fort Pienc,Corts Catalanes,Thursday,2023,8,August,31,Afternoon,,Not caused by the pedestrian,Motorcycle,Man,31,Driver,Desconegut,Unknown,Other activities,Minor injury: Hospitalization up to 24 hours,431752.74,4583658.63,2.18243892,41.399724511,2023-08-31 19:00:00
2023S005187    ,Les Corts,les Corts,Marquès de Sentmenat,Thursday,2023,8,August,31,Afternoon,,Not caused by the pedestrian,Bicicleta,Man,22,Driver,Desconegut,Unknown,Unknown,Minor injury: Hospitalization up to 24 hours,427849.92,4582038.11,2.135947898,41.384788191,2023-08-31 19:00:00
2023S005189    ,Eixample,Sant Antoni,Corts Catalanes,Friday,2023,9,September,1,Night,,Not caused by the pedestrian,Bus,Man,68,Passenger,Desconegut,Unknown,Unknown,Minor injury: Hospitalization up to 24 hours,430073.01,4582088.29,2.162527888,41.385436562,2023-09-01 01:00:00
2023S005190    ,Eixample,el Fort Pienc,Aragó,Wednesday,2023,8,August,30,Morning,,Not caused by the pedestrian,Ciclomotor,Woman,59,Driver,Desconegut,Unknown,Unknown,Minor injury: Hospitalization up to 24 hours,431105.59,4583623.33,2.174701901,41.399351353,2023-08-30 13:00:00
2023S005191    ,Eixample,el Fort Pienc,Aragó,Friday,2023,9,September,1,Morning,,Not caused by the pedestrian,Motorcycle,Man,43,Driver,Desconegut,Unknown,Commuting,Minor injury: Refused medical assistance,431105.59,4583623.33,2.174701901,41.399351353,2023-09-01 06:00:00
2023S005192    ,Gràcia,el Camp d'en Grassot i Gràcia Nova,Gràcia,Thursday,2023,8,August,31,Morning,,Walking on the road,Car,Man,68,Pedestrian,Fora del pas,Leisure and entertainment,Unknown,Minor injury: Hospitalization up to 24 hours,430536.23,4584543.28,2.167785787,41.407588024,2023-08-31 12:00:00
2023S005193    ,Sant Martí,la Vila Olímpica del Poblenou,Marina,Wednesday,2023,8,August,30,Afternoon,,Not caused by the pedestrian,Veh. mobilitat personal amb motor,Woman,77,Pedestrian,En zona peatonal,Unknown,Unknown,Minor injury: Hospitalization up to 24 hours,432610.99,4582552.1,2.192828322,41.389830716,2023-08-30 20:00:00
2023S005194    ,Eixample,el Fort Pienc,Corts Catalanes,Friday,2023,9,September,1,Morning,,Not caused by the pedestrian,Motorcycle,Woman,33,Driver,Desconegut,Unknown,Leisure and entertainment,Minor injury: Hospitalization up to 24 hours,431648.43,4583591.24,2.181198802,41.399108683,2023-09-01 08:00:00
2023S005195    ,Sant Martí,el Camp de l'Arpa del Clot,Independència,Thursday,2023,8,August,31,Morning,,Not caused by the pedestrian,Motorcycle,Man,46,Driver,Desconegut,Unknown,Unknown,Minor injury: Hospitalization up to 24 hours,431934.16,4584454.66,2.184519459,41.406909506,2023-08-31 12:00:00
2023S005196    ,Eixample,el Fort Pienc,Castillejos,Friday,2023,9,September,1,Morning,,Not caused by the pedestrian,Motorcycle,Man,55,Driver,Desconegut,Unknown,Unknown,Minor injury: Medical assistance at accident site,431991.7,4583838.25,2.185277113,41.401362555,2023-09-01 10:00:00
2023S005197    ,Unknown,Unknown,Unknown,Friday,2023,9,September,1,Morning,,Not caused by the pedestrian,Ciclomotor,Man,25,Driver,Desconegut,Unknown,Unknown,Minor injury: Medical assistance at accident site,429493.73,4587108.15,2.155015073,41.430598006,2023-09-01 13:00:00
2023S005198    ,Eixample,la Dreta de l'Eixample,Corts Catalanes,Friday,2023,9,September,1,Afternoon,,Not caused by the pedestrian,Motorcycle,Man,51,Driver,Desconegut,Unknown,Unknown,Minor injury: Hospitalization up to 24 hours,430311.08,4582286.33,2.165352193,41.387240918,2023-09-01 15:00:00
2023S005199    ,Sant Martí,Provençals del Poblenou,C-31,Friday,2023,9,September,1,Afternoon,,Not caused by the pedestrian,Car,Woman,20,Passenger,Desconegut,Unknown,Unknown,Minor injury: Hospitalization up to 24 hours,434007.45,4585877.1,2.209167247,41.419894044,2023-09-01 15:00:00
2023S005200    ,Eixample,la Dreta de l'Eixample,Diagonal,Friday,2023,9,September,1,Afternoon,,Not caused by the pedestrian,Veh. mobilitat personal amb motor,Woman,29,Driver,Desconegut,Unknown,Unknown,Minor injury: Hospitalization up to 24 hours,430978.26,4583706.76,2.173169306,41.400091855,2023-09-01 15:00:00
2023S005201    ,Sarrià-Sant Gervasi,Sant Gervasi - Galvany,Augusta,Friday,2023,9,September,1,Afternoon,,Not caused by the pedestrian,Motorcycle,Woman,20,Passenger,Desconegut,Unknown,Unknown,Minor injury: Refused medical assistance,427952.88,4583466.24,2.137009213,41.397660042,2023-09-01 17:00:00
2023S005202    ,Sarrià-Sant Gervasi,Sant Gervasi - Galvany,Alfons XII,Friday,2023,9,September,1,Afternoon,,Not caused by the pedestrian,Motorcycle,Man,61,Driver,Desconegut,Unknown,Unknown,Minor injury: Hospitalization up to 24 hours,428898.83,4583679.86,2.148298869,41.399668283,2023-09-01 18:00:00
2023S005203    ,Eixample,la Dreta de l'Eixample,Provença,Friday,2023,9,September,1,Afternoon,,Not caused by the pedestrian,Veh. mobilitat personal amb motor,Woman,47,Driver,Desconegut,Unknown,Unknown,Minor injury: Hospitalization up to 24 hours,430599.12,4583712.76,2.168633427,41.400113241,2023-09-01 16:00:00
2023S005204    ,Sant Martí,el Camp de l'Arpa del Clot,Indústria,Friday,2023,9,September,1,Afternoon,,Not caused by the pedestrian,Motorcycle,Man,41,Driver,Desconegut,Unknown,Commuting,Minor injury: Hospitalization up to 24 hours,431634.8,4585306.27,2.180841921,41.414554272,2023-09-01 17:00:00
2023S005205    ,Eixample,la Dreta de l'Eixample,Catalunya,Thursday,2023,8,August,31,Afternoon,,Not caused by the pedestrian,Veh. mobilitat personal amb motor,Woman,45,Driver,Desconegut,Unknown,Unknown,Minor injury: Refused medical assistance,430061.22,4582806.77,2.162303891,41.391906656,2023-08-31 16:00:00
2023S005206    ,Nou Barris,la Prosperitat,Valldaura,Friday,2023,9,September,1,Afternoon,,Not caused by the pedestrian,Veh. mobilitat personal amb motor,Man,5,Pedestrian,En zona peatonal,Unknown,Unknown,Minor injury: Hospitalization up to 24 hours,431677.39,4588115.31,2.181033861,41.439857969,2023-09-01 20:00:00
2023S005207    ,Eixample,la Dreta de l'Eixample,Gràcia,Friday,2023,9,September,1,Afternoon,,Not caused by the pedestrian,"Camió rígid <= 3,5 tones",Woman,36,Driver,Desconegut,Unknown,Servei de neteja o recollida d'escombraries,Minor injury: Hospitalization up to 24 hours,430277.16,4582833.02,2.164883567,41.39216184,2023-09-01 17:00:00
2023S005208    ,Sarrià-Sant Gervasi,les Tres Torres,Vergós,Friday,2023,9,September,1,Afternoon,,Not caused by the pedestrian,Motorcycle,Man,24,Driver,Desconegut,Unknown,Other activities,Minor injury: Hospitalization up to 24 hours,427314.78,4583574.24,2.129363788,41.398575297,2023-09-01 21:00:00
2023S005209    ,Sant Andreu,el Bon Pastor,Litoral (Besòs),Friday,2023,9,September,1,Afternoon,,Not caused by the pedestrian,Motorcycle,Man,23,Driver,Desconegut,Unknown,Leisure and entertainment,Minor injury: Hospitalization up to 24 hours,433694.47,4588647.61,2.205118172,41.444821434,2023-09-01 21:00:00
2023S005210    ,Ciutat Vella,la Barceloneta,B-10 (Besòs),Friday,2023,9,September,1,Afternoon,,Not caused by the pedestrian,Ciclomotor,Man,25,Driver,Desconegut,Unknown,Unknown,Minor injury: Medical assistance at accident site,431839.77,4581625.77,2.183708843,41.381422488,2023-09-01 17:00:00
2023S005211    ,Sant Andreu,Sant Andreu,Meridiana,Friday,2023,9,September,1,Night,,Not caused by the pedestrian,Car,Woman,21,Passenger,Desconegut,Unknown,Unknown,Minor injury: Medical assistance at accident site,432156.47,4588400.76,2.186735958,41.442469565,2023-09-01 23:00:00
2023S005213    ,Nou Barris,les Roquetes,Dalt (Besòs),Saturday,2023,9,September,2,Morning,,Not caused by the pedestrian,Motorcycle,Man,24,Passenger,Desconegut,Unknown,Unknown,Minor injury: Medical assistance at accident site,431563.44,4588806.2,2.179591668,41.446070853,2023-09-02 06:00:00
2023S005215    ,Sarrià-Sant Gervasi,Sarrià,Pere II de Montcada,Saturday,2023,9,September,2,Morning,,Not caused by the pedestrian,Car,Man,56,Driver,Desconegut,Unknown,Unknown,Minor injury: Medical assistance at accident site,426244.86,4583627.76,2.116559577,41.39895985,2023-09-02 08:00:00
2023S005217    ,Sant Andreu,Sant Andreu,Santa Coloma,Saturday,2023,9,September,2,Morning,,Not caused by the pedestrian,Veh. mobilitat personal amb motor,Woman,36,Driver,En zona peatonal,Unknown,Unknown,Minor injury: Medical assistance at accident site,432437.97,4588710.74,2.190070717,41.4452852,2023-09-02 11:00:00
2023S005218    ,Sants-Montjuïc,Sants - Badal,Torns,Saturday,2023,9,September,2,Afternoon,,Not caused by the pedestrian,Motorcycle,Man,23,Driver,Desconegut,Unknown,Leisure and entertainment,Minor injury: Refused medical assistance,426902.49,4580857.35,2.12476022,41.374067978,2023-09-02 15:00:00
2023S005219    ,Sarrià-Sant Gervasi,Sant Gervasi - la Bonanova,Dalt (Besòs),Saturday,2023,9,September,2,Afternoon,,Not caused by the pedestrian,Motorcycle,Man,18,Driver,Desconegut,Unknown,Leisure and entertainment,Minor injury: Hospitalization up to 24 hours,427111.18,4584977.45,2.126759381,41.411194966,2023-09-02 20:00:00
2023S005220    ,Sant Andreu,Navas,Espronceda,Saturday,2023,9,September,2,Morning,,Not caused by the pedestrian,Bicicleta,Man,33,Driver,Desconegut,Unknown,Leisure and entertainment,Minor injury: Medical assistance at accident site,432500.46,4585396.58,2.19118902,41.415440885,2023-09-02 13:00:00
2023S005221    ,Eixample,Sant Antoni,Villarroel,Saturday,2023,9,September,2,Afternoon,,Not caused by the pedestrian,Motorcycle,Woman,39,Passenger,Desconegut,Unknown,Unknown,Minor injury: Hospitalization up to 24 hours,429957.7,4581677.28,2.161196425,41.381724688,2023-09-02 14:00:00
2023S005222    ,Nou Barris,Vilapicina i la Torre Llobeta,Santapau,Saturday,2023,9,September,2,Afternoon,,Not caused by the pedestrian,Veh. mobilitat personal amb motor,Man,19,Driver,Desconegut,Unknown,Unknown,Minor injury: Hospitalization up to 24 hours,431494.76,4586962.47,2.178978695,41.429459179,2023-09-02 17:00:00
2023S005223    ,Nou Barris,Canyelles,Favència,Thursday,2023,8,August,31,Night,,Not caused by the pedestrian,Motorcycle,Man,25,Driver,Desconegut,Unknown,Unknown,Serious injury: Hospitalization over 24 hours,430361.27,4588243.81,2.165266294,41.440902185,2023-08-31 02:00:00
2023S005225    ,Horta-Guinardó,el Baix Guinardó,Guinardó,Saturday,2023,9,September,2,Night,,Not caused by the pedestrian,Motorcycle,Man,28,Driver,Desconegut,Unknown,On a mission,Minor injury: Hospitalization up to 24 hours,430432.84,4585050.82,2.166490535,41.412150316,2023-09-02 22:00:00
2023S005227    ,Les Corts,la Maternitat i Sant Ramon,Corts,Sunday,2023,9,September,3,Night,,Not caused by the pedestrian,Taxi,Man,30,Driver,Altres,Unknown,Taxi,Minor injury: Medical assistance at accident site,426524.72,4581209.93,2.120200515,41.377209106,2023-09-03 03:00:00
2023S005228    ,Sant Martí,la Verneda i la Pau,Prim,Sunday,2023,9,September,3,Morning,,Not caused by the pedestrian,Car,Man,50,Driver,Desconegut,Unknown,Leisure and entertainment,Minor injury: Refused medical assistance,433522.53,4586222.09,2.203326982,41.422961274,2023-09-03 11:00:00
2023S005229    ,Sants-Montjuïc,el Poble-sec,Sant Jordi,Sunday,2023,9,September,3,Morning,,Not caused by the pedestrian,Motorcycle,Woman,34,Driver,Desconegut,Unknown,Leisure and entertainment,Minor injury: Hospitalization up to 24 hours,428561.03,4580046.73,2.144686812,41.366916009,2023-09-03 12:00:00
2023S005230    ,Horta-Guinardó,la Font d'en Fargues,Maragall,Sunday,2023,9,September,3,Morning,,Not caused by the pedestrian,Motorcycle,Man,61,Driver,Desconegut,Unknown,Unknown,Minor injury: Hospitalization up to 24 hours,430643.76,4586736.33,2.168820585,41.427349346,2023-09-03 11:00:00
2023S005231    ,Sarrià-Sant Gervasi,Sant Gervasi - Galvany,Madrazo,Sunday,2023,9,September,3,Afternoon,,Not caused by the pedestrian,Ciclomotor,Woman,28,Passenger,Desconegut,Unknown,Unknown,Minor injury: Hospitalization up to 24 hours,428523.67,4583307.36,2.143855341,41.396280036,2023-09-03 16:00:00
2023S005232    ,Eixample,la Sagrada Família,Indústria,Sunday,2023,9,September,3,Afternoon,,Not caused by the pedestrian,Autobús articulat,Man,43,Passenger,Desconegut,Unknown,Unknown,Minor injury: Hospitalization up to 24 hours,431158.55,4584805.51,2.175200857,41.410003413,2023-09-03 16:00:00
2023S005233    ,Nou Barris,la Guineueta,Favència,Sunday,2023,9,September,3,Afternoon,,Not caused by the pedestrian,Motorcycle,Man,44,Driver,Desconegut,Unknown,Commuting,Minor injury: Hospitalization up to 24 hours,430657.95,4588364.28,2.168803501,41.442012903,2023-09-03 17:00:00
2023S005234    ,Nou Barris,la Trinitat Nova,Aiguablava,Sunday,2023,9,September,3,Afternoon,,Not caused by the pedestrian,Veh. mobilitat personal amb motor,Man,20,Pedestrian,A la vorera / Andana,Unknown,Unknown,Minor injury: Hospitalization up to 24 hours,431618.01,4588855.59,2.18023929,41.446520343,2023-09-03 18:00:00
2023S005235    ,Eixample,Sant Antoni,Corts Catalanes,Sunday,2023,9,September,3,Afternoon,,Not caused by the pedestrian,Car,Woman,35,Passenger,Desconegut,Unknown,Unknown,Minor injury: Hospitalization up to 24 hours,429069.79,4581070.36,2.150649542,41.376180531,2023-09-03 18:00:00
2023S005236    ,Sant Martí,la Verneda i la Pau,Menorca,Sunday,2023,9,September,3,Night,,Not caused by the pedestrian,Motorcycle,Woman,61,Driver,Desconegut,Unknown,Leisure and entertainment,Minor injury: Hospitalization up to 24 hours,433219.38,4586083.39,2.199714793,41.421686887,2023-09-03 22:00:00
2023S005238    ,Sant Andreu,la Sagrera,Gran de la Sagrera,Sunday,2023,9,September,3,Afternoon,,Not caused by the pedestrian,Motorcycle,Woman,56,Driver,Desconegut,Unknown,Other activities,Minor injury: Hospitalization up to 24 hours,432495.23,4586217.01,2.191034824,41.422829809,2023-09-03 19:00:00
2023S005239    ,Sants-Montjuïc,la Marina de Port,Zona Franca,Sunday,2023,9,September,3,Afternoon,,Not caused by the pedestrian,Bus,Woman,68,Passenger,Desconegut,Unknown,Unknown,Minor injury: Hospitalization up to 24 hours,427928.41,4579629.1,2.13717311,41.363098137,2023-09-03 20:00:00
2023S005240    ,Les Corts,les Corts,Diagonal,Monday,2023,9,September,4,Morning,,Not caused by the pedestrian,Motorcycle,Man,59,Driver,Desconegut,Unknown,Commuting,Minor injury: Medical assistance at accident site,427575.97,4582577.49,2.13260725,41.389621548,2023-09-04 06:00:00
2023S005241    ,Horta-Guinardó,el Carmel,Sacedón,Monday,2023,9,September,4,Morning,,Not caused by the pedestrian,Veh. mobilitat personal amb motor,Man,26,Pedestrian,A la vorera / Andana,Unknown,Unknown,Minor injury: Hospitalization up to 24 hours,429504.97,4586562.2,2.155213282,41.42568184,2023-09-04 07:00:00
2023S005242    ,Unknown,Unknown,Unknown,Monday,2023,9,September,4,Morning,,Not caused by the pedestrian,Motorcycle,Man,51,Driver,Desconegut,Unknown,Unknown,Minor injury: Medical assistance at accident site,428310.7,4581655.17,2.141503645,41.381380404,2023-09-04 12:00:00
2023S005243    ,Eixample,la Dreta de l'Eixample,Gràcia,Monday,2023,9,September,4,Morning,,Not caused by the pedestrian,Bus,Woman,76,Passenger,Desconegut,Unknown,Unknown,Minor injury: Hospitalization up to 24 hours,429958.79,4583136.89,2.161040601,41.394871018,2023-09-04 12:00:00
2023S005244    ,Sants-Montjuïc,la Marina del Prat Vermell,Transversal 9,Monday,2023,9,September,4,Morning,,Not caused by the pedestrian,Altres vehicles amb motor,Man,45,Pedestrian,En pas sense senyalitzar,Unknown,Unknown,Minor injury: Refused medical assistance,426254.95,4575954.26,2.117613786,41.329848551,2023-09-04 12:00:00
2023S005245    ,Les Corts,Pedralbes,Doctor Ferran,Monday,2023,9,September,4,Morning,,Not caused by the pedestrian,Autobús articulat,Woman,63,Passenger,Desconegut,Unknown,Unknown,Minor injury: Hospitalization up to 24 hours,426900.98,4582580.46,2.124534193,41.389587205,2023-09-04 12:00:00
2023S005246    ,Ciutat Vella,"Sant Pere, Santa Caterina i la Ribera",Pujades,Monday,2023,9,September,4,Morning,,Not caused by the pedestrian,Ciclomotor,Woman,24,Driver,Desconegut,Unknown,Leisure and entertainment,Minor injury: Medical assistance at accident site,431885.55,4582551.4,2.184152173,41.38976327,2023-09-04 12:00:00
2023S005248    ,Gràcia,Vallcarca i els Penitents,Vallcarca,Monday,2023,9,September,4,Morning,,Not caused by the pedestrian,Motorcycle,Man,66,Driver,Desconegut,Unknown,Unknown,Minor injury: Hospitalization up to 24 hours,429028.69,4584584.14,2.149746123,41.407824274,2023-09-04 13:00:00
2023S005249    ,Sarrià-Sant Gervasi,les Tres Torres,General Mitre,Monday,2023,9,September,4,Afternoon,,Not caused by the pedestrian,Motorcycle,Man,60,Driver,Desconegut,Unknown,Unknown,Minor injury: Hospitalization up to 24 hours,427631.17,4583529.52,2.1331536,41.398201075,2023-09-04 15:00:00
2023S005250    ,Sant Martí,el Parc i la Llacuna del Poblenou,Bolívia,Monday,2023,9,September,4,Afternoon,,Not caused by the pedestrian,Bicicleta,Man,35,Driver,Desconegut,Unknown,Unknown,Minor injury: Hospitalization up to 24 hours,432130.09,4583673.45,2.186951029,41.399889949,2023-09-04 17:00:00
2023S005251    ,Eixample,el Fort Pienc,Corts Catalanes,Monday,2023,9,September,4,Afternoon,,Not caused by the pedestrian,Motorcycle,Man,29,Driver,Desconegut,Unknown,Unknown,Minor injury: Hospitalization up to 24 hours,431494.37,4583478.27,2.179368783,41.398078078,2023-09-04 17:00:00
2023S005252    ,Sant Martí,el Poblenou,Bilbao,Monday,2023,9,September,4,Afternoon,,Not caused by the pedestrian,Bicicleta,Man,28,Driver,Desconegut,Unknown,Unknown,Minor injury: Medical assistance at accident site,433090.05,4584419.2,2.198351418,41.406687227,2023-09-04 17:00:00
2023S005255    ,Eixample,la Dreta de l'Eixample,Rosselló,Monday,2023,9,September,4,Afternoon,,Not caused by the pedestrian,Motorcycle,Woman,62,Driver,Desconegut,Unknown,Leisure and entertainment,Minor injury: Hospitalization up to 24 hours,430007.33,4583336.58,2.161598084,41.396673788,2023-09-04 19:00:00
2023S005256    ,Sarrià-Sant Gervasi,Sant Gervasi - la Bonanova,Sant Gervasi,Monday,2023,9,September,4,Afternoon,,Not caused by the pedestrian,Motorcycle,Man,26,Driver,Desconegut,Unknown,Commuting,Minor injury: Medical assistance at accident site,427961.56,4584846.31,2.136948701,41.410090553,2023-09-04 18:00:00
2023S005257    ,Eixample,la Sagrada Família,Lepant,Monday,2023,9,September,4,Afternoon,,Not caused by the pedestrian,Motorcycle,Woman,39,Driver,Desconegut,Unknown,Commuting,Minor injury: Hospitalization up to 24 hours,431371.11,4584089.39,2.177825098,41.403571733,2023-09-04 19:00:00
2023S005260    ,Eixample,la Dreta de l'Eixample,Sant Pere,Tuesday,2023,9,September,5,Morning,,Crossing outside the pedestrian crossing,Motorcycle,Man,33,Pedestrian,Fora del pas,Unknown,Unknown,Minor injury: Hospitalization up to 24 hours,430757.91,4582404.97,2.170682455,41.388348081,2023-09-05 07:00:00
2023S005261    ,Horta-Guinardó,el Guinardó,Art,Tuesday,2023,9,September,5,Morning,,Not caused by the pedestrian,Motorcycle,Woman,49,Driver,Desconegut,Unknown,Unknown,Minor injury: Hospitalization up to 24 hours,431247.62,4585895.78,2.176142479,41.419830742,2023-09-05 08:00:00
2023S005263    ,Les Corts,les Corts,Joan Güell,Tuesday,2023,9,September,5,Afternoon,,Not caused by the pedestrian,Ciclomotor,Woman,8,Passenger,Desconegut,Unknown,Unknown,Minor injury: Medical assistance at accident site,427391.49,4582021.26,2.130467618,41.384595162,2023-09-05 14:00:00
2023S005264    ,Sant Martí,Sant Martí de Provençals,Pont del Treball Digne,Tuesday,2023,9,September,5,Afternoon,,Not caused by the pedestrian,Motorcycle,Man,65,Driver,Desconegut,Unknown,Leisure and entertainment,Minor injury: Hospitalization up to 24 hours,432991.29,4586106.87,2.196982904,41.421879363,2023-09-05 14:00:00