Case_Number,District_Name,Neighborhood_Name,Street_Name,Day_of_Week,Year,Month_Code,Month_Name,Day_of_Month,Shift_Description,Hour_of_Day,Pedestrian_Cause_Description,Involved_Vehicle_Type,Gender_Description,Age,Person_Type_Description,Pedestrian_Accident_Location_Description,Pedestrian_Movement_Reason_Description,Driver_Movement_Reason_Description,Victimization_Description,UTM_X_Coordinate,UTM_Y_Coordinate,Longitude,Latitude,datetime
2023S005366    ,Horta-Guinardó,el Guinardó,Telègraf,Sunday,2023,9,September,10,Afternoon,,Not caused by the pedestrian,Motorcycle,Woman,33,Driver,Desconegut,Unknown,Unknown,Minor injury: Hospitalization up to 24 hours,431107.92,4585559.27,2.17450926,41.416787938,2023-09-10 18:00:00
2023S005367    ,Eixample,la Dreta de l'Eixample,Rosselló,Sunday,2023,9,September,10,Afternoon,,Not caused by the pedestrian,Motorcycle,Man,21,Driver,Desconegut,Unknown,Unknown,Minor injury: Hospitalization up to 24 hours,430410.3,4583715.96,2.166374436,41.400125733,2023-09-10 19:00:00
2023S005368    ,Eixample,Sant Antoni,Corts Catalanes,Sunday,2023,9,September,10,Afternoon,,Not caused by the pedestrian,Veh. mobilitat personal amb motor,Man,43,Pedestrian,En pas regulat per semàfor,Leisure and entertainment,Unknown,Minor injury: Hospitalization up to 24 hours,429737.74,4581724.85,2.15856054,41.382133946,2023-09-10 21:00:00
2023S005369    ,Eixample,Sant Antoni,Corts Catalanes,Monday,2023,9,September,11,Night,,Not caused by the pedestrian,Car,Man,34,Driver,Desconegut,Unknown,Commuting,Minor injury: Hospitalization up to 24 hours,429069.79,4581070.36,2.150649542,41.376180531,2023-09-11 02:00:00
2023S005371    ,Ciutat Vella,el Barri Gòtic,Laietana,Monday,2023,9,September,11,Night,,Not caused by the pedestrian,Taxi,Woman,32,Passenger,Desconegut,Unknown,Unknown,Minor injury: Refused medical assistance,431111.28,4582218.3,2.174929873,41.386697156,2023-09-11 04:00:00
2023S005373    ,Sant Andreu,la Trinitat Vella,B-20 (Llobregat),Monday,2023,9,September,11,Morning,,Not caused by the pedestrian,Motorcycle,Woman,50,Passenger,Desconegut,Unknown,Unknown,Serious injury: Hospitalization over 24 hours,432733.6,4589151.61,2.193560321,41.449280805,2023-09-11 09:00:00
2023S005374    ,Eixample,l'Antiga Esquerra de l'Eixample,Aribau,Monday,2023,9,September,11,Morning,,Not caused by the pedestrian,Motorcycle,Woman,33,Driver,Desconegut,Unknown,Leisure and entertainment,Minor injury: Hospitalization up to 24 hours,429362.79,4582875.79,2.153942445,41.392467223,2023-09-11 10:00:00
2023S005375    ,Sant Andreu,la Trinitat Vella,B-20 (Llobregat),Monday,2023,9,September,11,Morning,,Not caused by the pedestrian,Car,Woman,35,Driver,Desconegut,Unknown,Commuting,Minor injury: Medical assistance at accident site,432838.99,4589349.79,2.19479988,41.451074575,2023-09-11 13:00:00
2023S005376    ,Sant Andreu,Navas,Meridiana,Monday,2023,9,September,11,Afternoon,,Not caused by the pedestrian,Motorcycle,Woman,70,Passenger,Desconegut,Unknown,Unknown,Minor injury: Medical assistance at accident site,432147.88,4585942.07,2.186909296,41.420324234,2023-09-11 14:00:00
2023S005377    ,Les Corts,les Corts,Numància,Monday,2023,9,September,11,Afternoon,,Not caused by the pedestrian,Motorcycle,Man,66,Driver,Desconegut,Unknown,Unknown,Minor injury: Hospitalization up to 24 hours,428088.18,4581907.76,2.1388127,41.383635521,2023-09-11 16:00:00
2023S005378    ,Horta-Guinardó,Sant Genís dels Agudells,Vallvidrera al Tibidabo,Monday,2023,9,September,11,Afternoon,,Not caused by the pedestrian,Bicicleta,Man,48,Driver,Desconegut,Unknown,Leisure and entertainment,Minor injury: Hospitalization up to 24 hours,426666.39,4586587.17,2.121242789,41.425652486,2023-09-11 19:00:00
2023S005379    ,Eixample,la Nova Esquerra de l'Eixample,Aragó,Monday,2023,9,September,11,Afternoon,,Not caused by the pedestrian,Motorcycle,Woman,59,Pedestrian,A la vorera / Andana,Unknown,Unknown,Minor injury: Hospitalization up to 24 hours,428970.85,4581553.16,2.14940987,41.380520217,2023-09-11 19:00:00
2023S005380    ,Sarrià-Sant Gervasi,les Tres Torres,General Mitre,Monday,2023,9,September,11,Afternoon,,Not caused by the pedestrian,Motorcycle,Man,26,Driver,Desconegut,Unknown,Unknown,Minor injury: Hospitalization up to 24 hours,427663.93,4583184.48,2.133586694,41.395096387,2023-09-11 20:00:00
2023S005381    ,Nou Barris,la Trinitat Nova,Dalt (Besòs),Monday,2023,9,September,11,Afternoon,,Not caused by the pedestrian,Motorcycle,Man,27,Driver,Desconegut,Unknown,Unknown,Minor injury: Hospitalization up to 24 hours,431181.64,4588649.25,2.17503932,41.444624605,2023-09-11 20:00:00
2023S005383    ,Eixample,Sant Antoni,Villarroel,Monday,2023,9,September,11,Afternoon,,Disobeying the traffic light signal,Bicicleta,Woman,75,Pedestrian,En pas regulat per semàfor,Unknown,Unknown,Minor injury: Hospitalization up to 24 hours,430031.23,4581617.2,2.162082667,41.381189968,2023-09-11 21:00:00
2023S005384    ,Sant Andreu,Sant Andreu,Sant Marià,Monday,2023,9,September,11,Afternoon,,Not caused by the pedestrian,Motorcycle,Man,47,Driver,Desconegut,Unknown,Unknown,Minor injury: Medical assistance at accident site,432312.31,4587694.29,2.188680492,41.436119791,2023-09-11 21:00:00
2023S005385    ,Ciutat Vella,"Sant Pere, Santa Caterina i la Ribera",Isabel II,Monday,2023,9,September,11,Afternoon,,Not caused by the pedestrian,Motorcycle,Woman,27,Passenger,Desconegut,Unknown,Unknown,Minor injury: Hospitalization up to 24 hours,431721.5,4581693.22,2.182286919,41.382019958,2023-09-11 20:00:00
2023S005386    ,Gràcia,el Coll,Aldea,Monday,2023,9,September,11,Night,,Others,"Camió rígid > 3,5 tones",Man,51,Passenger,Desconegut,Unknown,Unknown,Minor injury: Hospitalization up to 24 hours,429063.91,4585714.01,2.150034919,41.418003686,2023-09-11 23:00:00
2023S005387    ,Sants-Montjuïc,Sants,Masnou,Monday,2023,9,September,11,Night,,Not caused by the pedestrian,Veh. mobilitat personal amb motor,Man,55,Driver,Desconegut,Unknown,Leisure and entertainment,Minor injury: Hospitalization up to 24 hours,428159.05,4581060.04,2.139760758,41.376006748,2023-09-11 23:00:00
2023S005388    ,Horta-Guinardó,el Baix Guinardó,Taxdirt,Tuesday,2023,9,September,12,Morning,,Not caused by the pedestrian,Veh. mobilitat personal amb motor,Woman,82,Pedestrian,Fora del pas,Unknown,Unknown,Minor injury: Hospitalization up to 24 hours,430457.17,4584777.57,2.166813041,41.409691354,2023-09-12 09:00:00
2023S005389    ,Sant Martí,el Besòs i el Maresme,Maresme,Tuesday,2023,9,September,12,Morning,,Not caused by the pedestrian,Car,Woman,51,Driver,Desconegut,Unknown,Unknown,Minor injury: Hospitalization up to 24 hours,434134.78,4585450.25,2.210737328,41.41605997,2023-09-12 09:00:00
2023S005390    ,Sants-Montjuïc,Sants - Badal,Pavia,Tuesday,2023,9,September,12,Morning,,Not caused by the pedestrian,Car,Woman,83,Pedestrian,En pas sense regular,On a mission,Unknown,Minor injury: Hospitalization up to 24 hours,427463.75,4580706.27,2.13148923,41.372758066,2023-09-12 09:00:00
2023S005391    ,Les Corts,la Maternitat i Sant Ramon,Diagonal,Tuesday,2023,9,September,12,Morning,,Not caused by the pedestrian,Car,Man,34,Driver,Desconegut,Unknown,Unknown,Minor injury: Hospitalization up to 24 hours,425387.6,4581831.03,2.106527004,41.382698393,2023-09-12 10:00:00
2023S005392    ,Eixample,la Sagrada Família,València,Tuesday,2023,9,September,12,Morning,,Disobeying the traffic light signal,Car,Man,52,Pedestrian,En pas regulat per semàfor,Leisure and entertainment,Unknown,Minor injury: Hospitalization up to 24 hours,431099.04,4583811.28,2.17460215,41.401043599,2023-09-12 12:00:00
2023S005393    ,Sants-Montjuïc,Sants,Badal,Tuesday,2023,9,September,12,Afternoon,,Not caused by the pedestrian,Motorcycle,Man,34,Driver,Desconegut,Unknown,Commuting,Minor injury: Hospitalization up to 24 hours,427748.77,4579939.75,2.134988504,41.365879944,2023-09-12 15:00:00
2023S005394    ,Eixample,Sant Antoni,Paral·lel,Tuesday,2023,9,September,12,Afternoon,,Not caused by the pedestrian,Motorcycle,Man,56,Driver,Desconegut,Unknown,Commuting,Minor injury: Medical assistance at accident site,430342.75,4580945.81,2.165885124,41.375170003,2023-09-12 15:00:00
2023S005395    ,Eixample,la Sagrada Família,Lepant,Tuesday,2023,9,September,12,Afternoon,,Not caused by the pedestrian,Motorcycle,Man,25,Driver,Desconegut,Unknown,Leisure and entertainment,Minor injury: Hospitalization up to 24 hours,431429.82,4584014.19,2.178535936,41.402899442,2023-09-12 15:00:00
2023S005398    ,Eixample,la Dreta de l'Eixample,Gràcia,Tuesday,2023,9,September,12,Afternoon,,Not caused by the pedestrian,Motorcycle,Woman,34,Driver,Desconegut,Unknown,Leisure and entertainment,Minor injury: Hospitalization up to 24 hours,430005.45,4583130.22,2.161599464,41.394815009,2023-09-12 18:00:00
2023S005399    ,Sarrià-Sant Gervasi,Sant Gervasi - Galvany,Modolell,Tuesday,2023,9,September,12,Afternoon,,Not caused by the pedestrian,Motorcycle,Man,26,Driver,Desconegut,Unknown,Unknown,Minor injury: Hospitalization up to 24 hours,427991.77,4583985.3,2.137412615,41.402338495,2023-09-12 15:00:00
2023S005400    ,Gràcia,la Salut,Dalt,Tuesday,2023,9,September,12,Afternoon,,Not caused by the pedestrian,Ciclomotor,Woman,41,Driver,Desconegut,Unknown,Leisure and entertainment,Minor injury: Medical assistance at accident site,429663.73,4584912.26,2.157305046,41.410835379,2023-09-12 20:00:00
2023S005401    ,Gràcia,el Camp d'en Grassot i Gràcia Nova,Rosselló,Tuesday,2023,9,September,12,Night,,Not caused by the pedestrian,Motorcycle,Man,35,Driver,Desconegut,Unknown,Unknown,Minor injury: Hospitalization up to 24 hours,430748.14,4584030.45,2.17037961,41.402987428,2023-09-12 23:00:00
2023S005402    ,Eixample,Sant Antoni,Sepúlveda,Tuesday,2023,9,September,12,Afternoon,,Disobeying the traffic light signal,Motorcycle,Man,36,Driver,Desconegut,Unknown,Unknown,Minor injury: Hospitalization up to 24 hours,429841.22,4581617.31,2.159810459,41.381174403,2023-09-12 20:00:00
2023S005403    ,Gràcia,el Camp d'en Grassot i Gràcia Nova,Còrsega,Wednesday,2023,9,September,13,Morning,,Not caused by the pedestrian,Motorcycle,Man,24,Driver,Desconegut,Unknown,Commuting,Minor injury: Hospitalization up to 24 hours,430315.07,4583809.94,2.165224493,41.400963927,2023-09-13 08:00:00
2023S005404    ,Sant Andreu,Sant Andreu,Meridiana,Wednesday,2023,9,September,13,Morning,,Not caused by the pedestrian,Motorcycle,Man,40,Driver,Desconegut,Unknown,Unknown,Minor injury: Medical assistance at accident site,432246.43,4588757.68,2.187772689,41.445691819,2023-09-13 08:00:00
2023S005406    ,Eixample,la Dreta de l'Eixample,Cinc d'Oros,Wednesday,2023,9,September,13,Morning,,Not caused by the pedestrian,Motorcycle,Woman,25,Driver,Desconegut,Unknown,Unknown,Minor injury: Hospitalization up to 24 hours,429834.22,4583321.69,2.15952922,41.396524584,2023-09-13 11:00:00
2023S005407    ,Eixample,la Dreta de l'Eixample,Sant Pere,Wednesday,2023,9,September,13,Morning,,Crossing outside the pedestrian crossing,Motorcycle,Woman,75,Pedestrian,Fora del pas,Leisure and entertainment,Unknown,Minor injury: Medical assistance at accident site,431191.86,4582615.1,2.175848459,41.39027792,2023-09-13 10:00:00
2023S005408    ,Gràcia,el Camp d'en Grassot i Gràcia Nova,Sant Antoni Maria Claret,Wednesday,2023,9,September,13,Morning,,Not caused by the pedestrian,Motorcycle,Woman,64,Driver,Desconegut,Unknown,Unknown,Minor injury: Hospitalization up to 24 hours,430228.01,4584092.68,2.164150481,41.403502916,2023-09-13 12:00:00
2023S005409    ,Horta-Guinardó,la Teixonera,Dalt (Llobregat),Wednesday,2023,9,September,13,Morning,,Not caused by the pedestrian,Motorcycle,Woman,49,Driver,Desconegut,Unknown,Unknown,Minor injury: Hospitalization up to 24 hours,428267.82,4586070.18,2.140467447,41.421140848,2023-09-13 13:00:00
2023S005410    ,Sant Andreu,la Trinitat Vella,Favència,Wednesday,2023,9,September,13,Morning,,Not caused by the pedestrian,Veh. mobilitat personal amb motor,Woman,18,Driver,Desconegut,Unknown,Unknown,Minor injury: Hospitalization up to 24 hours,432477.29,4588892.56,2.190521045,41.446926099,2023-09-13 13:00:00
2023S005411    ,Sarrià-Sant Gervasi,Sant Gervasi - Galvany,Muntaner,Wednesday,2023,9,September,13,Morning,,Not caused by the pedestrian,Motorcycle,Man,66,Driver,Desconegut,Unknown,Unknown,Minor injury: Hospitalization up to 24 hours,428638.0,4583426.14,2.145208837,41.397360003,2023-09-13 11:00:00
2023S005412    ,Gràcia,Vallcarca i els Penitents,Farigola,Wednesday,2023,9,September,13,Morning,,Not caused by the pedestrian,Motorcycle,Woman,44,Driver,Desconegut,Unknown,Unknown,Minor injury: Hospitalization up to 24 hours,428756.03,4585015.09,2.146433489,41.411681539,2023-09-13 13:00:00
2023S005413    ,Eixample,la Nova Esquerra de l'Eixample,Comte d'Urgell,Wednesday,2023,9,September,13,Afternoon,,Not caused by the pedestrian,Motorcycle,Man,56,Driver,Desconegut,Unknown,Commuting,Minor injury: Hospitalization up to 24 hours,429167.46,4582306.69,2.15167282,41.387324349,2023-09-13 14:00:00
2023S005414    ,Sants-Montjuïc,la Marina de Port,Zona Franca,Wednesday,2023,9,September,13,Afternoon,,Not caused by the pedestrian,Veh. mobilitat personal amb motor,Man,21,Driver,Desconegut,Unknown,Unknown,Minor injury: Hospitalization up to 24 hours,428200.17,4579031.23,2.140492779,41.357737613,2023-09-13 17:00:00
2023S005415    ,Horta-Guinardó,Sant Genís dels Agudells,Jericó,Wednesday,2023,9,September,13,Morning,,Not caused by the pedestrian,Motorcycle,Woman,30,Driver,Desconegut,Unknown,Commuting,Minor injury: Hospitalization up to 24 hours,428242.58,4585999.86,2.140173784,41.420505251,2023-09-13 13:00:00
2023S005416    ,Sant Martí,Provençals del Poblenou,C-31,Wednesday,2023,9,September,13,Afternoon,,Not caused by the pedestrian,Motorcycle,Woman,30,Driver,Desconegut,Unknown,Leisure and entertainment,Minor injury: Hospitalization up to 24 hours,433372.35,4585277.86,2.201633992,41.41444441,2023-09-13 16:00:00
2023S005417    ,Sant Martí,Sant Martí de Provençals,Guipúscoa,Wednesday,2023,9,September,13,Afternoon,,Not caused by the pedestrian,Veh. mobilitat personal amb motor,Man,18,Driver,Desconegut,Unknown,Commuting,Minor injury: Hospitalization up to 24 hours,432792.64,4585292.45,2.194696433,41.414527519,2023-09-13 17:00:00
2023S005418    ,Ciutat Vella,el Barri Gòtic,Vila de Madrid,Wednesday,2023,9,September,13,Afternoon,,Not caused by the pedestrian,Bicicleta,Woman,54,Pedestrian,A la vorera / Andana,Unknown,Unknown,Minor injury: Hospitalization up to 24 hours,430811.39,4581916.38,2.171377886,41.3839521,2023-09-13 15:00:00
2023S005419    ,Les Corts,Pedralbes,Dalt (Besòs),Wednesday,2023,9,September,13,Afternoon,,Not caused by the pedestrian,Car,Woman,68,Driver,Desconegut,Unknown,Unknown,Minor injury: Hospitalization up to 24 hours,425740.75,4583198.17,2.11058243,41.395044307,2023-09-13 17:00:00
2023S005420    ,Horta-Guinardó,el Guinardó,Sant Antoni Maria Claret,Wednesday,2023,9,September,13,Afternoon,,Not caused by the pedestrian,Motorcycle,Man,13,Pedestrian,Fora del pas,Leisure and entertainment,Unknown,Serious injury: Hospitalization over 24 hours,431435.96,4585295.15,2.178464168,41.414437168,2023-09-13 18:00:00
2023S005421    ,Eixample,Sant Antoni,Sepúlveda,Wednesday,2023,9,September,13,Afternoon,,Not caused by the pedestrian,Car,Man,26,Driver,Desconegut,Unknown,"Bombers, policia, ambulància",Minor injury: Hospitalization up to 24 hours,430127.51,4581900.31,2.163201348,41.383748223,2023-09-13 17:00:00
2023S005423    ,Eixample,Sant Antoni,Corts Catalanes,Wednesday,2023,9,September,13,Afternoon,,Not caused by the pedestrian,Bus,Woman,47,Passenger,Desconegut,Unknown,Unknown,Minor injury: Hospitalization up to 24 hours,429553.06,4581502.09,2.156377964,41.38011146,2023-09-13 20:00:00
2023S005424    ,Eixample,la Nova Esquerra de l'Eixample,Consell de Cent,Wednesday,2023,9,September,13,Afternoon,,Others,Veh. mobilitat personal amb motor,Woman,47,Pedestrian,A la vorera / Andana,On a mission,Unknown,Minor injury: Medical assistance at accident site,429400.41,4581803.55,2.154517422,41.382813225,2023-09-13 18:00:00
2023S005425    ,Les Corts,la Maternitat i Sant Ramon,Diagonal,Wednesday,2023,9,September,13,Afternoon,,Not caused by the pedestrian,Motorcycle,Man,50,Driver,Desconegut,Unknown,Unknown,Minor injury: Hospitalization up to 24 hours,426270.62,4582154.02,2.117047205,41.385688877,2023-09-13 19:00:00
2023S005426    ,Sants-Montjuïc,la Bordeta,Gavà,Thursday,2023,9,September,7,Afternoon,,Not caused by the pedestrian,Motorcycle,Woman,72,Pedestrian,A la vorera / Andana,Unknown,Unknown,Minor injury: Hospitalization up to 24 hours,428086.3,4580441.93,2.138964228,41.370433147,2023-09-07 20:00:00
2023S005427    ,Eixample,l'Antiga Esquerra de l'Eixample,Balmes,Thursday,2023,9,September,14,Night,,Not caused by the pedestrian,Motorcycle,Man,47,Driver,Desconegut,Unknown,Unknown,Minor injury: Hospitalization up to 24 hours,429993.24,4582628.89,2.161511404,41.390298631,2023-09-14 00:00:00
2023S005428    ,Eixample,la Sagrada Família,Aragó,Wednesday,2023,9,September,13,Night,,Not caused by the pedestrian,Motorcycle,Man,29,Driver,Desconegut,Unknown,Commuting,Minor injury: Medical assistance at accident site,431553.57,4584083.99,2.180008377,41.40353866,2023-09-13 23:00:00
2023S005429    ,Ciutat Vella,el Raval,Raval,Wednesday,2023,9,September,13,Afternoon,,Not caused by the pedestrian,Car,Man,28,Pedestrian,Fora del pas,Unknown,Unknown,Minor injury: Hospitalization up to 24 hours,430524.89,4581414.89,2.168009212,41.379410624,2023-09-13 16:00:00
2023S005431    ,Sants-Montjuïc,Sants,Mig (Ascendent),Thursday,2023,9,September,14,Morning,,Not caused by the pedestrian,Car,Woman,70,Passenger,Desconegut,Unknown,Unknown,Minor injury: Hospitalization up to 24 hours,427518.76,4580549.61,2.132165705,41.371352046,2023-09-14 07:00:00
2023S005433    ,Nou Barris,Canyelles,Antonio Machado,Wednesday,2023,9,September,13,Afternoon,,Not caused by the pedestrian,Car,Woman,65,Passenger,Desconegut,Unknown,Unknown,Minor injury: Hospitalization up to 24 hours,430679.76,4588583.0,2.169039443,41.443984713,2023-09-13 17:00:00
2023S005434    ,Sarrià-Sant Gervasi,Sant Gervasi - Galvany,Tuset,Thursday,2023,9,September,14,Night,,Crossing outside the pedestrian crossing,Car,Woman,19,Pedestrian,Fora del pas,Unknown,Unknown,Minor injury: Hospitalization up to 24 hours,429191.59,4583287.7,2.151846647,41.396162088,2023-09-14 02:00:00
2023S005435    ,Les Corts,les Corts,Entença,Wednesday,2023,9,September,13,Afternoon,,Not caused by the pedestrian,Motorcycle,Man,69,Driver,Desconegut,Unknown,Unknown,Minor injury: Hospitalization up to 24 hours,428268.48,4582283.37,2.140924355,41.387034608,2023-09-13 19:00:00
2023S005436    ,Sants-Montjuïc,la Marina de Port,Foc,Thursday,2023,9,September,14,Morning,,Not caused by the pedestrian,Motorcycle,Man,68,Driver,Desconegut,Unknown,Unknown,Minor injury: Hospitalization up to 24 hours,428052.23,4578831.14,2.138748054,41.355922256,2023-09-14 11:00:00
2023S005438    ,Sant Martí,la Verneda i la Pau,Pont del Treball Digne,Thursday,2023,9,September,14,Morning,,Crossing outside the pedestrian crossing,Ciclomotor,Woman,51,Driver,Fora del pas,Unknown,Other activities,Serious injury: Hospitalization over 24 hours,433046.89,4586091.7,2.197649887,41.421747369,2023-09-14 10:00:00
2023S005439    ,Horta-Guinardó,el Guinardó,Mare de Déu de Montserrat,Thursday,2023,9,September,14,Morning,,Not caused by the pedestrian,Motorcycle,Man,60,Driver,Desconegut,Unknown,Unknown,Minor injury: Hospitalization up to 24 hours,431123.11,4586192.04,2.174618904,41.422488385,2023-09-14 10:00:00
2023S005440    ,Les Corts,les Corts,Corts,Thursday,2023,9,September,14,Morning,,Crossing outside the pedestrian crossing,Motorcycle,Woman,66,Pedestrian,Fora del pas,Leisure and entertainment,Unknown,Minor injury: Refused medical assistance,427740.58,4582251.34,2.13461487,41.386698854,2023-09-14 12:00:00
2023S005441    ,Sant Andreu,Sant Andreu,Fabra i Puig,Thursday,2023,9,September,14,Morning,,Not caused by the pedestrian,Motorcycle,Woman,49,Driver,Desconegut,Unknown,Unknown,Minor injury: Hospitalization up to 24 hours,431870.03,4587039.84,2.183460905,41.430187961,2023-09-14 11:00:00
2023S005442    ,Eixample,la Dreta de l'Eixample,València,Wednesday,2023,9,September,13,Afternoon,,Not caused by the pedestrian,Motorcycle,Man,45,Driver,Desconegut,Unknown,Unknown,Minor injury: Hospitalization up to 24 hours,430061.22,4582806.77,2.162303891,41.391906656,2023-09-13 18:00:00
2023S005443    ,Les Corts,les Corts,Mig (Ascendent),Thursday,2023,9,September,14,Afternoon,,Not caused by the pedestrian,Bicicleta,Man,42,Driver,Desconegut,Unknown,Leisure and entertainment,Minor injury: Hospitalization up to 24 hours,427207.0,4582445.17,2.128210374,41.38839647,2023-09-14 14:00:00
2023S005444    ,Eixample,el Fort Pienc,Corts Catalanes,Thursday,2023,9,September,14,Morning,,Not caused by the pedestrian,Motorcycle,Man,26,Driver,Desconegut,Unknown,Commuting,Minor injury: Hospitalization up to 24 hours,431524.85,4583436.1,2.179738139,41.397700863,2023-09-14 10:00:00
2023S005446    ,Ciutat Vella,"Sant Pere, Santa Caterina i la Ribera",Marquès de l'Argentera,Thursday,2023,9,September,14,Afternoon,,Not caused by the pedestrian,Motorcycle,Man,55,Driver,Desconegut,Unknown,Unknown,Minor injury: Refused medical assistance,431911.59,4581956.11,2.184530554,41.384403858,2023-09-14 16:00:00
2023S005447    ,Sarrià-Sant Gervasi,Sant Gervasi - la Bonanova,Bertrand i Serra,Thursday,2023,9,September,14,Afternoon,,Not caused by the pedestrian,Motorcycle,Woman,24,Driver,Desconegut,Unknown,Unknown,Minor injury: Refused medical assistance,427662.98,4583996.56,2.133478255,41.402410378,2023-09-14 19:00:00
2023S005448    ,Les Corts,les Corts,Loreto,Thursday,2023,9,September,14,Afternoon,,Not caused by the pedestrian,Ciclomotor,Woman,44,Driver,Desconegut,Unknown,Leisure and entertainment,Minor injury: Hospitalization up to 24 hours,428448.64,4582827.78,2.143014601,41.391953963,2023-09-14 19:00:00
2023S005449    ,Les Corts,la Maternitat i Sant Ramon,Corts,Thursday,2023,9,September,14,Afternoon,,Not caused by the pedestrian,Car,Man,42,Driver,Desconegut,Unknown,Leisure and entertainment,Minor injury: Hospitalization up to 24 hours,426863.59,4581468.65,2.124221297,41.379570181,2023-09-14 18:00:00
2023S005450    ,Sarrià-Sant Gervasi,Sant Gervasi - Galvany,Aribau,Thursday,2023,9,September,14,Afternoon,,Not caused by the pedestrian,Motorcycle,Woman,42,Passenger,Desconegut,Unknown,Unknown,Serious injury: Hospitalization over 24 hours,428760.51,4583543.29,2.146660413,41.398425998,2023-09-14 18:00:00
2023S005453    ,Sants-Montjuïc,el Poble-sec,Litoral (Llobregat),Friday,2023,9,September,15,Night,,Not caused by the pedestrian,Motorcycle,Man,31,Driver,Desconegut,Unknown,Leisure and entertainment,Minor injury: Hospitalization up to 24 hours,430808.33,4579990.0,2.171561304,41.36660147,2023-09-15 03:00:00
2023S005454    ,Eixample,l'Antiga Esquerra de l'Eixample,Balmes,Friday,2023,9,September,15,Morning,,Not caused by the pedestrian,Motorcycle,Woman,29,Passenger,Desconegut,Unknown,Unknown,Minor injury: Hospitalization up to 24 hours,429807.03,4582788.38,2.159265847,41.391718866,2023-09-15 10:00:00
2023S005455    ,Eixample,la Nova Esquerra de l'Eixample,Aragó,Friday,2023,9,September,15,Morning,,Not caused by the pedestrian,Car,Man,47,Driver,Desconegut,Unknown,Leisure and entertainment,Minor injury: Hospitalization up to 24 hours,429041.53,4581646.09,2.150244183,41.381363446,2023-09-15 09:00:00
2023S005456    ,Les Corts,la Maternitat i Sant Ramon,Diagonal,Friday,2023,9,September,15,Morning,,Not caused by the pedestrian,Motorcycle,Man,57,Driver,Desconegut,Unknown,Unknown,Minor injury: Hospitalization up to 24 hours,426268.3,4582116.22,2.117024063,41.385348216,2023-09-15 09:00:00
2023S005457    ,Sant Martí,Diagonal Mar i el Front Marítim del Poblenou,Garcia Fària,Friday,2023,9,September,15,Morning,,Not caused by the pedestrian,Car,Man,37,Driver,Desconegut,Unknown,Leisure and entertainment,Minor injury: Refused medical assistance,434371.96,4583978.79,2.213734829,41.402826298,2023-09-15 12:00:00
2023S005458    ,Ciutat Vella,el Barri Gòtic,Duc de Medinaceli,Wednesday,2023,9,September,13,Morning,,Not caused by the pedestrian,Veh. mobilitat personal amb motor,Man,39,Driver,Desconegut,Unknown,Leisure and entertainment,Minor injury: Hospitalization up to 24 hours,431416.36,4581320.28,2.178680132,41.37863502,2023-09-13 12:00:00
2023S005459    ,Eixample,Sant Antoni,Corts Catalanes,Friday,2023,9,September,15,Morning,,Not caused by the pedestrian,Motorcycle,Man,51,Driver,Desconegut,Unknown,On a mission,Minor injury: Hospitalization up to 24 hours,429829.38,4581777.7,2.15965029,41.382617952,2023-09-15 12:00:00
2023S005460    ,Sarrià-Sant Gervasi,Sant Gervasi - Galvany,Calvet,Friday,2023,9,September,15,Morning,,Not caused by the pedestrian,Motorcycle,Man,31,Driver,Desconegut,Unknown,Unknown,Minor injury: Medical assistance at accident site,428251.86,4583409.15,2.140592155,41.397172601,2023-09-15 13:00:00
2023S005461    ,Sarrià-Sant Gervasi,Sant Gervasi - la Bonanova,Sant Gervasi,Friday,2023,9,September,15,Afternoon,,Not caused by the pedestrian,Car,Woman,31,Driver,Desconegut,Unknown,Leisure and entertainment,Minor injury: Hospitalization up to 24 hours,427970.87,4584863.31,2.137058057,41.410244499,2023-09-15 16:00:00
2023S005463    ,Sarrià-Sant Gervasi,el Putxet i el Farró,General Mitre,Friday,2023,9,September,15,Afternoon,,Not caused by the pedestrian,Motorcycle,Man,19,Driver,Desconegut,Unknown,Unknown,Minor injury: Hospitalization up to 24 hours,428409.69,4584311.96,2.142373163,41.405317936,2023-09-15 16:00:00
2023S005465    ,Sant Andreu,el Congrés i els Indians,Felip II,Friday,2023,9,September,15,Afternoon,,Not caused by the pedestrian,Ciclomotor,Woman,45,Driver,Desconegut,Unknown,Unknown,Minor injury: Hospitalization up to 24 hours,431433.34,4586665.69,2.178277349,41.42678094,2023-09-15 19:00:00
2023S005466    ,Sant Martí,Diagonal Mar i el Front Marítim del Poblenou,Josep Pla,Friday,2023,9,September,15,Afternoon,,Not caused by the pedestrian,Car,Man,26,Driver,Desconegut,Unknown,Other activities,Minor injury: Hospitalization up to 24 hours,434760.33,4584428.46,2.218332178,41.406908004,2023-09-15 20:00:00
2023S005467    ,Eixample,la Nova Esquerra de l'Eixample,Calàbria,Saturday,2023,9,September,16,Night,,Not caused by the pedestrian,Taxi,Man,56,Passenger,Desconegut,Unknown,Unknown,Minor injury: Hospitalization up to 24 hours,429161.14,4581740.42,2.151663481,41.38222359,2023-09-16 03:00:00