Case_Number,District_Name,Neighborhood_Name,Street_Name,Day_of_Week,Year,Month_Code,Month_Name,Day_of_Month,Shift_Description,Hour_of_Day,Pedestrian_Cause_Description,Involved_Vehicle_Type,Gender_Description,Age,Person_Type_Description,Pedestrian_Accident_Location_Description,Pedestrian_Movement_Reason_Description,Driver_Movement_Reason_Description,Victimization_Description,UTM_X_Coordinate,UTM_Y_Coordinate,Longitude,Latitude,datetime
2023S005671    ,Unknown,Unknown,Unknown,Tuesday,2023,9,September,26,Afternoon,,Not caused by the pedestrian,Furgoneta,Man,52,Driver,Desconegut,Unknown,On a mission,Minor injury: Hospitalization up to 24 hours,428497.71,4577319.47,2.144251323,41.342346799,2023-09-26 17:00:00
2023S005672    ,Eixample,la Dreta de l'Eixample,Corts Catalanes,Tuesday,2023,9,September,26,Afternoon,,Not caused by the pedestrian,Car,Woman,42,Driver,Desconegut,Unknown,Unknown,Minor injury: Refused medical assistance,430884.28,4582809.76,2.172147579,41.392004777,2023-09-26 14:00:00
2023S005673    ,Eixample,la Nova Esquerra de l'Eixample,Mallorca,Tuesday,2023,9,September,26,Afternoon,,Not caused by the pedestrian,Motorcycle,Man,60,Driver,Desconegut,Unknown,Unknown,Minor injury: Medical assistance at accident site,429167.06,4582119.31,2.151689957,41.385636646,2023-09-26 17:00:00
2023S005674    ,Sant Martí,el Poblenou,Diagonal,Tuesday,2023,9,September,26,Afternoon,,Not caused by the pedestrian,Motorcycle,Man,73,Pedestrian,Desconegut,Unknown,Unknown,Minor injury: Hospitalization up to 24 hours,432874.84,4584318.95,2.19578797,41.405766351,2023-09-26 19:00:00
2023S005675    ,Eixample,l'Antiga Esquerra de l'Eixample,Aragó,Tuesday,2023,9,September,26,Afternoon,,Not caused by the pedestrian,Ciclomotor,Woman,33,Driver,Desconegut,Unknown,Unknown,Minor injury: Hospitalization up to 24 hours,429447.81,4582020.17,2.155059021,41.38476841,2023-09-26 14:00:00
2023S005676    ,Sant Martí,Diagonal Mar i el Front Marítim del Poblenou,Selva de Mar,Tuesday,2023,9,September,26,Afternoon,,Not caused by the pedestrian,Veh. mobilitat personal sense motor,Man,58,Driver,Desconegut,Unknown,Unknown,Minor injury: Hospitalization up to 24 hours,434442.84,4584162.4,2.214562827,41.404485818,2023-09-26 17:00:00
2023S005677    ,Les Corts,la Maternitat i Sant Ramon,Diagonal,Tuesday,2023,9,September,26,Afternoon,,Not caused by the pedestrian,Motorcycle,Man,51,Driver,Desconegut,Unknown,Unknown,Minor injury: Hospitalization up to 24 hours,426608.6,4582318.0,2.121069228,41.387196699,2023-09-26 21:00:00
2023S005678    ,Sants-Montjuïc,la Marina del Prat Vermell,Litoral (Besòs),Tuesday,2023,9,September,26,Afternoon,,Not caused by the pedestrian,Motorcycle,Woman,25,Driver,Desconegut,Unknown,Unknown,Minor injury: Refused medical assistance,429644.79,4578490.83,2.157824421,41.352997967,2023-09-26 19:00:00
2023S005679    ,Ciutat Vella,el Raval,Estel,Tuesday,2023,9,September,26,Afternoon,,Not caused by the pedestrian,Bicicleta,Woman,34,Driver,Desconegut,Unknown,Other activities,Minor injury: Hospitalization up to 24 hours,430762.92,4581083.38,2.170893465,41.376445337,2023-09-26 20:00:00
2023S005680    ,Sarrià-Sant Gervasi,Sant Gervasi - la Bonanova,Dalt (Llobregat),Tuesday,2023,9,September,26,Afternoon,,Not caused by the pedestrian,Motorcycle,Man,24,Driver,Desconegut,Unknown,Commuting,Minor injury: Hospitalization up to 24 hours,426829.82,4584695.73,2.123427364,41.408632061,2023-09-26 17:00:00
2023S005681    ,Sant Martí,el Poblenou,Bilbao,Tuesday,2023,9,September,26,Morning,,Not caused by the pedestrian,Bicicleta,Man,77,Driver,Desconegut,Unknown,Leisure and entertainment,Serious injury: Hospitalization over 24 hours,433491.9,4584031.59,2.203201401,41.403229491,2023-09-26 06:00:00
2023S005682    ,Gràcia,la Vila de Gràcia,Torrent de les Flors,Tuesday,2023,9,September,26,Afternoon,,Not caused by the pedestrian,Veh. mobilitat personal amb motor,Woman,35,Driver,Desconegut,Unknown,Unknown,Minor injury: Hospitalization up to 24 hours,429950.77,4584337.14,2.160805722,41.40568056,2023-09-26 20:00:00
2023S005683    ,Nou Barris,la Trinitat Nova,Dalt (Besòs),Wednesday,2023,9,September,27,Morning,,Not caused by the pedestrian,Motorcycle,Man,41,Driver,Desconegut,Unknown,On a mission,Minor injury: Hospitalization up to 24 hours,432217.32,4588883.98,2.187410054,41.4468269,2023-09-27 07:00:00
2023S005684    ,Sant Martí,Sant Martí de Provençals,Cantàbria,Wednesday,2023,9,September,27,Morning,,Disobeying the traffic light signal,Furgoneta,Man,7,Pedestrian,En pas regulat per semàfor,Student heading to an educational center,Unknown,Serious injury: Hospitalization over 24 hours,433366.06,4585856.75,2.201494928,41.41965779,2023-09-27 08:00:00
2023S005685    ,Eixample,l'Antiga Esquerra de l'Eixample,Aragó,Wednesday,2023,9,September,27,Morning,,Not caused by the pedestrian,Motorcycle,Woman,47,Driver,Desconegut,Unknown,Commuting,Minor injury: Refused medical assistance,429986.01,4582571.15,2.161431611,41.389777956,2023-09-27 07:00:00
2023S005687    ,Sant Andreu,la Trinitat Vella,Bàrcino,Wednesday,2023,9,September,27,Morning,,Not caused by the pedestrian,Motorcycle,Man,45,Driver,Desconegut,Unknown,Commuting,Minor injury: Hospitalization up to 24 hours,433055.35,4589197.34,2.197406884,41.449719595,2023-09-27 10:00:00
2023S005688    ,Sant Martí,el Clot,Consell de Cent,Wednesday,2023,9,September,27,Morning,,Disobeying the traffic light signal,Motorcycle,Woman,48,Driver,Fora del pas,Unknown,Leisure and entertainment,Minor injury: Hospitalization up to 24 hours,432129.07,4584436.31,2.186853243,41.406760723,2023-09-27 11:00:00
2023S005689    ,Nou Barris,la Guineueta,Caçador,Wednesday,2023,9,September,27,Morning,,Not caused by the pedestrian,Car,Woman,20,Pedestrian,En pas sense regular,Unknown,Unknown,Minor injury: Hospitalization up to 24 hours,430725.87,4588223.29,2.169632644,41.440748927,2023-09-27 08:00:00
2023S005690    ,Eixample,l'Antiga Esquerra de l'Eixample,Mallorca,Wednesday,2023,9,September,27,Morning,,Not caused by the pedestrian,Motorcycle,Man,35,Driver,Desconegut,Unknown,Unknown,Minor injury: Hospitalization up to 24 hours,429739.61,4582680.05,2.158472063,41.390737284,2023-09-27 09:00:00
2023S005691    ,Nou Barris,la Trinitat Nova,S'Agaró,Wednesday,2023,9,September,27,Morning,,Not caused by the pedestrian,Car,Man,52,Driver,Desconegut,Unknown,Leisure and entertainment,Minor injury: Hospitalization up to 24 hours,432170.0,4588894.12,2.186842475,41.446914228,2023-09-27 08:00:00
2023S005692    ,Horta-Guinardó,Montbau,Dalt (Besòs),Wednesday,2023,9,September,27,Morning,,Not caused by the pedestrian,Motorcycle,Man,37,Driver,Desconegut,Unknown,Commuting,Minor injury: Hospitalization up to 24 hours,428598.71,4586926.27,2.144325584,41.428880782,2023-09-27 09:00:00
2023S005693    ,Sant Martí,el Parc i la Llacuna del Poblenou,Sardenya,Wednesday,2023,9,September,27,Morning,,Not caused by the pedestrian,Motorcycle,Man,56,Driver,Desconegut,Unknown,Leisure and entertainment,Minor injury: Medical assistance at accident site,432209.39,4582829.67,2.187994117,41.392296948,2023-09-27 13:00:00
2023S005694    ,Horta-Guinardó,el Guinardó,Sales i Ferré,Tuesday,2023,9,September,26,Afternoon,,Not caused by the pedestrian,Motorcycle,Man,12,Passenger,Desconegut,Unknown,Unknown,Minor injury: Hospitalization up to 24 hours,431071.3,4585843.45,2.174038704,41.419344309,2023-09-26 18:00:00
2023S005695    ,Nou Barris,Porta,Pintor Alsamora,Tuesday,2023,9,September,26,Afternoon,,Not caused by the pedestrian,Motorcycle,Man,30,Driver,Desconegut,Unknown,On a mission,Minor injury: Hospitalization up to 24 hours,431409.06,4587633.55,2.177876907,41.435496041,2023-09-26 19:00:00
2023S005696    ,Horta-Guinardó,Montbau,Vall d'Hebron,Wednesday,2023,9,September,27,Afternoon,,Others,Autobús articulat,Man,86,Passenger,Desconegut,Unknown,Unknown,Minor injury: Hospitalization up to 24 hours,428699.69,4587310.04,2.145488718,41.43234621,2023-09-27 17:00:00
2023S005697    ,Ciutat Vella,el Barri Gòtic,Colom,Wednesday,2023,9,September,27,Afternoon,,Not caused by the pedestrian,Motorcycle,Man,23,Driver,Desconegut,Unknown,Unknown,Minor injury: Medical assistance at accident site,431548.04,4581400.91,2.180245634,41.379372452,2023-09-27 18:00:00
2023S005698    ,Eixample,la Sagrada Família,Cartagena,Wednesday,2023,9,September,27,Afternoon,,Disobeying the traffic light signal,Bicicleta,Man,23,Driver,En pas regulat per semàfor,Unknown,Commuting,Minor injury: Hospitalization up to 24 hours,431087.05,4584936.71,2.174330508,41.411178957,2023-09-27 18:00:00
2023S005699    ,Sant Martí,la Vila Olímpica del Poblenou,Salvador Espriu,Wednesday,2023,9,September,27,Afternoon,,Not caused by the pedestrian,Motorcycle,Woman,56,Driver,Desconegut,Unknown,Unknown,Minor injury: Medical assistance at accident site,432980.11,4582494.23,2.197249397,41.389340354,2023-09-27 18:00:00
2023S005700    ,Sants-Montjuïc,el Poble-sec,Litoral (Llobregat),Wednesday,2023,9,September,27,Afternoon,,Not caused by the pedestrian,Motorcycle,Man,53,Driver,Desconegut,Unknown,Unknown,Minor injury: Hospitalization up to 24 hours,430450.5,4579358.49,2.167355672,41.360882776,2023-09-27 18:00:00
2023S005701    ,Les Corts,Pedralbes,Dalt (Llobregat),Wednesday,2023,9,September,27,Afternoon,,Not caused by the pedestrian,Motorcycle,Woman,34,Driver,Desconegut,Unknown,Other activities,Minor injury: Hospitalization up to 24 hours,425483.61,4582534.73,2.107588533,41.389045208,2023-09-27 18:00:00
2023S005702    ,Sants-Montjuïc,el Poble-sec,Paral·lel,Wednesday,2023,9,September,27,Afternoon,,Not caused by the pedestrian,Autobús articulat,Woman,54,Passenger,Desconegut,Unknown,Unknown,Minor injury: Hospitalization up to 24 hours,429230.33,4580913.82,2.15258746,41.374784768,2023-09-27 17:00:00
2023S005703    ,Eixample,la Sagrada Família,València,Wednesday,2023,9,September,27,Afternoon,,Not caused by the pedestrian,Taxi,Woman,31,Passenger,Desconegut,Unknown,Unknown,Minor injury: Refused medical assistance,431059.8,4583773.18,2.174137103,41.400697079,2023-09-27 21:00:00
2023S005704    ,Eixample,la Dreta de l'Eixample,Catalunya,Wednesday,2023,9,September,27,Night,,Not caused by the pedestrian,Ciclomotor,Man,24,Driver,Desconegut,Unknown,Unknown,Minor injury: Hospitalization up to 24 hours,430155.92,4582713.39,2.163447302,41.391073846,2023-09-27 23:00:00
2023S005705    ,Les Corts,les Corts,Mig (Ascendent),Thursday,2023,9,September,28,Night,,Not caused by the pedestrian,Car,Man,30,Driver,Desconegut,Unknown,"Bombers, policia, ambulància",Minor injury: Hospitalization up to 24 hours,427191.1,4581776.77,2.128100585,41.382375016,2023-09-28 03:00:00
2023S005706    ,Gràcia,la Salut,Mare de Déu de Montserrat,Thursday,2023,9,September,28,Morning,,Disobeying the traffic light signal,Motorcycle,Woman,16,Pedestrian,En pas regulat per semàfor,Student heading to an educational center,Unknown,Minor injury: Hospitalization up to 24 hours,429995.81,4585211.44,2.161243324,41.413558994,2023-09-28 07:00:00
2023S005708    ,Eixample,Sant Antoni,Comte d'Urgell,Wednesday,2023,9,September,27,Afternoon,,Not caused by the pedestrian,Motorcycle,Woman,43,Driver,Desconegut,Unknown,Unknown,Minor injury: Refused medical assistance,429841.22,4581617.31,2.159810459,41.381174403,2023-09-27 18:00:00
2023S005709    ,Eixample,la Dreta de l'Eixample,Gràcia,Wednesday,2023,9,September,27,Afternoon,,Not caused by the pedestrian,Car,Woman,52,Pedestrian,Fora del pas,Unknown,Unknown,Minor injury: Hospitalization up to 24 hours,430479.33,4582566.73,2.167332167,41.38978096,2023-09-27 19:00:00
2023S005710    ,Horta-Guinardó,Horta,Botticelli,Thursday,2023,9,September,28,Morning,,Not caused by the pedestrian,Motorcycle,Man,36,Driver,Desconegut,Unknown,Commuting,Minor injury: Hospitalization up to 24 hours,429350.45,4587439.72,2.153261616,41.433571724,2023-09-28 10:00:00
2023S005711    ,Gràcia,la Salut,Coll del Portell,Thursday,2023,9,September,28,Morning,,Not caused by the pedestrian,Bus,Woman,57,Passenger,Desconegut,Unknown,Unknown,Minor injury: Hospitalization up to 24 hours,429083.04,4585074.92,2.15033877,41.412249341,2023-09-28 07:00:00
2023S005712    ,Ciutat Vella,el Raval,Pelai,Thursday,2023,9,September,28,Morning,,Not caused by the pedestrian,Motorcycle,Man,48,Driver,Desconegut,Unknown,Commuting,Minor injury: Hospitalization up to 24 hours,430492.54,4582099.03,2.16754385,41.385569673,2023-09-28 13:00:00
2023S005713    ,Horta-Guinardó,el Baix Guinardó,Guinardó,Thursday,2023,9,September,28,Morning,,Not caused by the pedestrian,Motorcycle,Woman,32,Pedestrian,En pas regulat per semàfor,Leisure and entertainment,Unknown,Minor injury: Hospitalization up to 24 hours,430786.53,4585244.59,2.1706999,41.41392609,2023-09-28 12:00:00
2023S005714    ,Eixample,el Fort Pienc,Vilanova,Thursday,2023,9,September,28,Morning,,Disobeying the traffic light signal,Bus,Woman,78,Passenger,Desconegut,Unknown,Unknown,Minor injury: Hospitalization up to 24 hours,431582.27,4582754.76,2.180501983,41.391569121,2023-09-28 12:00:00
2023S005715    ,Sarrià-Sant Gervasi,les Tres Torres,Vergós,Wednesday,2023,9,September,27,Afternoon,,Not caused by the pedestrian,Motorcycle,Woman,28,Driver,Desconegut,Unknown,Leisure and entertainment,Minor injury: Medical assistance at accident site,427021.41,4583327.42,2.125884445,41.396325706,2023-09-27 20:00:00
2023S005716    ,Sant Andreu,el Bon Pastor,Santander,Thursday,2023,9,September,28,Morning,,Not caused by the pedestrian,Motorcycle,Man,46,Driver,Desconegut,Unknown,Leisure and entertainment,Serious injury: Hospitalization over 24 hours,434014.78,4587640.93,2.209062326,41.435780974,2023-09-28 13:00:00
2023S005717    ,Ciutat Vella,"Sant Pere, Santa Caterina i la Ribera",Doctor Aiguader,Thursday,2023,9,September,28,Afternoon,,Not caused by the pedestrian,Motorcycle,Man,25,Driver,Desconegut,Unknown,Leisure and entertainment,Minor injury: Refused medical assistance,432169.83,4581741.29,2.187642898,41.382490857,2023-09-28 14:00:00
2023S005718    ,Horta-Guinardó,Horta,Dalt (Besòs),Thursday,2023,9,September,28,Morning,,Not caused by the pedestrian,Motorcycle,Man,44,Driver,Desconegut,Unknown,Leisure and entertainment,Minor injury: Hospitalization up to 24 hours,429739.8,4588052.89,2.157849982,41.439128473,2023-09-28 12:00:00
2023S005719    ,Unknown,Unknown,Unknown,Thursday,2023,9,September,28,Afternoon,,Not caused by the pedestrian,Car,Man,56,Driver,Desconegut,Unknown,On a mission,Minor injury: Medical assistance at accident site,429595.67,4578423.7,2.157245077,41.35238905,2023-09-28 14:00:00
2023S005720    ,Ciutat Vella,"Sant Pere, Santa Caterina i la Ribera",Isabel II,Thursday,2023,9,September,28,Afternoon,,Not caused by the pedestrian,Motorcycle,Man,39,Driver,Desconegut,Unknown,Unknown,Minor injury: Medical assistance at accident site,431800.69,4581708.65,2.183232175,41.382165653,2023-09-28 15:00:00
2023S005721    ,Sarrià-Sant Gervasi,el Putxet i el Farró,Pàdua,Thursday,2023,9,September,28,Morning,,Not caused by the pedestrian,Veh. mobilitat personal amb motor,Man,19,Driver,Desconegut,Unknown,Unknown,Minor injury: Refused medical assistance,428666.0,4584343.61,2.145435581,41.405625792,2023-09-28 13:00:00
2023S005722    ,Eixample,l'Antiga Esquerra de l'Eixample,Aragó,Thursday,2023,9,September,28,Afternoon,,Not caused by the pedestrian,Motorcycle,Man,26,Driver,Desconegut,Unknown,Commuting,Minor injury: Hospitalization up to 24 hours,429735.29,4582301.52,2.158464328,41.387327612,2023-09-28 17:00:00
2023S005723    ,Eixample,la Nova Esquerra de l'Eixample,París,Thursday,2023,9,September,28,Morning,,Not caused by the pedestrian,Motorcycle,Man,53,Driver,Desconegut,Unknown,"Bombers, policia, ambulància",Minor injury: Hospitalization up to 24 hours,428493.75,4582195.0,2.143628864,41.386258759,2023-09-28 13:00:00
2023S005724    ,Eixample,la Dreta de l'Eixample,Universitat,Thursday,2023,9,September,28,Afternoon,,Not caused by the pedestrian,Veh. mobilitat personal amb motor,Woman,21,Driver,Desconegut,Unknown,Unknown,Minor injury: Hospitalization up to 24 hours,430201.14,4582101.46,2.164058686,41.385566314,2023-09-28 18:00:00
2023S005726    ,Gràcia,la Salut,Ca l'Alegre de Dalt,Thursday,2023,9,September,28,Afternoon,,Not caused by the pedestrian,Motorcycle,Woman,46,Passenger,Desconegut,Unknown,Unknown,Minor injury: Hospitalization up to 24 hours,429825.66,4584944.76,2.15923856,41.411142257,2023-09-28 20:00:00
2023S005727    ,Eixample,Sant Antoni,Corts Catalanes,Thursday,2023,9,September,28,Afternoon,,Not caused by the pedestrian,Veh. mobilitat personal sense motor,Man,27,Driver,Desconegut,Unknown,Other activities,Minor injury: Hospitalization up to 24 hours,430138.0,4582066.54,2.163307617,41.385246317,2023-09-28 21:00:00
2023S005728    ,Sarrià-Sant Gervasi,Sant Gervasi - Galvany,Diagonal,Thursday,2023,9,September,28,Afternoon,,Not caused by the pedestrian,Taxi,Man,43,Pedestrian,Fora del pas,Unknown,Unknown,Minor injury: Medical assistance at accident site,428045.52,4582786.7,2.138198089,41.391547988,2023-09-28 18:00:00
2023S005729    ,Eixample,l'Antiga Esquerra de l'Eixample,Aragó,Thursday,2023,9,September,28,Night,,Not caused by the pedestrian,Car,Woman,32,Driver,Desconegut,Unknown,Leisure and entertainment,Minor injury: Hospitalization up to 24 hours,429830.93,4582396.05,2.15959717,41.388187366,2023-09-28 22:00:00
2023S005730    ,Nou Barris,la Prosperitat,Argullós,Thursday,2023,9,September,28,Night,,Not caused by the pedestrian,Veh. mobilitat personal amb motor,Man,26,Driver,Desconegut,Unknown,Unknown,Minor injury: Hospitalization up to 24 hours,431863.39,4588232.73,2.183246868,41.440931344,2023-09-28 22:00:00
2023S005731    ,Eixample,l'Antiga Esquerra de l'Eixample,Aribau,Friday,2023,9,September,29,Night,,Not caused by the pedestrian,Motorcycle,Woman,27,Driver,Desconegut,Unknown,Commuting,Minor injury: Hospitalization up to 24 hours,429551.72,4582681.47,2.156224727,41.39073363,2023-09-29 00:00:00
2023S005733    ,Nou Barris,la Prosperitat,Rio de Janeiro,Friday,2023,9,September,29,Morning,,Not caused by the pedestrian,Motorcycle,Woman,46,Driver,Desconegut,Unknown,Commuting,Minor injury: Hospitalization up to 24 hours,432063.36,4588409.34,2.185620502,41.442538964,2023-09-29 07:00:00
2023S005734    ,Sants-Montjuïc,Hostafrancs,Mallorca,Thursday,2023,9,September,28,Afternoon,,Not caused by the pedestrian,Bicicleta,Woman,58,Pedestrian,A la vorera / Andana,On a mission,Unknown,Minor injury: Hospitalization up to 24 hours,428532.53,4581403.63,2.144186029,41.379134617,2023-09-28 15:00:00
2023S005735    ,Les Corts,Pedralbes,Esplugues,Friday,2023,9,September,29,Morning,,Not caused by the pedestrian,Ciclomotor,Man,19,Driver,Desconegut,Unknown,Unknown,Minor injury: Hospitalization up to 24 hours,425216.24,4582070.11,2.104448291,41.384835761,2023-09-29 09:00:00
2023S005736    ,Sarrià-Sant Gervasi,Sant Gervasi - la Bonanova,Pomaret,Friday,2023,9,September,29,Morning,,Not caused by the pedestrian,Motorcycle,Woman,42,Driver,Desconegut,Unknown,Unknown,Minor injury: Hospitalization up to 24 hours,426953.75,4584091.39,2.124982942,41.403200312,2023-09-29 09:00:00
2023S005737    ,Sant Martí,la Vila Olímpica del Poblenou,Litoral (Llobregat),Friday,2023,9,September,29,Morning,,Not caused by the pedestrian,Bicicleta,Woman,50,Driver,Desconegut,Unknown,Unknown,Minor injury: Medical assistance at accident site,433211.5,4582488.33,2.200017449,41.389306472,2023-09-29 08:00:00
2023S005738    ,Unknown,Unknown,Unknown,Thursday,2023,9,September,28,Afternoon,,Not caused by the pedestrian,Veh. mobilitat personal amb motor,Woman,74,Pedestrian,En zona peatonal,Leisure and entertainment,Unknown,Minor injury: Hospitalization up to 24 hours,432340.0,4580256.04,2.189843778,41.369127902,2023-09-28 16:00:00
2023S005739    ,Sants-Montjuïc,la Marina del Prat Vermell,Número 4 Zona Franca,Friday,2023,9,September,29,Morning,,Not caused by the pedestrian,Car,Man,68,Driver,Desconegut,Unknown,Unknown,Minor injury: Medical assistance at accident site,427033.56,4576155.26,2.126893075,41.331729793,2023-09-29 11:00:00
2023S005740    ,Sant Andreu,Navas,Felip II,Friday,2023,9,September,29,Morning,,Crossing outside the pedestrian crossing,Veh. mobilitat personal amb motor,Man,55,Pedestrian,Fora del pas,Unknown,Unknown,Minor injury: Hospitalization up to 24 hours,432214.8,4585858.57,2.187719394,41.419577828,2023-09-29 09:00:00
2023S005741    ,Les Corts,les Corts,Corts,Friday,2023,9,September,22,Morning,,Not caused by the pedestrian,Car,Woman,72,Passenger,Desconegut,Unknown,Unknown,Minor injury: Hospitalization up to 24 hours,427686.46,4582196.26,2.133974215,41.386197903,2023-09-22 12:00:00
2023S005742    ,Sarrià-Sant Gervasi,Sarrià,Manuel Girona,Friday,2023,9,September,29,Afternoon,,Not caused by the pedestrian,Motorcycle,Man,50,Driver,Desconegut,Unknown,Unknown,Minor injury: Hospitalization up to 24 hours,427354.25,4582900.13,2.129916817,41.392507432,2023-09-29 14:00:00
2023S005743    ,Horta-Guinardó,Horta,Maragall,Friday,2023,9,September,29,Afternoon,,Not caused by the pedestrian,Bus,Man,91,Passenger,Desconegut,Unknown,Unknown,Minor injury: Hospitalization up to 24 hours,430174.37,4586865.94,2.163188525,41.428476007,2023-09-29 14:00:00
2023S005744    ,Les Corts,la Maternitat i Sant Ramon,Diagonal,Friday,2023,9,September,29,Morning,,Not caused by the pedestrian,Bus,Woman,53,Passenger,Desconegut,Unknown,Unknown,Minor injury: Hospitalization up to 24 hours,426649.72,4582241.36,2.121570277,41.386510186,2023-09-29 08:00:00
2023S005745    ,Les Corts,la Maternitat i Sant Ramon,Diagonal,Friday,2023,9,September,29,Morning,,Not caused by the pedestrian,Bus,Woman,53,Passenger,Desconegut,Unknown,Unknown,Minor injury: Hospitalization up to 24 hours,426649.72,4582241.36,2.121570277,41.386510186,2023-09-29 08:00:00
2023S005746    ,Sarrià-Sant Gervasi,Sant Gervasi - Galvany,Augusta,Friday,2023,9,September,29,Afternoon,,Not caused by the pedestrian,Bicicleta,Man,22,Driver,Desconegut,Unknown,Unknown,Minor injury: Refused medical assistance,429419.97,4583370.1,2.154568694,41.396924324,2023-09-29 14:00:00
2023S005747    ,Eixample,la Dreta de l'Eixample,Aragó,Friday,2023,9,September,29,Afternoon,,Not caused by the pedestrian,Car,Woman,30,Pedestrian,En pas regulat per semàfor,Unknown,Unknown,Minor injury: Hospitalization up to 24 hours,430786.4,4583330.2,2.170917388,41.396683796,2023-09-29 17:00:00
2023S005748    ,Sants-Montjuïc,el Poble-sec,Mare de Déu de Port,Friday,2023,9,September,29,Afternoon,,Not caused by the pedestrian,Car,Woman,37,Driver,Desconegut,Unknown,Unknown,Minor injury: Medical assistance at accident site,429885.56,4578810.87,2.160665376,41.355901489,2023-09-29 16:00:00
2023S005749    ,Sant Martí,la Vila Olímpica del Poblenou,Litoral (Llobregat),Friday,2023,9,September,29,Morning,,Not caused by the pedestrian,Car,Woman,45,Driver,Desconegut,Unknown,On a mission,Minor injury: Hospitalization up to 24 hours,433406.97,4582829.32,2.202317738,41.392393906,2023-09-29 12:00:00
2023S005750    ,Nou Barris,el Turó de la Peira,Fabra i Puig,Friday,2023,9,September,29,Morning,,Not caused by the pedestrian,Unknown,Woman,36,Pedestrian,En pas regulat per semàfor,Unknown,Unknown,Minor injury: Hospitalization up to 24 hours,430496.47,4587066.59,2.167020007,41.430311137,2023-09-29 13:00:00
2023S005751    ,Sant Martí,Provençals del Poblenou,C-31,Friday,2023,9,September,29,Afternoon,,Not caused by the pedestrian,Motorcycle,Man,31,Driver,Desconegut,Unknown,Unknown,Minor injury: Medical assistance at accident site,433081.94,4584971.32,2.198193306,41.411659346,2023-09-29 16:00:00
2023S005752    ,Sant Martí,el Besòs i el Maresme,C-31,Friday,2023,9,September,29,Afternoon,,Not caused by the pedestrian,Autocar,Woman,23,Passenger,Desconegut,Unknown,Unknown,Minor injury: Medical assistance at accident site,434078.33,4585946.2,2.210007828,41.420522231,2023-09-29 16:00:00
2023S005753    ,Eixample,la Dreta de l'Eixample,Provença,Friday,2023,9,September,29,Afternoon,,Disobeying the traffic light signal,Veh. mobilitat personal amb motor,Woman,61,Pedestrian,En pas regulat per semàfor,Unknown,Unknown,Minor injury: Hospitalization up to 24 hours,430121.86,4583246.63,2.162978379,41.395873604,2023-09-29 18:00:00
2023S005754    ,Eixample,la Nova Esquerra de l'Eixample,París,Friday,2023,9,September,29,Afternoon,,Not caused by the pedestrian,Ciclomotor,Man,39,Driver,Desconegut,Unknown,Leisure and entertainment,Minor injury: Medical assistance at accident site,428409.41,4582129.0,2.142628031,41.385656815,2023-09-29 19:00:00
2023S005755    ,Sant Andreu,Navas,Meridiana,Friday,2023,9,September,29,Afternoon,,Not caused by the pedestrian,Bicicleta,Woman,41,Pedestrian,En pas regulat per semàfor,Unknown,Unknown,Minor injury: Medical assistance at accident site,432173.06,4585782.25,2.187228522,41.418886913,2023-09-29 20:00:00
2023S005756    ,Sarrià-Sant Gervasi,Sant Gervasi - Galvany,Casanova,Friday,2023,9,September,29,Night,,Not caused by the pedestrian,Motorcycle,Man,31,Driver,Desconegut,Unknown,Commuting,Minor injury: Medical assistance at accident site,428860.06,4583006.33,2.14791429,41.393598614,2023-09-29 23:00:00
2023S005757    ,Ciutat Vella,el Raval,Drassanes,Friday,2023,9,September,29,Night,,Not caused by the pedestrian,Car,Man,47,Pedestrian,Altres,Unknown,Unknown,Minor injury: Medical assistance at accident site,431214.13,4580892.36,2.176310481,41.374763588,2023-09-29 23:00:00
2023S005758    ,Eixample,Sant Antoni,Floridablanca,Friday,2023,9,September,29,Afternoon,,Not caused by the pedestrian,Motorcycle,Man,55,Driver,Desconegut,Unknown,Unknown,Minor injury: Medical assistance at accident site,429744.27,4581335.47,2.158683795,41.378627494,2023-09-29 20:00:00
2023S005759    ,Eixample,Sant Antoni,Corts Catalanes,Friday,2023,9,September,29,Night,,Not caused by the pedestrian,Motorcycle,Man,34,Driver,Desconegut,Unknown,Unknown,Minor injury: Hospitalization up to 24 hours,430197.26,4582210.36,2.163999731,41.386546805,2023-09-29 23:00:00
2023S005760    ,Eixample,la Nova Esquerra de l'Eixample,Comte d'Urgell,Saturday,2023,9,September,30,Night,,Not caused by the pedestrian,Motorcycle,Woman,42,Driver,Desconegut,Unknown,Leisure and entertainment,Minor injury: Refused medical assistance,429447.81,4582020.17,2.155059021,41.38476841,2023-09-30 01:00:00