Case_Number,District_Name,Neighborhood_Name,Street_Name,Day_of_Week,Year,Month_Code,Month_Name,Day_of_Month,Shift_Description,Hour_of_Day,Pedestrian_Cause_Description,Involved_Vehicle_Type,Gender_Description,Age,Person_Type_Description,Pedestrian_Accident_Location_Description,Pedestrian_Movement_Reason_Description,Driver_Movement_Reason_Description,Victimization_Description,UTM_X_Coordinate,UTM_Y_Coordinate,Longitude,Latitude,datetime
2023S005761    ,Horta-Guinardó,el Baix Guinardó,Guinardó,Saturday,2023,9,September,30,Night,,Not caused by the pedestrian,Ciclomotor,Woman,23,Driver,Desconegut,Unknown,Leisure and entertainment,Minor injury: Hospitalization up to 24 hours,430686.59,4585191.7,2.169510249,41.41344111,2023-09-30 01:00:00
2023S005762    ,Ciutat Vella,"Sant Pere, Santa Caterina i la Ribera",Doctor Aiguader,Saturday,2023,9,September,30,Night,,Not caused by the pedestrian,Bicicleta,Man,51,Driver,Desconegut,Unknown,Leisure and entertainment,Minor injury: Hospitalization up to 24 hours,432378.8,4581951.79,2.190118384,41.384404379,2023-09-30 01:00:00
2023S005763    ,Eixample,la Dreta de l'Eixample,Aragó,Friday,2023,9,September,29,Night,,Not caused by the pedestrian,Ciclomotor,Woman,21,Passenger,Desconegut,Unknown,Unknown,Minor injury: Medical assistance at accident site,430403.06,4582955.17,2.166375326,41.393272917,2023-09-29 23:00:00
2023S005764    ,Eixample,el Fort Pienc,Aragó,Friday,2023,9,September,29,Afternoon,,Not caused by the pedestrian,Motorcycle,Woman,43,Driver,Desconegut,Unknown,Leisure and entertainment,Minor injury: Hospitalization up to 24 hours,431156.8,4583673.69,2.175308728,41.399809319,2023-09-29 21:00:00
2023S005765    ,Eixample,la Dreta de l'Eixample,Catalunya,Saturday,2023,9,September,30,Morning,,Not caused by the pedestrian,Motorcycle,Man,18,Driver,Desconegut,Unknown,Bus de línia regular,Minor injury: Medical assistance at accident site,429774.77,4583089.18,2.158845112,41.394425253,2023-09-30 07:00:00
2023S005767    ,Sants-Montjuïc,Sants - Badal,Madrid,Saturday,2023,9,September,30,Night,,Not caused by the pedestrian,Motorcycle,Man,22,Driver,Desconegut,Unknown,Leisure and entertainment,Minor injury: Hospitalization up to 24 hours,427091.76,4581316.4,2.126968053,41.378219643,2023-09-30 01:00:00
2023S005768    ,Sarrià-Sant Gervasi,Sant Gervasi - Galvany,Laforja,Saturday,2023,9,September,30,Night,,Not caused by the pedestrian,Motorcycle,Woman,24,Passenger,Desconegut,Unknown,Unknown,Minor injury: Medical assistance at accident site,428620.39,4583304.62,2.145012533,41.396263954,2023-09-30 02:00:00
2023S005769    ,Horta-Guinardó,la Vall d'Hebron,Estatut de Catalunya,Saturday,2023,9,September,30,Morning,,Not caused by the pedestrian,Motorcycle,Woman,43,Passenger,Desconegut,Unknown,Unknown,Minor injury: Hospitalization up to 24 hours,429411.09,4587178.85,2.154017831,41.43122751,2023-09-30 12:00:00
2023S005770    ,Horta-Guinardó,el Guinardó,Maragall,Saturday,2023,9,September,30,Morning,,Not caused by the pedestrian,Motorcycle,Man,41,Driver,Desconegut,Unknown,Unknown,Minor injury: Hospitalization up to 24 hours,431145.44,4586548.46,2.174845494,41.425700451,2023-09-30 12:00:00
2023S005771    ,Horta-Guinardó,la Vall d'Hebron,Dalt (Besòs),Saturday,2023,9,September,30,Morning,,Not caused by the pedestrian,Car,Woman,75,Driver,Desconegut,Unknown,Leisure and entertainment,Minor injury: Refused medical assistance,428571.63,4586836.81,2.144012093,41.428072644,2023-09-30 12:00:00
2023S005772    ,Eixample,la Dreta de l'Eixample,Pau Claris,Saturday,2023,9,September,30,Afternoon,,Not caused by the pedestrian,Ciclomotor,Man,78,Driver,Desconegut,Unknown,Leisure and entertainment,Minor injury: Hospitalization up to 24 hours,430798.03,4582553.37,2.171145312,41.389688129,2023-09-30 14:00:00
2023S005773    ,Sants-Montjuïc,Sants,Comtes de Bell-lloc,Saturday,2023,9,September,30,Afternoon,,Not caused by the pedestrian,Ciclomotor,Man,22,Driver,Desconegut,Unknown,Unknown,Minor injury: Medical assistance at accident site,428020.4,4581439.83,2.138057754,41.379414983,2023-09-30 14:00:00
2023S005774    ,Eixample,el Fort Pienc,Corts Catalanes,Saturday,2023,9,September,30,Afternoon,,Not caused by the pedestrian,Motorcycle,Man,47,Driver,Desconegut,Unknown,Unknown,Minor injury: Hospitalization up to 24 hours,431752.74,4583658.63,2.18243892,41.399724511,2023-09-30 16:00:00
2023S005775    ,Eixample,la Dreta de l'Eixample,Corts Catalanes,Saturday,2023,9,September,30,Afternoon,,Not caused by the pedestrian,Ciclomotor,Woman,30,Driver,Desconegut,Unknown,Unknown,Minor injury: Refused medical assistance,430874.03,4582799.68,2.172026137,41.391913108,2023-09-30 16:00:00
2023S005776    ,Sant Martí,el Poblenou,Litoral,Friday,2023,9,September,29,Afternoon,,Not caused by the pedestrian,Bicicleta,Man,40,Driver,Desconegut,Unknown,Leisure and entertainment,Serious injury: Hospitalization over 24 hours,433776.89,4583070.47,2.206715773,41.394596451,2023-09-29 17:00:00
2023S005777    ,Les Corts,les Corts,Madrid,Saturday,2023,9,September,30,Afternoon,,Not caused by the pedestrian,Motorcycle,Woman,17,Passenger,Desconegut,Unknown,Unknown,Minor injury: Medical assistance at accident site,427343.61,4581494.04,2.129958279,41.379842371,2023-09-30 17:00:00
2023S005779    ,Nou Barris,Vilapicina i la Torre Llobeta,Arnau d'Oms,Saturday,2023,9,September,30,Afternoon,,Not caused by the pedestrian,Autobús articulat,Man,9,Passenger,Desconegut,Unknown,Unknown,Minor injury: Hospitalization up to 24 hours,431353.65,4586877.33,2.177299677,41.428680298,2023-09-30 19:00:00
2023S005780    ,Eixample,l'Antiga Esquerra de l'Eixample,Rosselló,Saturday,2023,9,September,30,Afternoon,,Not caused by the pedestrian,Motorcycle,Man,54,Driver,Desconegut,Unknown,Leisure and entertainment,Minor injury: Hospitalization up to 24 hours,429361.44,4582684.36,2.153948637,41.390742961,2023-09-30 16:00:00
2023S005781    ,Sarrià-Sant Gervasi,el Putxet i el Farró,General Mitre,Saturday,2023,9,September,30,Afternoon,,Not caused by the pedestrian,Motorcycle,Woman,44,Driver,Desconegut,Unknown,Leisure and entertainment,Minor injury: Hospitalization up to 24 hours,428666.0,4584343.61,2.145435581,41.405625792,2023-09-30 17:00:00
2023S005782    ,Ciutat Vella,el Barri Gòtic,Litoral (Llobregat),Saturday,2023,9,September,30,Afternoon,,Not caused by the pedestrian,Motorcycle,Woman,63,Passenger,Desconegut,Unknown,Unknown,Minor injury: Hospitalization up to 24 hours,431379.84,4581118.42,2.178266297,41.376813806,2023-09-30 14:00:00
2023S005783    ,Eixample,la Nova Esquerra de l'Eixample,Comte d'Urgell,Saturday,2023,9,September,30,Afternoon,,Disobeying the traffic light signal,Veh. mobilitat personal amb motor,Man,25,Pedestrian,En pas regulat per semàfor,Unknown,Unknown,Minor injury: Hospitalization up to 24 hours,429541.26,4581925.8,2.156187564,41.383926645,2023-09-30 21:00:00
2023S005785    ,Sants-Montjuïc,el Poble-sec,Litoral (Llobregat),Sunday,2023,10,October,1,Morning,,Not caused by the pedestrian,Car,Woman,23,Passenger,Desconegut,Unknown,Unknown,Minor injury: Hospitalization up to 24 hours,430813.11,4579933.49,2.171624903,41.36609291,2023-10-01 10:00:00
2023S005786    ,Sants-Montjuïc,la Marina del Prat Vermell,B-10 (Besòs),Sunday,2023,10,October,1,Afternoon,,Not caused by the pedestrian,Taxi,Woman,60,Passenger,Desconegut,Unknown,Unknown,Minor injury: Refused medical assistance,430303.25,4579227.37,2.165610432,41.359689073,2023-10-01 14:00:00
2023S005788    ,Eixample,la Dreta de l'Eixample,Aragó,Sunday,2023,10,October,1,Afternoon,,Not caused by the pedestrian,Motorcycle,Man,34,Driver,Desconegut,Unknown,Leisure and entertainment,Minor injury: Hospitalization up to 24 hours,430842.39,4583365.83,2.171583022,41.397009524,2023-10-01 16:00:00
2023S005789    ,Sarrià-Sant Gervasi,les Tres Torres,Dalmases,Sunday,2023,10,October,1,Afternoon,,Not caused by the pedestrian,Car,Man,50,Driver,Desconegut,Unknown,Unknown,Minor injury: Hospitalization up to 24 hours,427424.03,4584165.91,2.130599598,41.403914096,2023-10-01 15:00:00
2023S005790    ,Unknown,Unknown,Unknown,Sunday,2023,10,October,1,Afternoon,,Not caused by the pedestrian,Ciclomotor,Woman,25,Passenger,Desconegut,Unknown,Unknown,Minor injury: Medical assistance at accident site,433746.5,4587235.6,2.205895892,41.432108183,2023-10-01 14:00:00
2023S005791    ,Sants-Montjuïc,la Font de la Guatlla,Corts Catalanes,Sunday,2023,10,October,1,Afternoon,,Not caused by the pedestrian,Motorcycle,Man,35,Driver,Desconegut,Unknown,Leisure and entertainment,Minor injury: Medical assistance at accident site,428805.39,4580812.36,2.147518341,41.37383345,2023-10-01 19:00:00
2023S005792    ,Sant Andreu,Sant Andreu,B-20 (Besòs),Sunday,2023,10,October,1,Afternoon,,Not caused by the pedestrian,Motorcycle,Man,35,Driver,Desconegut,Unknown,Leisure and entertainment,Minor injury: Hospitalization up to 24 hours,433118.07,4589134.78,2.198164636,41.44916137,2023-10-01 18:00:00
2023S005793    ,Sant Martí,la Vila Olímpica del Poblenou,Litoral (Llobregat),Sunday,2023,10,October,1,Afternoon,,Not caused by the pedestrian,Motorcycle,Woman,25,Driver,Desconegut,Unknown,Unknown,Minor injury: Hospitalization up to 24 hours,433185.75,4582626.29,2.199694255,41.390546905,2023-10-01 20:00:00
2023S005794    ,Les Corts,les Corts,Joan Güell,Sunday,2023,10,October,1,Afternoon,,Not caused by the pedestrian,Bicicleta,Man,34,Driver,Desconegut,Unknown,Commuting,Minor injury: Hospitalization up to 24 hours,427497.36,4581789.66,2.131761426,41.382518784,2023-10-01 20:00:00
2023S005795    ,Eixample,la Dreta de l'Eixample,Catalunya,Monday,2023,10,October,2,Morning,,Not caused by the pedestrian,"Camió rígid <= 3,5 tones",Woman,18,Pedestrian,Desconegut,Leisure and entertainment,Unknown,Minor injury: Medical assistance at accident site,430588.85,4582240.3,2.168679438,41.386850369,2023-10-02 09:00:00
2023S005796    ,Les Corts,la Maternitat i Sant Ramon,Corts,Monday,2023,10,October,2,Morning,,Not caused by the pedestrian,Taxi,Man,69,Pedestrian,En pas regulat per semàfor,Unknown,Unknown,Minor injury: Hospitalization up to 24 hours,426976.16,4581591.52,2.125552582,41.380687053,2023-10-02 09:00:00
2023S005797    ,Eixample,l'Antiga Esquerra de l'Eixample,Balmes,Friday,2023,9,September,29,Afternoon,,Walking on the road,Taxi,Man,23,Pedestrian,Altres,Leisure and entertainment,Unknown,Minor injury: Hospitalization up to 24 hours,430260.21,4582324.67,2.164739401,41.387581823,2023-09-29 14:00:00
2023S005798    ,Sants-Montjuïc,Hostafrancs,Corts Catalanes,Monday,2023,10,October,2,Morning,,Not caused by the pedestrian,Furgoneta,Man,53,Passenger,Desconegut,Unknown,Unknown,Minor injury: Medical assistance at accident site,428603.21,4580576.64,2.145128671,41.371692478,2023-10-02 08:00:00
2023S005799    ,Les Corts,la Maternitat i Sant Ramon,Carles III,Monday,2023,10,October,2,Morning,,Not caused by the pedestrian,Bicicleta,Woman,41,Driver,Desconegut,Unknown,On a mission,Minor injury: Medical assistance at accident site,427191.1,4581776.77,2.128100585,41.382375016,2023-10-02 07:00:00
2023S005800    ,Eixample,el Fort Pienc,Corts Catalanes,Monday,2023,10,October,2,Morning,,Not caused by the pedestrian,Bicicleta,Man,24,Driver,Desconegut,Unknown,Unknown,Minor injury: Medical assistance at accident site,431553.84,4583500.42,2.180077624,41.398282643,2023-10-02 08:00:00
2023S005801    ,Les Corts,la Maternitat i Sant Ramon,Carles III,Monday,2023,10,October,2,Morning,,Not caused by the pedestrian,Bicicleta,Woman,41,Driver,Desconegut,Unknown,Leisure and entertainment,Minor injury: Hospitalization up to 24 hours,427191.1,4581776.77,2.128100585,41.382375016,2023-10-02 07:00:00
2023S005803    ,Eixample,el Fort Pienc,Corts Catalanes,Monday,2023,10,October,2,Afternoon,,Not caused by the pedestrian,Motorcycle,Man,37,Driver,Desconegut,Unknown,Leisure and entertainment,Minor injury: Hospitalization up to 24 hours,431752.09,4583696.66,2.182426855,41.400066981,2023-10-02 14:00:00
2023S005804    ,Sant Andreu,el Congrés i els Indians,Pinar del Río,Monday,2023,10,October,2,Afternoon,,Not caused by the pedestrian,Bicicleta,Man,52,Driver,Desconegut,Unknown,Unknown,Minor injury: Hospitalization up to 24 hours,431817.68,4586165.14,2.182933111,41.422305384,2023-10-02 14:00:00
2023S005805    ,Eixample,el Fort Pienc,Alí Bei,Monday,2023,10,October,2,Afternoon,,Not caused by the pedestrian,Motorcycle,Woman,49,Driver,Desconegut,Unknown,Leisure and entertainment,Minor injury: Hospitalization up to 24 hours,431558.69,4582921.93,2.180201058,41.393072766,2023-10-02 15:00:00
2023S005807    ,Sant Martí,Diagonal Mar i el Front Marítim del Poblenou,Litoral (Llobregat),Monday,2023,10,October,2,Afternoon,,Not caused by the pedestrian,Car,Woman,22,Driver,Desconegut,Unknown,Other activities,Minor injury: Refused medical assistance,434731.89,4584332.53,2.218002296,41.406041674,2023-10-02 17:00:00
2023S005809    ,Eixample,la Sagrada Família,Marina,Monday,2023,10,October,2,Afternoon,,Not caused by the pedestrian,Motorcycle,Man,44,Driver,Desconegut,Unknown,Leisure and entertainment,Minor injury: Medical assistance at accident site,431452.23,4583798.16,2.178828488,41.400955638,2023-10-02 17:00:00
2023S005810    ,Sant Martí,el Poblenou,Litoral (Besòs),Monday,2023,10,October,2,Afternoon,,Not caused by the pedestrian,Motorcycle,Woman,20,Passenger,Desconegut,Unknown,Unknown,Minor injury: Medical assistance at accident site,433545.58,4582976.4,2.203959431,41.393730092,2023-10-02 14:00:00
2023S005811    ,Horta-Guinardó,Sant Genís dels Agudells,Dalt (Besòs),Monday,2023,10,October,2,Afternoon,,Not caused by the pedestrian,Motorcycle,Man,41,Driver,Desconegut,Unknown,Unknown,Minor injury: Medical assistance at accident site,428427.45,4586473.16,2.142329787,41.424784563,2023-10-02 16:00:00
2023S005812    ,Sants-Montjuïc,la Marina del Prat Vermell,Litoral (Besòs),Monday,2023,10,October,2,Afternoon,,Not caused by the pedestrian,Car,Woman,40,Driver,Desconegut,Unknown,Unknown,Minor injury: Hospitalization up to 24 hours,429644.79,4578490.83,2.157824421,41.352997967,2023-10-02 17:00:00
2023S005814    ,Sant Andreu,el Bon Pastor,Mollerussa,Monday,2023,9,September,25,Night,,Not caused by the pedestrian,Veh. mobilitat personal amb motor,Woman,23,Driver,Desconegut,Unknown,Other activities,Minor injury: Hospitalization up to 24 hours,433653.99,4587838.37,2.204722542,41.437529512,2023-09-25 22:00:00
2023S005815    ,Sarrià-Sant Gervasi,les Tres Torres,General Mitre,Monday,2023,10,October,2,Night,,Not caused by the pedestrian,Motorcycle,Woman,32,Driver,Desconegut,Unknown,Leisure and entertainment,Minor injury: Hospitalization up to 24 hours,427631.78,4583561.46,2.133157076,41.3984888,2023-10-02 23:00:00
2023S005816    ,Ciutat Vella,la Barceloneta,Litoral (Llobregat),Tuesday,2023,10,October,3,Morning,,Others,Bus,Man,32,Pedestrian,Desconegut,Leisure and entertainment,Unknown,Minor injury: Medical assistance at accident site,432115.57,4581793.42,2.18698818,41.3829558,2023-10-03 06:00:00
2023S005817    ,Sant Martí,el Camp de l'Arpa del Clot,Meridiana,Tuesday,2023,10,October,3,Morning,,Not caused by the pedestrian,Veh. mobilitat personal amb motor,Woman,39,Pedestrian,A la vorera / Andana,Unknown,Unknown,Minor injury: Hospitalization up to 24 hours,432109.62,4584851.42,2.186573964,41.410497852,2023-10-03 07:00:00
2023S005818    ,Eixample,la Dreta de l'Eixample,Gràcia,Tuesday,2023,10,October,3,Morning,,Not caused by the pedestrian,Bicicleta,Man,30,Driver,Desconegut,Unknown,Commuting,Minor injury: Hospitalization up to 24 hours,430489.58,4582555.48,2.167456047,41.389680521,2023-10-03 09:00:00
2023S005819    ,Eixample,la Dreta de l'Eixample,Rosselló,Tuesday,2023,10,October,3,Morning,,Not caused by the pedestrian,Bicicleta,Man,36,Driver,Desconegut,Unknown,Other activities,Minor injury: Medical assistance at accident site,430028.14,4583341.24,2.161846456,41.396717571,2023-10-03 08:00:00
2023S005820    ,Sant Andreu,Navas,Múrcia,Tuesday,2023,10,October,3,Morning,,Not caused by the pedestrian,Autobús articulat,Man,91,Passenger,Desconegut,Unknown,Unknown,Minor injury: Hospitalization up to 24 hours,432508.78,4585577.91,2.191268323,41.417074769,2023-10-03 08:00:00
2023S005821    ,Sants-Montjuïc,la Marina del Prat Vermell,A Zona Franca,Tuesday,2023,10,October,3,Morning,,Not caused by the pedestrian,Furgoneta,Man,28,Driver,Desconegut,Unknown,On a mission,Minor injury: Hospitalization up to 24 hours,428543.09,4577414.4,2.144782487,41.343205834,2023-10-03 10:00:00
2023S005822    ,Eixample,el Fort Pienc,Diputació,Tuesday,2023,10,October,3,Morning,,Disobeying the traffic light signal,Bicicleta,Woman,75,Pedestrian,En pas regulat per semàfor,Unknown,Unknown,Minor injury: Hospitalization up to 24 hours,431371.18,4583481.9,2.177894841,41.398100261,2023-10-03 09:00:00
2023S005823    ,Horta-Guinardó,la Font d'en Fargues,Font d'en Fargas,Tuesday,2023,10,October,3,Morning,,Not caused by the pedestrian,Motorcycle,Man,19,Driver,Desconegut,Unknown,Leisure and entertainment,Minor injury: Hospitalization up to 24 hours,430348.96,4586337.29,2.165338774,41.42372982,2023-10-03 08:00:00
2023S005824    ,Sants-Montjuïc,la Marina de Port,Mare de Déu de Port,Tuesday,2023,10,October,3,Afternoon,,Not caused by the pedestrian,Motorcycle,Man,28,Driver,Desconegut,Unknown,Commuting,Minor injury: Hospitalization up to 24 hours,428458.71,4579056.19,2.143580406,41.357985444,2023-10-03 14:00:00
2023S005825    ,Les Corts,les Corts,Mig (Ascendent),Tuesday,2023,10,October,3,Morning,,Not caused by the pedestrian,Motorcycle,Man,27,Driver,Desconegut,Unknown,Commuting,Minor injury: Hospitalization up to 24 hours,427174.44,4582544.76,2.127808993,41.389290488,2023-10-03 12:00:00
2023S005826    ,Eixample,l'Antiga Esquerra de l'Eixample,Comte d'Urgell,Tuesday,2023,10,October,3,Morning,,Not caused by the pedestrian,Bicicleta,Man,34,Driver,Desconegut,Unknown,Unknown,Minor injury: Hospitalization up to 24 hours,429167.46,4582306.69,2.15167282,41.387324349,2023-10-03 13:00:00
2023S005827    ,Sarrià-Sant Gervasi,el Putxet i el Farró,Lesseps,Tuesday,2023,10,October,3,Morning,,Not caused by the pedestrian,Bus,Woman,40,Passenger,Desconegut,Unknown,Unknown,Minor injury: Hospitalization up to 24 hours,429023.59,4584388.83,2.149708029,41.40606474,2023-10-03 12:00:00
2023S005828    ,Gràcia,la Vila de Gràcia,Ros de Olano,Tuesday,2023,10,October,3,Morning,,Crossing outside the pedestrian crossing,Ciclomotor,Man,68,Pedestrian,Fora del pas,Unknown,Unknown,Minor injury: Hospitalization up to 24 hours,429419.66,4583820.03,2.154512506,41.400976656,2023-10-03 13:00:00
2023S005829    ,Sants-Montjuïc,Hostafrancs,Consell de Cent,Tuesday,2023,10,October,3,Afternoon,,Not caused by the pedestrian,Veh. mobilitat personal amb motor,Man,16,Pedestrian,En pas regulat per semàfor,Leisure and entertainment,Unknown,Minor injury: Medical assistance at accident site,428497.32,4581027.32,2.14380941,41.375742194,2023-10-03 14:00:00
2023S005830    ,Sant Martí,el Clot,Aragó,Tuesday,2023,10,October,3,Afternoon,,Not caused by the pedestrian,Motorcycle,Man,40,Driver,Desconegut,Unknown,Leisure and entertainment,Minor injury: Refused medical assistance,432197.25,4584738.26,2.187635034,41.409486055,2023-10-03 18:00:00
2023S005831    ,Gràcia,Vallcarca i els Penitents,Sant Cugat,Tuesday,2023,10,October,3,Afternoon,,Not caused by the pedestrian,Car,Man,21,Passenger,Desconegut,Unknown,Unknown,Minor injury: Medical assistance at accident site,427897.44,4586372.26,2.135999612,41.423828381,2023-10-03 17:00:00
2023S005832    ,Eixample,la Sagrada Família,Mallorca,Tuesday,2023,10,October,3,Afternoon,,Not caused by the pedestrian,Veh. mobilitat personal amb motor,Woman,33,Driver,Desconegut,Unknown,Unknown,Minor injury: Hospitalization up to 24 hours,431411.85,4584303.42,2.17828818,41.405502913,2023-10-03 17:00:00
2023S005833    ,Sant Martí,Sant Martí de Provençals,Bac de Roda,Friday,2023,10,October,6,Afternoon,,Not caused by the pedestrian,Car,Man,52,Driver,A la vorera / Andana,Unknown,Other activities,Minor injury: Hospitalization up to 24 hours,432847.49,4585262.44,2.195356019,41.414261815,2023-10-06 16:00:00
2023S005834    ,Eixample,la Dreta de l'Eixample,Gràcia,Tuesday,2023,10,October,3,Afternoon,,Not caused by the pedestrian,Bus,Woman,44,Passenger,Desconegut,Unknown,Unknown,Minor injury: Hospitalization up to 24 hours,429906.02,4583287.07,2.160392036,41.396219039,2023-10-03 18:00:00
2023S005836    ,Sant Martí,el Clot,Aragó,Tuesday,2023,10,October,3,Afternoon,,Not caused by the pedestrian,Bicicleta,Woman,27,Driver,Desconegut,Unknown,Commuting,Minor injury: Hospitalization up to 24 hours,432310.15,4584848.92,2.188973334,41.410492258,2023-10-03 17:00:00
2023S005837    ,Sarrià-Sant Gervasi,Sant Gervasi - Galvany,Augusta,Tuesday,2023,10,October,3,Afternoon,,Not caused by the pedestrian,Ciclomotor,Woman,19,Driver,Desconegut,Unknown,Unknown,Minor injury: Hospitalization up to 24 hours,428393.83,4583546.93,2.142273978,41.398426195,2023-10-03 21:00:00
2023S005838    ,Sarrià-Sant Gervasi,el Putxet i el Farró,Balmes,Tuesday,2023,10,October,3,Afternoon,,Not caused by the pedestrian,Motorcycle,Man,51,Driver,Desconegut,Unknown,Unknown,Minor injury: Medical assistance at accident site,428725.04,4583937.06,2.146189758,41.401969391,2023-10-03 17:00:00
2023S005841    ,Les Corts,les Corts,Madrid,Wednesday,2023,10,October,4,Morning,,Not caused by the pedestrian,Motorcycle,Man,45,Driver,Desconegut,Unknown,Commuting,Minor injury: Hospitalization up to 24 hours,427420.28,4581561.47,2.130867015,41.38045661,2023-10-04 11:00:00
2023S005842    ,Sants-Montjuïc,la Marina de Port,Foneria,Wednesday,2023,10,October,4,Morning,,Not caused by the pedestrian,Car,Man,51,Driver,Desconegut,Unknown,Unknown,Minor injury: Medical assistance at accident site,428152.27,4579392.2,2.139877412,41.360984477,2023-10-04 06:00:00
2023S005843    ,Sants-Montjuïc,la Marina del Prat Vermell,D Zona Franca,Wednesday,2023,10,October,4,Morning,,Not caused by the pedestrian,Car,Man,40,Passenger,Desconegut,Unknown,Unknown,Minor injury: Hospitalization up to 24 hours,427235.32,4576058.18,2.129315568,41.330873674,2023-10-04 12:00:00
2023S005845    ,Sants-Montjuïc,el Poble-sec,Paral·lel,Wednesday,2023,10,October,4,Afternoon,,Not caused by the pedestrian,Motorcycle,Woman,29,Passenger,Desconegut,Unknown,Unknown,Minor injury: Medical assistance at accident site,430783.34,4580931.82,2.171154952,41.375082036,2023-10-04 15:00:00
2023S005846    ,Sarrià-Sant Gervasi,Sant Gervasi - la Bonanova,Quatre Camins,Wednesday,2023,10,October,4,Afternoon,,Not caused by the pedestrian,Motorcycle,Woman,19,Driver,Desconegut,Unknown,Student heading to an educational center,Minor injury: Refused medical assistance,427735.16,4585172.94,2.134201131,41.413012037,2023-10-04 14:00:00
2023S005847    ,Ciutat Vella,el Raval,Portal de Santa Madrona,Wednesday,2023,10,October,4,Morning,,Not caused by the pedestrian,Motorcycle,Man,48,Driver,Desconegut,Unknown,Unknown,Minor injury: Hospitalization up to 24 hours,431141.53,4581056.3,2.175423758,41.376233939,2023-10-04 13:00:00
2023S005848    ,Eixample,el Fort Pienc,Marina,Wednesday,2023,10,October,4,Morning,,Not caused by the pedestrian,Motorcycle,Man,32,Driver,Desconegut,Unknown,Commuting,Minor injury: Hospitalization up to 24 hours,431545.26,4583698.06,2.179952636,41.400061997,2023-10-04 13:00:00
2023S005849    ,Eixample,el Fort Pienc,Meridiana,Wednesday,2023,10,October,4,Afternoon,,Not caused by the pedestrian,Bicicleta,Woman,32,Driver,Desconegut,Unknown,Unknown,Minor injury: Medical assistance at accident site,432129.81,4583314.56,2.186987933,41.396657504,2023-10-04 15:00:00
2023S005850    ,Sant Martí,el Poblenou,Carmen Amaya,Wednesday,2023,10,October,4,Afternoon,,Not caused by the pedestrian,Motorcycle,Man,29,Driver,Desconegut,Unknown,Commuting,Minor injury: Hospitalization up to 24 hours,433401.39,4583009.01,2.202231227,41.394011868,2023-10-04 16:00:00
2023S005851    ,Sants-Montjuïc,la Marina del Prat Vermell,Litoral (Besòs),Wednesday,2023,10,October,4,Afternoon,,Not caused by the pedestrian,Motorcycle,Man,37,Driver,Desconegut,Unknown,Commuting,Serious injury: Hospitalization over 24 hours,428481.73,4577927.64,2.14398866,41.347822987,2023-10-04 17:00:00
2023S005852    ,Eixample,la Dreta de l'Eixample,Mallorca,Wednesday,2023,10,October,4,Afternoon,,Not caused by the pedestrian,Car,Woman,45,Passenger,Desconegut,Unknown,Unknown,Minor injury: Hospitalization up to 24 hours,430761.81,4583670.29,2.170584351,41.399744761,2023-10-04 16:00:00
2023S005853    ,Eixample,l'Antiga Esquerra de l'Eixample,París,Wednesday,2023,10,October,4,Afternoon,,Not caused by the pedestrian,Bicicleta,Woman,65,Pedestrian,En pas regulat per semàfor,Unknown,Unknown,Serious injury: Hospitalization over 24 hours,429365.3,4583064.14,2.153950486,41.394163847,2023-10-04 18:00:00
2023S005854    ,Eixample,la Dreta de l'Eixample,Sant Pere,Wednesday,2023,10,October,4,Afternoon,,Disobeying the traffic light signal,Motorcycle,Man,56,Driver,Desconegut,Unknown,Unknown,Minor injury: Medical assistance at accident site,430881.14,4582467.4,2.172149113,41.388920973,2023-10-04 21:00:00
2023S005855    ,Les Corts,les Corts,Diagonal,Wednesday,2023,10,October,4,Afternoon,,Not caused by the pedestrian,Motorcycle,Man,31,Driver,Desconegut,Unknown,Commuting,Minor injury: Hospitalization up to 24 hours,427575.97,4582577.49,2.13260725,41.389621548,2023-10-04 15:00:00
2023S005856    ,Sant Andreu,Sant Andreu,Gran de Sant Andreu,Wednesday,2023,10,October,4,Afternoon,,Not caused by the pedestrian,Bus,Woman,73,Passenger,Desconegut,Unknown,Unknown,Minor injury: Hospitalization up to 24 hours,432442.93,4586885.82,2.190334229,41.428849171,2023-10-04 17:00:00
2023S005857    ,Horta-Guinardó,Horta,Lisboa,Wednesday,2023,10,October,4,Afternoon,,Crossing outside the pedestrian crossing,Car,Woman,56,Pedestrian,Fora del pas,Unknown,Unknown,Minor injury: Hospitalization up to 24 hours,429695.39,4586934.29,2.157448638,41.429049805,2023-10-04 18:00:00
2023S005858    ,Sarrià-Sant Gervasi,Sarrià,Dalt (Llobregat),Wednesday,2023,10,October,4,Afternoon,,Not caused by the pedestrian,Motorcycle,Woman,43,Driver,Desconegut,Unknown,Commuting,Minor injury: Hospitalization up to 24 hours,426007.1,4583831.66,2.113690701,41.400774429,2023-10-04 18:00:00
2023S005859    ,Sant Andreu,la Sagrera,Indústria,Wednesday,2023,10,October,4,Afternoon,,Not caused by the pedestrian,Car,Man,3,Pedestrian,En pas sense regular,Unknown,Unknown,Minor injury: Hospitalization up to 24 hours,432323.48,4585960.93,2.189008335,41.420508919,2023-10-04 20:00:00