Case_Number,District_Name,Neighborhood_Name,Street_Name,Day_of_Week,Year,Month_Code,Month_Name,Day_of_Month,Shift_Description,Hour_of_Day,Pedestrian_Cause_Description,Involved_Vehicle_Type,Gender_Description,Age,Person_Type_Description,Pedestrian_Accident_Location_Description,Pedestrian_Movement_Reason_Description,Driver_Movement_Reason_Description,Victimization_Description,UTM_X_Coordinate,UTM_Y_Coordinate,Longitude,Latitude,datetime
2023S005860    ,Sant Martí,la Vila Olímpica del Poblenou,Salvador Espriu,Wednesday,2023,10,October,4,Afternoon,,Not caused by the pedestrian,Motorcycle,Man,47,Driver,Desconegut,Unknown,Unknown,Minor injury: Hospitalization up to 24 hours,432980.11,4582494.23,2.197249397,41.389340354,2023-10-04 21:00:00
2023S005861    ,Sant Martí,la Vila Olímpica del Poblenou,Arquitecte Sert,Wednesday,2023,10,October,4,Afternoon,,Not caused by the pedestrian,Motorcycle,Man,56,Driver,Desconegut,Unknown,Unknown,Minor injury: Hospitalization up to 24 hours,433114.82,4582556.54,2.19885363,41.389912785,2023-10-04 16:00:00
2023S005862    ,Les Corts,Pedralbes,Esplugues,Wednesday,2023,10,October,4,Afternoon,,Not caused by the pedestrian,Car,Woman,18,Passenger,Desconegut,Unknown,Unknown,Minor injury: Medical assistance at accident site,425680.92,4582691.77,2.109928998,41.390477861,2023-10-04 16:00:00
2023S005863    ,Eixample,la Dreta de l'Eixample,València,Wednesday,2023,10,October,4,Afternoon,,Not caused by the pedestrian,Veh. mobilitat personal amb motor,Man,26,Driver,Desconegut,Unknown,Unknown,Minor injury: Medical assistance at accident site,430310.82,4583051.57,2.165260989,41.394133169,2023-10-04 21:00:00
2023S005864    ,Gràcia,el Camp d'en Grassot i Gràcia Nova,Nàpols,Wednesday,2023,10,October,4,Afternoon,,Not caused by the pedestrian,Motorcycle,Woman,30,Driver,Desconegut,Unknown,Unknown,Minor injury: Hospitalization up to 24 hours,430417.45,4584280.13,2.166395076,41.405207643,2023-10-04 14:00:00
2023S005865    ,Eixample,l'Antiga Esquerra de l'Eixample,Còrsega,Wednesday,2023,10,October,4,Afternoon,,Not caused by the pedestrian,Car,Woman,69,Pedestrian,Desconegut,Unknown,Unknown,Minor injury: Hospitalization up to 24 hours,429266.59,4582781.43,2.152802887,41.391608896,2023-10-04 18:00:00
2023S005866    ,Eixample,Sant Antoni,Corts Catalanes,Wednesday,2023,10,October,4,Night,,Not caused by the pedestrian,Veh. mobilitat personal amb motor,Man,21,Driver,Desconegut,Unknown,Leisure and entertainment,Minor injury: Medical assistance at accident site,430111.63,4582053.06,2.162993813,41.385122615,2023-10-04 22:00:00
2023S005868    ,Sant Andreu,el Congrés i els Indians,Alexandre Galí,Wednesday,2023,10,October,4,Afternoon,,Not caused by the pedestrian,Veh. mobilitat personal amb motor,Woman,28,Pedestrian,En pas sense regular,Unknown,Unknown,Minor injury: Medical assistance at accident site,431630.6,4586420.04,2.180665695,41.424585276,2023-10-04 21:00:00
2023S005869    ,Eixample,la Dreta de l'Eixample,Sant Joan,Wednesday,2023,10,October,4,Afternoon,,Not caused by the pedestrian,Bicicleta,Man,22,Driver,Desconegut,Unknown,Leisure and entertainment,Minor injury: Medical assistance at accident site,431368.13,4582963.97,2.177917094,41.393435159,2023-10-04 20:00:00
2023S005870    ,Eixample,la Dreta de l'Eixample,Tetuan,Thursday,2023,10,October,5,Morning,,Not caused by the pedestrian,Motorcycle,Woman,30,Passenger,Desconegut,Unknown,Unknown,Minor injury: Hospitalization up to 24 hours,431096.96,4583105.03,2.174657685,41.394682444,2023-10-05 06:00:00
2023S005871    ,Eixample,Sant Antoni,Sepúlveda,Thursday,2023,10,October,5,Morning,,Not caused by the pedestrian,Motorcycle,Woman,38,Driver,Desconegut,Unknown,Commuting,Minor injury: Refused medical assistance,429938.15,4581711.74,2.160958652,41.382033355,2023-10-05 08:00:00
2023S005872    ,Gràcia,el Camp d'en Grassot i Gràcia Nova,Providència,Thursday,2023,10,October,5,Morning,,Not caused by the pedestrian,Ciclomotor,Man,51,Pedestrian,A la vorera / Andana,Unknown,Unknown,Minor injury: Hospitalization up to 24 hours,430098.31,4584780.07,2.162519521,41.409682725,2023-10-05 10:00:00
2023S005873    ,Sant Andreu,la Sagrera,Meridiana,Thursday,2023,10,October,5,Morning,,Not caused by the pedestrian,Ciclomotor,Woman,30,Passenger,Desconegut,Unknown,Unknown,Minor injury: Hospitalization up to 24 hours,432125.47,4586281.49,2.186603031,41.423379389,2023-10-05 07:00:00
2023S005874    ,Gràcia,el Camp d'en Grassot i Gràcia Nova,Sant Joan,Wednesday,2023,10,October,4,Night,,Not caused by the pedestrian,Bicicleta,Man,27,Driver,Desconegut,Unknown,Leisure and entertainment,Minor injury: Hospitalization up to 24 hours,430321.17,4583996.53,2.165275971,41.402645009,2023-10-04 22:00:00
2023S005875    ,Eixample,la Dreta de l'Eixample,Aragó,Thursday,2023,10,October,5,Morning,,Not caused by the pedestrian,Veh. mobilitat personal amb motor,Woman,29,Driver,Desconegut,Unknown,Unknown,Minor injury: Medical assistance at accident site,430689.87,4583237.73,2.169773368,41.395842629,2023-10-05 10:00:00
2023S005876    ,Nou Barris,el Turó de la Peira,Doctor Pi i Molist,Thursday,2023,10,October,5,Morning,,Disobeying the traffic light signal,Bus,Woman,38,Driver,Desconegut,Unknown,Bus urbà,Minor injury: Hospitalization up to 24 hours,430942.15,4587575.05,2.17229548,41.434929114,2023-10-05 12:00:00
2023S005877    ,Sant Martí,la Vila Olímpica del Poblenou,Arquitecte Sert,Thursday,2023,10,October,5,Morning,,Not caused by the pedestrian,Car,Woman,37,Driver,Desconegut,Unknown,Leisure and entertainment,Minor injury: Medical assistance at accident site,433406.97,4582829.32,2.202317738,41.392393906,2023-10-05 12:00:00
2023S005879    ,Horta-Guinardó,el Carmel,Sigüenza,Thursday,2023,10,October,5,Morning,,Not caused by the pedestrian,Motorcycle,Man,28,Driver,Desconegut,Unknown,Unknown,Minor injury: Medical assistance at accident site,429522.17,4586451.53,2.155432012,41.424686589,2023-10-05 12:00:00
2023S005880    ,Nou Barris,les Roquetes,Favència,Thursday,2023,10,October,5,Morning,,Not caused by the pedestrian,Bus,Woman,71,Passenger,Desconegut,Unknown,Unknown,Minor injury: Hospitalization up to 24 hours,430941.63,4588581.97,2.172174105,41.443998018,2023-10-05 07:00:00
2023S005881    ,Sant Andreu,el Bon Pastor,Fra Juníper Serra,Thursday,2023,10,October,5,Afternoon,,Not caused by the pedestrian,Car,Man,38,Driver,Desconegut,Unknown,Commuting,Minor injury: Hospitalization up to 24 hours,433677.52,4587299.77,2.20506331,41.432680447,2023-10-05 14:00:00
2023S005883    ,Sants-Montjuïc,Hostafrancs,Corts Catalanes,Thursday,2023,10,October,5,Morning,,Not caused by the pedestrian,Furgoneta,Woman,37,Passenger,Desconegut,Unknown,Unknown,Minor injury: Refused medical assistance,428545.7,4580520.01,2.14444773,41.371177324,2023-10-05 10:00:00
2023S005884    ,Sarrià-Sant Gervasi,el Putxet i el Farró,Pàdua,Thursday,2023,10,October,5,Morning,,Not caused by the pedestrian,Motorcycle,Woman,37,Driver,Desconegut,Unknown,Commuting,Minor injury: Hospitalization up to 24 hours,428780.1,4584445.68,2.14678851,41.406555219,2023-10-05 13:00:00
2023S005885    ,Sant Martí,la Vila Olímpica del Poblenou,Litoral (Llobregat),Thursday,2023,10,October,5,Afternoon,,Not caused by the pedestrian,Motorcycle,Man,40,Driver,Desconegut,Unknown,Unknown,Minor injury: Hospitalization up to 24 hours,433185.75,4582626.29,2.199694255,41.390546905,2023-10-05 14:00:00
2023S005887    ,Eixample,Sant Antoni,Sant Pau,Thursday,2023,10,October,5,Afternoon,,Others,Bicicleta,Woman,59,Pedestrian,En pas regulat per semàfor,Unknown,Unknown,Minor injury: Hospitalization up to 24 hours,430400.82,4581042.58,2.166568362,41.376046609,2023-10-05 18:00:00
2023S005888    ,Sarrià-Sant Gervasi,Sant Gervasi - la Bonanova,Dalt (Besòs),Thursday,2023,10,October,5,Afternoon,,Not caused by the pedestrian,Motorcycle,Man,20,Driver,Desconegut,Unknown,Leisure and entertainment,Serious injury: Hospitalization over 24 hours,427143.16,4584946.47,2.127145712,41.410918844,2023-10-05 14:00:00
2023S005890    ,Sant Andreu,la Trinitat Vella,Dalt (Besòs),Thursday,2023,10,October,5,Afternoon,,Not caused by the pedestrian,Motorcycle,Man,62,Driver,Desconegut,Unknown,Unknown,Minor injury: Hospitalization up to 24 hours,432518.24,4588881.27,2.191012497,41.44682786,2023-10-05 18:00:00
2023S005891    ,Sant Martí,Diagonal Mar i el Front Marítim del Poblenou,Litoral,Thursday,2023,10,October,5,Afternoon,,Not caused by the pedestrian,Motorcycle,Man,49,Driver,Desconegut,Unknown,Leisure and entertainment,Minor injury: Hospitalization up to 24 hours,434131.96,4583677.31,2.210896674,41.400091299,2023-10-05 18:00:00
2023S005892    ,Eixample,la Dreta de l'Eixample,Gràcia,Thursday,2023,10,October,5,Afternoon,,Not caused by the pedestrian,Car,Woman,26,Pedestrian,En pas regulat per semàfor,Other activities,Unknown,Minor injury: Hospitalization up to 24 hours,430505.23,4582538.2,2.167645203,41.389526239,2023-10-05 19:00:00
2023S005893    ,Nou Barris,Vallbona,C-17 (Puigcerdà),Thursday,2023,10,October,5,Afternoon,,Others,Motorcycle,Man,43,Pedestrian,Altres,Unknown,Unknown,Death (within 24 hours of accident),432232.98,4590110.58,2.187459768,41.457875763,2023-10-05 21:00:00
2023S005894    ,Nou Barris,la Trinitat Nova,Dalt (Besòs),Thursday,2023,10,October,5,Night,,Not caused by the pedestrian,Motorcycle,Man,30,Driver,Desconegut,Unknown,Leisure and entertainment,Minor injury: Medical assistance at accident site,431720.19,4588848.82,2.181463185,41.446468071,2023-10-05 22:00:00
2023S005895    ,Sant Andreu,Sant Andreu,Torras i Bages,Thursday,2023,10,October,5,Afternoon,,Not caused by the pedestrian,Car,Man,34,Pedestrian,Altres,On a mission,Unknown,Minor injury: Hospitalization up to 24 hours,432520.38,4588193.85,2.191114948,41.440636683,2023-10-05 19:00:00
2023S005896    ,Eixample,la Nova Esquerra de l'Eixample,Mallorca,Thursday,2023,10,October,5,Afternoon,,Not caused by the pedestrian,Motorcycle,Man,67,Driver,Desconegut,Unknown,Unknown,Minor injury: Medical assistance at accident site,429260.74,4582212.74,2.152799369,41.386486386,2023-10-05 18:00:00
2023S005897    ,Sants-Montjuïc,la Marina del Prat Vermell,A Zona Franca,Friday,2023,10,October,6,Night,,Not caused by the pedestrian,Car,Man,26,Passenger,Desconegut,Unknown,Unknown,Minor injury: Hospitalization up to 24 hours,428020.43,4576283.26,2.138670171,41.33297144,2023-10-06 00:00:00
2023S005898    ,Sant Martí,Sant Martí de Provençals,Huelva,Wednesday,2023,10,October,4,Night,,Not caused by the pedestrian,Motorcycle,Woman,44,Driver,Desconegut,Unknown,Leisure and entertainment,Minor injury: Hospitalization up to 24 hours,433225.71,4585921.93,2.199808375,41.42023319,2023-10-04 23:00:00
2023S005899    ,Gràcia,el Camp d'en Grassot i Gràcia Nova,Còrsega,Friday,2023,10,October,6,Night,,Not caused by the pedestrian,Car,Man,30,Passenger,Desconegut,Unknown,Unknown,Minor injury: Hospitalization up to 24 hours,430639.75,4584143.23,2.169070084,41.403993851,2023-10-06 02:00:00
2023S005900    ,Eixample,la Dreta de l'Eixample,Gràcia,Friday,2023,10,October,6,Night,,Not caused by the pedestrian,Car,Woman,29,Pedestrian,En pas regulat per semàfor,Unknown,Unknown,Minor injury: Hospitalization up to 24 hours,429914.38,4583230.13,2.160498625,41.395706928,2023-10-06 00:00:00
2023S005901    ,Sarrià-Sant Gervasi,Sant Gervasi - la Bonanova,Dalt (Llobregat),Thursday,2023,10,October,5,Afternoon,,Not caused by the pedestrian,Motorcycle,Man,47,Driver,Desconegut,Unknown,Unknown,Minor injury: Hospitalization up to 24 hours,427052.99,4584880.78,2.126074875,41.41031902,2023-10-05 20:00:00
2023S005903    ,Les Corts,les Corts,Comtes de Bell-lloc,Friday,2023,10,October,6,Night,,Not caused by the pedestrian,Motorcycle,Man,27,Passenger,Desconegut,Unknown,Unknown,Minor injury: Hospitalization up to 24 hours,427873.2,4581734.62,2.136262447,41.382056859,2023-10-06 03:00:00
2023S005907    ,Ciutat Vella,"Sant Pere, Santa Caterina i la Ribera",Picasso,Friday,2023,10,October,6,Morning,,Disobeying the traffic light signal,Car,Woman,66,Pedestrian,En pas regulat per semàfor,Leisure and entertainment,Unknown,Serious injury: Hospitalization over 24 hours,431938.13,4582140.27,2.184827245,41.386064786,2023-10-06 13:00:00
2023S005908    ,Sant Martí,el Besòs i el Maresme,Josep Narcís Roca,Friday,2023,10,October,6,Morning,,Not caused by the pedestrian,Autobús articulat,Man,61,Passenger,Desconegut,Unknown,Unknown,Minor injury: Hospitalization up to 24 hours,435012.77,4585164.65,2.221273049,41.413559163,2023-10-06 13:00:00
2023S005909    ,Sant Andreu,la Sagrera,Riera d'Horta,Friday,2023,10,October,6,Morning,,Not caused by the pedestrian,Motorcycle,Man,38,Driver,Desconegut,Unknown,Unknown,Minor injury: Hospitalization up to 24 hours,431913.45,4586839.15,2.184003144,41.428384097,2023-10-06 12:00:00
2023S005911    ,Sants-Montjuïc,Hostafrancs,Consell de Cent,Friday,2023,10,October,6,Morning,,Not caused by the pedestrian,Motorcycle,Man,43,Driver,Desconegut,Unknown,Leisure and entertainment,Minor injury: Medical assistance at accident site,428432.47,4580988.43,2.143038578,41.375386157,2023-10-06 12:00:00
2023S005912    ,Sants-Montjuïc,la Marina del Prat Vermell,E Zona Franca,Friday,2023,10,October,6,Afternoon,,Not caused by the pedestrian,Car,Woman,58,Driver,Desconegut,Unknown,Commuting,Minor injury: Hospitalization up to 24 hours,427010.97,4576069.69,2.126633431,41.330957045,2023-10-06 14:00:00
2023S005913    ,Gràcia,el Camp d'en Grassot i Gràcia Nova,Camèlies,Friday,2023,10,October,6,Afternoon,,Not caused by the pedestrian,Veh. mobilitat personal amb motor,Man,19,Driver,Desconegut,Unknown,Unknown,Minor injury: Hospitalization up to 24 hours,429956.15,4585048.46,2.160787702,41.412087634,2023-10-06 14:00:00
2023S005914    ,Gràcia,la Vila de Gràcia,Gràcia,Friday,2023,10,October,6,Morning,,Not caused by the pedestrian,Car,Man,25,Driver,Desconegut,Unknown,Leisure and entertainment,Minor injury: Hospitalization up to 24 hours,429826.0,4583374.38,2.15942479,41.396998427,2023-10-06 13:00:00
2023S005915    ,Sant Martí,la Vila Olímpica del Poblenou,Litoral,Friday,2023,10,October,6,Afternoon,,Not caused by the pedestrian,Ciclomotor,Man,40,Driver,Desconegut,Unknown,Unknown,Minor injury: Hospitalization up to 24 hours,432888.89,4582323.45,2.196177347,41.38779457,2023-10-06 15:00:00
2023S005916    ,Sarrià-Sant Gervasi,Sant Gervasi - Galvany,Diagonal,Thursday,2023,10,October,5,Afternoon,,Not caused by the pedestrian,Motorcycle,Man,25,Driver,Desconegut,Unknown,Unknown,Minor injury: Hospitalization up to 24 hours,429057.55,4583097.68,2.150265668,41.394438826,2023-10-05 19:00:00
2023S005917    ,Nou Barris,la Trinitat Nova,Favència,Friday,2023,10,October,6,Afternoon,,Not caused by the pedestrian,Motorcycle,Man,35,Driver,Desconegut,Unknown,Unknown,Minor injury: Hospitalization up to 24 hours,432217.32,4588883.98,2.187410054,41.4468269,2023-10-06 19:00:00
2023S005918    ,Eixample,la Dreta de l'Eixample,Diputació,Friday,2023,10,October,6,Afternoon,,Not caused by the pedestrian,Motorcycle,Man,43,Driver,Desconegut,Unknown,Unknown,Minor injury: Hospitalization up to 24 hours,430531.68,4582694.85,2.167943564,41.390939423,2023-10-06 15:00:00
2023S005919    ,Les Corts,Pedralbes,Pedralbes,Friday,2023,10,October,6,Afternoon,,Not caused by the pedestrian,Motorcycle,Woman,52,Driver,Desconegut,Unknown,Commuting,Minor injury: Hospitalization up to 24 hours,426564.88,4582505.32,2.120523649,41.388879819,2023-10-06 16:00:00
2023S005920    ,Sants-Montjuïc,la Marina del Prat Vermell,B-10 (Besòs),Friday,2023,10,October,6,Afternoon,,Not caused by the pedestrian,Bus,Woman,58,Passenger,Desconegut,Unknown,Unknown,Minor injury: Medical assistance at accident site,429180.71,4578306.44,2.152298752,41.351296522,2023-10-06 14:00:00
2023S005922    ,Ciutat Vella,el Barri Gòtic,Laietana,Friday,2023,10,October,6,Afternoon,,Not caused by the pedestrian,Car,Man,41,Driver,Desconegut,Unknown,Other activities,Minor injury: Hospitalization up to 24 hours,431623.87,4581725.79,2.181115732,41.382305011,2023-10-06 16:00:00
2023S005924    ,Nou Barris,la Guineueta,Karl Marx,Saturday,2023,10,October,7,Night,,Not caused by the pedestrian,Car,Woman,19,Passenger,Desconegut,Unknown,Unknown,Minor injury: Hospitalization up to 24 hours,430049.22,4588138.02,2.161543544,41.439922236,2023-10-07 05:00:00
2023S005925    ,Sant Andreu,Sant Andreu,Torras i Bages,Friday,2023,10,October,6,Afternoon,,Not caused by the pedestrian,Motorcycle,Man,10,Passenger,Desconegut,Unknown,Unknown,Minor injury: Hospitalization up to 24 hours,432536.96,4587815.13,2.191355708,41.437227073,2023-10-06 17:00:00
2023S005926    ,Nou Barris,la Trinitat Nova,S'Agaró,Friday,2023,10,October,6,Afternoon,,Not caused by the pedestrian,Car,Woman,33,Passenger,Desconegut,Unknown,Unknown,Minor injury: Medical assistance at accident site,432196.84,4589046.02,2.187146698,41.448284606,2023-10-06 16:00:00
2023S005927    ,Sant Martí,el Clot,València,Friday,2023,10,October,6,Afternoon,,Not caused by the pedestrian,Car,Man,38,Driver,Desconegut,Unknown,Leisure and entertainment,Minor injury: Medical assistance at accident site,432411.1,4585107.29,2.190152196,41.412827821,2023-10-06 20:00:00
2023S005929    ,Sants-Montjuïc,Sants - Badal,Sant Frederic,Friday,2023,10,October,6,Afternoon,,Not caused by the pedestrian,Bus,Woman,78,Passenger,Desconegut,Unknown,Unknown,Minor injury: Hospitalization up to 24 hours,427009.4,4580693.69,2.126058245,41.372603663,2023-10-06 17:00:00
2023S005930    ,Eixample,la Dreta de l'Eixample,Rosselló,Friday,2023,10,October,6,Afternoon,,Disobeying the traffic light signal,Motorcycle,Woman,46,Pedestrian,En pas regulat per semàfor,Unknown,Unknown,Minor injury: Hospitalization up to 24 hours,429914.38,4583230.13,2.160498625,41.395706928,2023-10-06 21:00:00
2023S005931    ,Gràcia,la Salut,Dalt,Friday,2023,10,October,6,Afternoon,,Not caused by the pedestrian,Motorcycle,Man,48,Driver,Desconegut,Unknown,Unknown,Minor injury: Hospitalization up to 24 hours,429663.73,4584912.26,2.157305046,41.410835379,2023-10-06 16:00:00
2023S005933    ,Sant Martí,el Camp de l'Arpa del Clot,Las Navas de Tolosa,Saturday,2023,10,October,7,Morning,,Not caused by the pedestrian,Motorcycle,Woman,30,Driver,Desconegut,Unknown,"Bombers, policia, ambulància",Minor injury: Hospitalization up to 24 hours,432082.43,4585427.32,2.186183984,41.415682509,2023-10-07 08:00:00
2023S005934    ,Nou Barris,Vilapicina i la Torre Llobeta,Escòcia,Saturday,2023,10,October,7,Afternoon,,Not caused by the pedestrian,Motorcycle,Man,37,Driver,Desconegut,Unknown,Unknown,Minor injury: Hospitalization up to 24 hours,431622.86,4586884.34,2.180520536,41.42876641,2023-10-07 14:00:00
2023S005935    ,Horta-Guinardó,el Baix Guinardó,Padilla,Saturday,2023,10,October,7,Morning,,Not caused by the pedestrian,Motorcycle,Woman,55,Passenger,Desconegut,Unknown,Unknown,Minor injury: Hospitalization up to 24 hours,430745.8,4584916.84,2.17025013,41.410970647,2023-10-07 12:00:00
2023S005936    ,Sant Martí,el Camp de l'Arpa del Clot,Sant Antoni Maria Claret,Saturday,2023,10,October,7,Morning,,Not caused by the pedestrian,Car,Woman,62,Passenger,Desconegut,Unknown,Unknown,Minor injury: Hospitalization up to 24 hours,431805.56,4585654.83,2.182845658,41.417708158,2023-10-07 10:00:00
2023S005937    ,Sant Andreu,el Bon Pastor,B-10 (Besòs),Saturday,2023,10,October,7,Morning,,Not caused by the pedestrian,Motorcycle,Man,26,Driver,Desconegut,Unknown,Unknown,Minor injury: Hospitalization up to 24 hours,433526.32,4588858.14,2.203082217,41.446703696,2023-10-07 12:00:00
2023S005938    ,Eixample,la Sagrada Família,Provença,Tuesday,2023,9,September,26,Morning,,Not caused by the pedestrian,Veh. mobilitat personal amb motor,Woman,71,Pedestrian,En pas regulat per semàfor,Unknown,Unknown,Minor injury: Refused medical assistance,431411.04,4584489.24,2.17825742,41.407176467,2023-09-26 12:00:00
2023S005939    ,Horta-Guinardó,Montbau,Dalt (Besòs),Saturday,2023,10,October,7,Morning,,Not caused by the pedestrian,Motorcycle,Man,62,Driver,Desconegut,Unknown,Unknown,Minor injury: Hospitalization up to 24 hours,428854.12,4587575.83,2.147305575,41.434753769,2023-10-07 13:00:00
2023S005940    ,Eixample,el Fort Pienc,Aragó,Saturday,2023,10,October,7,Afternoon,,Not caused by the pedestrian,Motorcycle,Man,55,Driver,Desconegut,Unknown,Unknown,Death (within 24 hours of accident),431148.27,4583665.31,2.175207648,41.399733112,2023-10-07 20:00:00
2023S005941    ,Sant Martí,el Camp de l'Arpa del Clot,Besalú,Saturday,2023,10,October,7,Afternoon,,Not caused by the pedestrian,Motorcycle,Woman,33,Driver,Desconegut,Unknown,Unknown,Minor injury: Hospitalization up to 24 hours,432009.36,4585484.51,2.185303292,41.416191419,2023-10-07 21:00:00
2023S005942    ,Eixample,l'Antiga Esquerra de l'Eixample,Muntaner,Saturday,2023,10,October,7,Afternoon,,Not caused by the pedestrian,Ambulància,Woman,21,Driver,Desconegut,Unknown,"Bombers, policia, ambulància",Minor injury: Hospitalization up to 24 hours,429361.44,4582684.36,2.153948637,41.390742961,2023-10-07 16:00:00
2023S005944    ,Sants-Montjuïc,la Marina del Prat Vermell,Litoral (Llobregat),Saturday,2023,10,October,7,Afternoon,,Not caused by the pedestrian,Motorcycle,Man,24,Driver,Desconegut,Unknown,Leisure and entertainment,Minor injury: Hospitalization up to 24 hours,429190.49,4578374.84,2.152407665,41.351913441,2023-10-07 15:00:00
2023S005945    ,Ciutat Vella,la Barceloneta,Joan Borbó Comte Barcelona,Saturday,2023,10,October,7,Night,,Crossing outside the pedestrian crossing,Car,Man,28,Pedestrian,Fora del pas,Leisure and entertainment,Unknown,Minor injury: Hospitalization up to 24 hours,432111.31,4581656.64,2.186952569,41.381723497,2023-10-07 23:00:00
2023S005946    ,Sants-Montjuïc,el Poble-sec,Espanya,Saturday,2023,10,October,7,Night,,Not caused by the pedestrian,Ciclomotor,Man,22,Driver,Desconegut,Unknown,On a mission,Minor injury: Hospitalization up to 24 hours,429045.14,4580981.92,2.150365152,41.375381806,2023-10-07 23:00:00
2023S005949    ,Ciutat Vella,la Barceloneta,Marítim de la Barceloneta,Saturday,2023,10,October,7,Afternoon,,Not caused by the pedestrian,Taxi,Man,41,Pedestrian,En pas sense regular,Unknown,Unknown,Minor injury: Hospitalization up to 24 hours,432802.19,4581840.92,2.195194,41.383441297,2023-10-07 15:00:00
2023S005950    ,Les Corts,les Corts,Numància,Saturday,2023,10,October,7,Afternoon,,Not caused by the pedestrian,Ciclomotor,Man,23,Driver,Desconegut,Unknown,Unknown,Minor injury: Hospitalization up to 24 hours,427575.97,4582577.49,2.13260725,41.389621548,2023-10-07 17:00:00
2023S005954    ,Horta-Guinardó,Horta,Dalt (Besòs),Saturday,2023,10,October,7,Afternoon,,Not caused by the pedestrian,Motorcycle,Man,22,Driver,Desconegut,Unknown,Other activities,Minor injury: Medical assistance at accident site,429136.59,4587872.79,2.150651358,41.437453351,2023-10-07 21:00:00
2023S005955    ,Unknown,Unknown,Unknown,Sunday,2023,10,October,8,Morning,,Not caused by the pedestrian,Car,Woman,27,Passenger,Desconegut,Unknown,Unknown,Minor injury: Hospitalization up to 24 hours,431358.53,4581040.46,2.178020316,41.376109822,2023-10-08 10:00:00
2023S005956    ,Eixample,la Sagrada Família,Diagonal,Sunday,2023,10,October,8,Night,,Not caused by the pedestrian,Motorcycle,Woman,32,Passenger,Desconegut,Unknown,Unknown,Minor injury: Hospitalization up to 24 hours,431155.38,4583775.88,2.175280115,41.400729591,2023-10-08 00:00:00
2023S005957    ,Nou Barris,Porta,Doctor Pi i Molist,Sunday,2023,10,October,8,Afternoon,,Not caused by the pedestrian,Bus,Woman,37,Passenger,Desconegut,Unknown,Unknown,Minor injury: Hospitalization up to 24 hours,431143.82,4587107.38,2.174762413,41.430734307,2023-10-08 14:00:00
2023S005958    ,Gràcia,la Vila de Gràcia,Sol,Sunday,2023,10,October,8,Afternoon,,Not caused by the pedestrian,Veh. mobilitat personal amb motor,Man,46,Pedestrian,A la vorera / Andana,On a mission,Unknown,Minor injury: Hospitalization up to 24 hours,429626.66,4583905.46,2.156978683,41.401764249,2023-10-08 15:00:00
2023S005959    ,Sant Andreu,la Trinitat Vella,B-10 (Llobregat),Sunday,2023,10,October,8,Morning,,Not caused by the pedestrian,Motorcycle,Woman,18,Passenger,Desconegut,Unknown,Unknown,Minor injury: Hospitalization up to 24 hours,433363.25,4582786.07,2.201799588,41.39200074,2023-10-08 11:00:00
2023S005960    ,Ciutat Vella,"Sant Pere, Santa Caterina i la Ribera",Marquès de l'Argentera,Sunday,2023,10,October,8,Afternoon,,Not caused by the pedestrian,Motorcycle,Man,27,Driver,Desconegut,Unknown,Other activities,Minor injury: Hospitalization up to 24 hours,431980.12,4582060.67,2.185338356,41.385351403,2023-10-08 19:00:00
2023S005961    ,Horta-Guinardó,la Vall d'Hebron,Dalt (Llobregat),Sunday,2023,10,October,8,Afternoon,,Not caused by the pedestrian,Car,Woman,27,Driver,Desconegut,Unknown,Other activities,Minor injury: Hospitalization up to 24 hours,428543.18,4586839.61,2.143671306,41.428095331,2023-10-08 20:00:00
2023S005962    ,Sant Andreu,el Congrés i els Indians,Cep,Sunday,2023,10,October,8,Morning,,Not caused by the pedestrian,Car,Man,36,Driver,Desconegut,Unknown,Unknown,Minor injury: Hospitalization up to 24 hours,431693.64,4586464.35,2.181415043,41.424989727,2023-10-08 11:00:00
2023S005963    ,Eixample,Sant Antoni,Aldana,Sunday,2023,10,October,8,Afternoon,,Not caused by the pedestrian,Motorcycle,Man,10,Pedestrian,En pas regulat per semàfor,Unknown,Unknown,Minor injury: Hospitalization up to 24 hours,430308.62,4580923.32,2.165479612,41.374964485,2023-10-08 18:00:00
2023S005965    ,Ciutat Vella,el Raval,Sant Antoni,Saturday,2023,10,October,7,Afternoon,,Not caused by the pedestrian,Bicicleta,Man,42,Driver,Desconegut,Unknown,Leisure and entertainment,Minor injury: Hospitalization up to 24 hours,430180.58,4581946.73,2.163830648,41.384170924,2023-10-07 19:00:00
2023S005966    ,Eixample,la Dreta de l'Eixample,Roger de Llúria,Sunday,2023,10,October,8,Morning,,Not caused by the pedestrian,Bicicleta,Woman,2,Passenger,Desconegut,Unknown,Unknown,Minor injury: Refused medical assistance,430258.01,4583281.76,2.16460282,41.396201834,2023-10-08 12:00:00
2023S005967    ,Les Corts,les Corts,Diagonal,Sunday,2023,10,October,8,Afternoon,,Not caused by the pedestrian,Veh. mobilitat personal amb motor,Man,29,Driver,Desconegut,Unknown,Unknown,Minor injury: Hospitalization up to 24 hours,428614.3,4582926.6,2.144984276,41.392858727,2023-10-08 16:00:00
2023S005969    ,Eixample,Sant Antoni,Sant Pau,Sunday,2023,10,October,8,Afternoon,,Not caused by the pedestrian,Motorcycle,Woman,32,Driver,Desconegut,Unknown,Unknown,Minor injury: Medical assistance at accident site,430117.18,4581336.01,2.163142926,41.378664849,2023-10-08 20:00:00