Case_Number,District_Name,Neighborhood_Name,Street_Name,Day_of_Week,Year,Month_Code,Month_Name,Day_of_Month,Shift_Description,Hour_of_Day,Pedestrian_Cause_Description,Involved_Vehicle_Type,Gender_Description,Age,Person_Type_Description,Pedestrian_Accident_Location_Description,Pedestrian_Movement_Reason_Description,Driver_Movement_Reason_Description,Victimization_Description,UTM_X_Coordinate,UTM_Y_Coordinate,Longitude,Latitude,datetime
2023S006456    ,Sarrià-Sant Gervasi,Sarrià,Benet Mateu,Tuesday,2023,10,October,31,Afternoon,,Not caused by the pedestrian,Bicicleta,Man,60,Driver,Desconegut,Unknown,Unknown,Minor injury: Hospitalization up to 24 hours,427018.13,4583156.98,2.125865765,41.394790327,2023-10-31 20:00:00
2023S006457    ,Les Corts,les Corts,Carles III,Tuesday,2023,10,October,31,Afternoon,,Not caused by the pedestrian,Bicicleta,Man,62,Driver,Desconegut,Unknown,Unknown,Minor injury: Hospitalization up to 24 hours,427256.75,4582543.5,2.128793545,41.389286592,2023-10-31 19:00:00
2023S006458    ,Eixample,l'Antiga Esquerra de l'Eixample,Provença,Tuesday,2023,10,October,31,Afternoon,,Not caused by the pedestrian,Bicicleta,Man,20,Driver,Desconegut,Unknown,Unknown,Minor injury: Medical assistance at accident site,429263.55,4582400.41,2.152811049,41.388176913,2023-10-31 16:00:00
2023S006460    ,Eixample,l'Antiga Esquerra de l'Eixample,Còrsega,Tuesday,2023,10,October,31,Afternoon,,Not caused by the pedestrian,Ciclomotor,Woman,24,Driver,Desconegut,Unknown,Unknown,Minor injury: Hospitalization up to 24 hours,429039.96,4582574.34,2.150116629,41.389723736,2023-10-31 14:00:00
2023S006461    ,Les Corts,les Corts,Reina Maria Cristina,Tuesday,2023,10,October,31,Afternoon,,Not caused by the pedestrian,Motorcycle,Woman,31,Driver,Desconegut,Unknown,Commuting,Minor injury: Hospitalization up to 24 hours,427207.0,4582445.17,2.128210374,41.38839647,2023-10-31 14:00:00
2023S006462    ,Les Corts,les Corts,Diagonal,Wednesday,2023,11,November,1,Morning,,Not caused by the pedestrian,Ciclomotor,Man,23,Passenger,Desconegut,Unknown,Unknown,Minor injury: Hospitalization up to 24 hours,427253.12,4582427.17,2.12876411,41.388238526,2023-11-01 06:00:00
2023S006464    ,Nou Barris,Porta,Valldaura,Tuesday,2023,10,October,31,Afternoon,,Not caused by the pedestrian,Motorcycle,Man,35,Driver,Desconegut,Unknown,Leisure and entertainment,Minor injury: Hospitalization up to 24 hours,431735.72,4588048.32,2.181739593,41.439259578,2023-10-31 21:00:00
2023S006465    ,Sants-Montjuïc,Sants,Sants,Tuesday,2023,10,October,31,Afternoon,,Crossing outside the pedestrian crossing,Motorcycle,Man,24,Driver,Fora del pas,Unknown,Unknown,Minor injury: Hospitalization up to 24 hours,428050.37,4580976.12,2.138471208,41.375241195,2023-10-31 21:00:00
2023S006466    ,Eixample,la Nova Esquerra de l'Eixample,Aragó,Wednesday,2023,11,November,1,Morning,,Not caused by the pedestrian,Furgoneta,Man,32,Passenger,Desconegut,Unknown,Unknown,Minor injury: Medical assistance at accident site,428970.85,4581553.16,2.14940987,41.380520217,2023-11-01 09:00:00
2023S006467    ,Sant Martí,el Parc i la Llacuna del Poblenou,Diagonal,Monday,2023,10,October,30,Morning,,Not caused by the pedestrian,Ciclomotor,Man,66,Driver,Desconegut,Unknown,Unknown,Minor injury: Refused medical assistance,432278.76,4584102.02,2.188681418,41.403762501,2023-10-30 12:00:00
2023S006468    ,Sant Martí,Sant Martí de Provençals,Espronceda,Wednesday,2023,11,November,1,Morning,,Not caused by the pedestrian,Motorcycle,Man,58,Driver,Desconegut,Unknown,Leisure and entertainment,Minor injury: Hospitalization up to 24 hours,432695.3,4585200.75,2.193542015,41.413693452,2023-11-01 12:00:00
2023S006469    ,Sant Martí,Diagonal Mar i el Front Marítim del Poblenou,Litoral,Wednesday,2023,11,November,1,Afternoon,,Not caused by the pedestrian,Motorcycle,Woman,40,Driver,Desconegut,Unknown,Unknown,Minor injury: Hospitalization up to 24 hours,434417.83,4583948.44,2.214286835,41.402556688,2023-11-01 14:00:00
2023S006470    ,Sants-Montjuïc,Sants,Sant Antoni,Wednesday,2023,11,November,1,Morning,,Not caused by the pedestrian,Bus,Woman,67,Passenger,Desconegut,Unknown,Unknown,Minor injury: Hospitalization up to 24 hours,428334.0,4581417.71,2.141810369,41.379243764,2023-11-01 11:00:00
2023S006471    ,Sant Andreu,la Sagrera,Vallès i Ribot,Wednesday,2023,11,November,1,Afternoon,,Not caused by the pedestrian,Bicicleta,Woman,28,Driver,Desconegut,Unknown,Leisure and entertainment,Minor injury: Hospitalization up to 24 hours,432317.88,4586209.49,2.188913493,41.422747149,2023-11-01 17:00:00
2023S006472    ,Gràcia,el Camp d'en Grassot i Gràcia Nova,Ca l'Alegre de Dalt,Tuesday,2023,10,October,31,Afternoon,,Not caused by the pedestrian,Motorcycle,Man,34,Driver,Desconegut,Unknown,Unknown,Minor injury: Hospitalization up to 24 hours,430043.11,4584652.72,2.161873866,41.408530923,2023-10-31 20:00:00
2023S006474    ,Nou Barris,la Guineueta,República,Wednesday,2023,11,November,1,Night,,Others,Car,Woman,33,Pedestrian,En pas regulat per semàfor,Leisure and entertainment,Unknown,Minor injury: Hospitalization up to 24 hours,431123.14,4587928.91,2.174421247,41.438131754,2023-11-01 23:00:00
2023S006475    ,Unknown,Unknown,Unknown,Wednesday,2023,11,November,1,Afternoon,,Not caused by the pedestrian,Motorcycle,Man,26,Driver,Desconegut,Unknown,Leisure and entertainment,Minor injury: Hospitalization up to 24 hours,426623.16,4581757.35,2.12131129,41.382148484,2023-11-01 19:00:00
2023S006477    ,Sant Martí,el Besòs i el Maresme,Litoral (Llobregat),Thursday,2023,11,November,2,Morning,,Not caused by the pedestrian,Motorcycle,Man,27,Driver,Desconegut,Unknown,Commuting,Serious injury: Hospitalization over 24 hours,435085.59,4584918.92,2.222170678,41.411351817,2023-11-02 08:00:00
2023S006478    ,Ciutat Vella,el Raval,Pintor Fortuny,Thursday,2023,11,November,2,Morning,,Not caused by the pedestrian,Bicicleta,Woman,27,Driver,Desconegut,Unknown,Commuting,Minor injury: Hospitalization up to 24 hours,430749.65,4581873.96,2.170644399,41.38356472,2023-11-02 09:00:00
2023S006479    ,Eixample,la Nova Esquerra de l'Eixample,Aragó,Thursday,2023,11,November,2,Morning,,Not caused by the pedestrian,Motorcycle,Woman,27,Driver,Desconegut,Unknown,Commuting,Minor injury: Medical assistance at accident site,429336.34,4581897.74,2.153740246,41.383655935,2023-11-02 09:00:00
2023S006480    ,Sant Martí,Diagonal Mar i el Front Marítim del Poblenou,Litoral (Llobregat),Thursday,2023,11,November,2,Morning,,Not caused by the pedestrian,Motorcycle,Man,25,Driver,Desconegut,Unknown,Unknown,Minor injury: Refused medical assistance,434371.96,4583978.79,2.213734829,41.402826298,2023-11-02 08:00:00
2023S006481    ,Sant Martí,Diagonal Mar i el Front Marítim del Poblenou,Litoral,Thursday,2023,11,November,2,Morning,,Not caused by the pedestrian,Motorcycle,Man,31,Driver,Desconegut,Unknown,Commuting,Minor injury: Hospitalization up to 24 hours,434417.83,4583948.44,2.214286835,41.402556688,2023-11-02 09:00:00
2023S006482    ,Sarrià-Sant Gervasi,Sarrià,Carroç,Tuesday,2023,10,October,10,Afternoon,,Not caused by the pedestrian,Motorcycle,Woman,62,Driver,Desconegut,Unknown,Commuting,Minor injury: Hospitalization up to 24 hours,425450.27,4584670.26,2.106926717,41.408275836,2023-10-10 14:00:00
2023S006483    ,Sants-Montjuïc,Sants,Berlín,Thursday,2023,11,November,2,Morning,,Not caused by the pedestrian,Motorcycle,Man,61,Driver,Desconegut,Unknown,Unknown,Minor injury: Hospitalization up to 24 hours,428108.47,4581859.44,2.139061078,41.383202135,2023-11-02 12:00:00
2023S006484    ,Ciutat Vella,"Sant Pere, Santa Caterina i la Ribera",Almogàvers,Tuesday,2023,10,October,31,Morning,,Not caused by the pedestrian,Ciclomotor,Woman,21,Driver,Desconegut,Unknown,Unknown,Minor injury: Hospitalization up to 24 hours,431736.83,4582736.66,2.182352601,41.39141924,2023-10-31 13:00:00
2023S006485    ,Gràcia,la Vila de Gràcia,Torrent de l'Olla,Thursday,2023,11,November,2,Morning,,Not caused by the pedestrian,Motorcycle,Man,41,Driver,Desconegut,Unknown,Leisure and entertainment,Minor injury: Hospitalization up to 24 hours,429883.69,4583657.9,2.160081979,41.39955703,2023-11-02 13:00:00
2023S006486    ,Unknown,Unknown,Unknown,Thursday,2023,11,November,2,Afternoon,,Not caused by the pedestrian,Bicicleta,Woman,60,Pedestrian,En pas regulat per semàfor,Unknown,Unknown,Minor injury: Hospitalization up to 24 hours,426883.33,4583690.92,2.124188957,41.399587047,2023-11-02 14:00:00
2023S006487    ,Ciutat Vella,el Raval,Drassanes,Thursday,2023,11,November,2,Afternoon,,Not caused by the pedestrian,Car,Woman,30,Passenger,Desconegut,Unknown,Unknown,Minor injury: Hospitalization up to 24 hours,431214.13,4580892.36,2.176310481,41.374763588,2023-11-02 15:00:00
2023S006489    ,Sant Martí,Diagonal Mar i el Front Marítim del Poblenou,Llull,Thursday,2023,11,November,2,Afternoon,,Not caused by the pedestrian,Car,Woman,27,Passenger,Desconegut,Unknown,Unknown,Minor injury: Hospitalization up to 24 hours,434268.17,4584668.01,2.212418352,41.409025456,2023-11-02 15:00:00
2023S006490    ,Sant Andreu,el Bon Pastor,Sant Adrià,Thursday,2023,11,November,2,Afternoon,,Not caused by the pedestrian,Car,Woman,32,Pedestrian,En pas sense regular,Commuting,Unknown,Minor injury: Hospitalization up to 24 hours,433778.71,4587716.11,2.206228692,41.436438654,2023-11-02 19:00:00
2023S006491    ,Ciutat Vella,el Raval,Sant Antoni,Thursday,2023,11,November,2,Afternoon,,Not caused by the pedestrian,Autobús articulat,Woman,67,Passenger,Desconegut,Unknown,Unknown,Minor injury: Hospitalization up to 24 hours,430208.64,4582046.49,2.164154715,41.385071867,2023-11-02 18:00:00
2023S006492    ,Les Corts,Pedralbes,Dalt (Besòs),Thursday,2023,11,November,2,Afternoon,,Not caused by the pedestrian,Motorcycle,Man,39,Driver,Desconegut,Unknown,Unknown,Minor injury: Hospitalization up to 24 hours,425327.79,4582270.67,2.105757561,41.386652481,2023-11-02 19:00:00
2023S006494    ,Horta-Guinardó,Horta,Dante Alighieri,Thursday,2023,11,November,2,Night,,Not caused by the pedestrian,Motorcycle,Woman,54,Driver,Desconegut,Unknown,Leisure and entertainment,Minor injury: Refused medical assistance,429867.28,4586835.89,2.159517079,41.42817859,2023-11-02 22:00:00
2023S006495    ,Eixample,la Nova Esquerra de l'Eixample,Corts Catalanes,Thursday,2023,11,November,2,Night,,Not caused by the pedestrian,Veh. mobilitat personal amb motor,Woman,29,Driver,Desconegut,Unknown,Unknown,Serious injury: Hospitalization over 24 hours,429554.17,4581580.3,2.15638214,41.38081597,2023-11-02 23:00:00
2023S006496    ,Sant Andreu,Sant Andreu,Bascònia,Thursday,2023,11,November,2,Afternoon,,Not caused by the pedestrian,Motorcycle,Woman,49,Driver,Desconegut,Unknown,Unknown,Minor injury: Hospitalization up to 24 hours,432174.37,4587732.73,2.187025248,41.436454362,2023-11-02 16:00:00
2023S006497    ,Eixample,l'Antiga Esquerra de l'Eixample,Balmes,Friday,2023,11,November,3,Morning,,Not caused by the pedestrian,Motorcycle,Man,51,Driver,Desconegut,Unknown,Unknown,Minor injury: Hospitalization up to 24 hours,429929.89,4582678.07,2.160748048,41.39073606,2023-11-03 08:00:00
2023S006498    ,Sant Andreu,la Trinitat Vella,Dalt (Llobregat),Friday,2023,11,November,3,Morning,,Not caused by the pedestrian,Motorcycle,Man,41,Driver,Desconegut,Unknown,Unknown,Minor injury: Hospitalization up to 24 hours,432719.94,4588904.37,2.193424358,41.447052854,2023-11-03 10:00:00
2023S006499    ,Ciutat Vella,la Barceloneta,Marítim de la Barceloneta,Friday,2023,11,November,3,Morning,,Not caused by the pedestrian,Bicicleta,Man,72,Driver,Desconegut,Unknown,Unknown,Minor injury: Hospitalization up to 24 hours,432534.07,4581338.0,2.19204363,41.378889165,2023-11-03 09:00:00
2023S006500    ,Gràcia,el Camp d'en Grassot i Gràcia Nova,Còrsega,Friday,2023,11,November,3,Morning,,Disobeying the traffic light signal,Motorcycle,Man,41,Driver,Desconegut,Unknown,Unknown,Minor injury: Hospitalization up to 24 hours,430411.16,4583904.05,2.16636309,41.401819871,2023-11-03 11:00:00
2023S006501    ,Eixample,Sant Antoni,Comte d'Urgell,Friday,2023,11,November,3,Morning,,Not caused by the pedestrian,Furgoneta,Woman,78,Pedestrian,En pas regulat per semàfor,Unknown,Unknown,Minor injury: Hospitalization up to 24 hours,430029.45,4581426.92,2.162083363,41.379476019,2023-11-03 11:00:00
2023S006503    ,Sants-Montjuïc,Hostafrancs,Elisi,Friday,2023,11,November,3,Morning,,Not caused by the pedestrian,Motorcycle,Man,45,Driver,Desconegut,Unknown,Unknown,Minor injury: Hospitalization up to 24 hours,428585.98,4581366.46,2.144829559,41.378804588,2023-11-03 11:00:00
2023S006505    ,Horta-Guinardó,Horta,Dalt (Llobregat),Friday,2023,11,November,3,Morning,,Not caused by the pedestrian,Car,Woman,96,Passenger,Desconegut,Unknown,Unknown,Minor injury: Hospitalization up to 24 hours,429398.22,4587988.75,2.153769143,41.438520813,2023-11-03 11:00:00
2023S006506    ,Gràcia,el Camp d'en Grassot i Gràcia Nova,Camèlies,Friday,2023,11,November,3,Morning,,Not caused by the pedestrian,Veh. mobilitat personal amb motor,Man,19,Driver,Desconegut,Unknown,Leisure and entertainment,Minor injury: Hospitalization up to 24 hours,429927.96,4585014.77,2.160454342,41.411781742,2023-11-03 12:00:00
2023S006507    ,Gràcia,el Camp d'en Grassot i Gràcia Nova,Providència,Friday,2023,11,November,3,Morning,,Not caused by the pedestrian,Taxi,Man,63,Pedestrian,En pas sense regular,Unknown,Unknown,Minor injury: Hospitalization up to 24 hours,429987.84,4584711.0,2.161205907,41.409051016,2023-11-03 11:00:00
2023S006510    ,Ciutat Vella,"Sant Pere, Santa Caterina i la Ribera",Picasso,Friday,2023,11,November,3,Morning,,Not caused by the pedestrian,Motorcycle,Man,37,Driver,Desconegut,Unknown,Unknown,Minor injury: Hospitalization up to 24 hours,431869.11,4582242.95,2.183990263,41.386983751,2023-11-03 13:00:00
2023S006511    ,Eixample,la Sagrada Família,Lepant,Friday,2023,11,November,3,Afternoon,,Not caused by the pedestrian,Veh. mobilitat personal amb motor,Woman,52,Driver,Desconegut,Unknown,Commuting,Minor injury: Hospitalization up to 24 hours,431557.65,4583899.32,2.180078076,41.401875741,2023-11-03 14:00:00
2023S006512    ,Eixample,l'Antiga Esquerra de l'Eixample,Rosselló,Friday,2023,11,November,3,Afternoon,,Not caused by the pedestrian,Motorcycle,Woman,25,Driver,Desconegut,Unknown,Commuting,Minor injury: Hospitalization up to 24 hours,429361.44,4582684.36,2.153948637,41.390742961,2023-11-03 14:00:00
2023S006513    ,Sants-Montjuïc,la Marina del Prat Vermell,Mare de Déu de Port,Friday,2023,11,November,3,Afternoon,,Not caused by the pedestrian,Motorcycle,Man,50,Driver,Desconegut,Unknown,Unknown,Minor injury: Hospitalization up to 24 hours,429174.59,4578380.27,2.15221698,41.351960949,2023-11-03 15:00:00
2023S006514    ,Eixample,el Fort Pienc,Marina,Friday,2023,11,November,3,Afternoon,,Not caused by the pedestrian,Motorcycle,Man,44,Driver,Desconegut,Unknown,Leisure and entertainment,Minor injury: Hospitalization up to 24 hours,431452.23,4583798.16,2.178828488,41.400955638,2023-11-03 14:00:00
2023S006515    ,Sants-Montjuïc,la Marina del Prat Vermell,Litoral (Besòs),Friday,2023,11,November,3,Afternoon,,Not caused by the pedestrian,Motorcycle,Man,31,Driver,Desconegut,Unknown,Commuting,Minor injury: Medical assistance at accident site,430613.07,4579536.42,2.169278766,41.362499379,2023-11-03 17:00:00
2023S006516    ,Nou Barris,Canyelles,Dalt (Besòs),Friday,2023,11,November,3,Afternoon,,Not caused by the pedestrian,Motorcycle,Man,56,Driver,Desconegut,Unknown,Leisure and entertainment,Minor injury: Hospitalization up to 24 hours,430193.41,4588185.01,2.163263932,41.440358012,2023-11-03 16:00:00
2023S006517    ,Sants-Montjuïc,la Marina del Prat Vermell,Transversal 2,Friday,2023,11,November,3,Afternoon,,Not caused by the pedestrian,"Camió rígid <= 3,5 tones",Man,57,Pedestrian,Fora del pas,Unknown,Unknown,Minor injury: Hospitalization up to 24 hours,426173.15,4576467.9,2.116573923,41.33446724,2023-11-03 14:00:00
2023S006518    ,Gràcia,Vallcarca i els Penitents,Vallcarca,Friday,2023,11,November,3,Afternoon,,Not caused by the pedestrian,Motorcycle,Woman,49,Driver,Desconegut,Unknown,Unknown,Minor injury: Medical assistance at accident site,428999.48,4584614.21,2.149393149,41.408092522,2023-11-03 16:00:00
2023S006519    ,Sants-Montjuïc,el Poble-sec,Francesc Ferrer i Guàrdia,Friday,2023,11,November,3,Afternoon,,Not caused by the pedestrian,Motorcycle,Man,54,Driver,Desconegut,Unknown,Unknown,Minor injury: Hospitalization up to 24 hours,429128.42,4580567.28,2.151409448,41.37165462,2023-11-03 15:00:00
2023S006520    ,Eixample,la Sagrada Família,Còrsega,Friday,2023,11,November,3,Afternoon,,Not caused by the pedestrian,Veh. mobilitat personal amb motor,Man,18,Driver,Desconegut,Unknown,Other activities,Minor injury: Medical assistance at accident site,431016.47,4584514.42,2.173534269,41.407369472,2023-11-03 18:00:00
2023S006521    ,Horta-Guinardó,Montbau,Dalt (Besòs),Friday,2023,11,November,3,Afternoon,,Not caused by the pedestrian,Motorcycle,Man,54,Driver,Desconegut,Unknown,Commuting,Minor injury: Hospitalization up to 24 hours,428441.28,4586554.86,2.142485606,41.425521633,2023-11-03 20:00:00
2023S006522    ,Sants-Montjuïc,la Marina del Prat Vermell,Número 5 Zona Franca,Friday,2023,11,November,3,Afternoon,,Not caused by the pedestrian,Motorcycle,Man,26,Driver,Desconegut,Unknown,Commuting,Minor injury: Hospitalization up to 24 hours,427046.0,4575468.09,2.127124275,41.325541793,2023-11-03 19:00:00
2023S006523    ,Eixample,la Dreta de l'Eixample,Diagonal,Friday,2023,11,November,3,Afternoon,,Not caused by the pedestrian,Motorcycle,Man,27,Driver,Desconegut,Unknown,Leisure and entertainment,Minor injury: Hospitalization up to 24 hours,429996.53,4583374.37,2.161464532,41.397013209,2023-11-03 19:00:00
2023S006524    ,Horta-Guinardó,Horta,Dalt (Llobregat),Friday,2023,11,November,3,Night,,Not caused by the pedestrian,Motorcycle,Man,45,Driver,Desconegut,Unknown,Leisure and entertainment,Minor injury: Medical assistance at accident site,429782.41,4588099.56,2.158354551,41.43955254,2023-11-03 23:00:00
2023S006525    ,Sant Andreu,la Sagrera,Berenguer de Palou,Saturday,2023,11,November,4,Night,,Not caused by the pedestrian,Car,Man,28,Passenger,Desconegut,Unknown,Unknown,Minor injury: Hospitalization up to 24 hours,432554.05,4586337.91,2.191725172,41.423923661,2023-11-04 02:00:00
2023S006526    ,Sants-Montjuïc,la Bordeta,Constitució,Saturday,2023,11,November,4,Night,,Not caused by the pedestrian,Motorcycle,Man,41,Driver,Desconegut,Unknown,Leisure and entertainment,Minor injury: Hospitalization up to 24 hours,427949.35,4580391.97,2.13733276,41.36997092,2023-11-04 02:00:00
2023S006527    ,Les Corts,les Corts,Reina Maria Cristina,Saturday,2023,11,November,4,Night,,Not caused by the pedestrian,Taxi,Woman,39,Passenger,Desconegut,Unknown,Unknown,Minor injury: Hospitalization up to 24 hours,427207.0,4582445.17,2.128210374,41.38839647,2023-11-04 05:00:00
2023S006528    ,Les Corts,les Corts,Corts,Friday,2023,11,November,3,Afternoon,,Not caused by the pedestrian,Motorcycle,Woman,37,Driver,Desconegut,Unknown,Unknown,Minor injury: Medical assistance at accident site,427274.86,4581827.27,2.129096158,41.38283743,2023-11-03 14:00:00
2023S006529    ,Nou Barris,la Trinitat Nova,Dalt (Besòs),Friday,2023,11,November,3,Afternoon,,Not caused by the pedestrian,Car,Woman,52,Passenger,Desconegut,Unknown,Unknown,Minor injury: Hospitalization up to 24 hours,432217.32,4588883.98,2.187410054,41.4468269,2023-11-03 19:00:00
2023S006530    ,Eixample,la Nova Esquerra de l'Eixample,Josep Tarradellas,Friday,2023,11,November,3,Afternoon,,Not caused by the pedestrian,Ciclomotor,Man,53,Driver,Desconegut,Unknown,Unknown,Minor injury: Hospitalization up to 24 hours,428409.41,4582129.0,2.142628031,41.385656815,2023-11-03 19:00:00
2023S006531    ,Sants-Montjuïc,Sants,Numància,Tuesday,2023,10,October,31,Morning,,Not caused by the pedestrian,Car,Woman,41,Driver,Desconegut,Unknown,Leisure and entertainment,Minor injury: Hospitalization up to 24 hours,428138.43,4581805.31,2.13942578,41.382717284,2023-10-31 09:00:00
2023S006532    ,Sant Andreu,Navas,Felip II,Saturday,2023,11,November,4,Morning,,Not caused by the pedestrian,Veh. mobilitat personal amb motor,Woman,69,Pedestrian,En pas regulat per semàfor,Unknown,Unknown,Minor injury: Hospitalization up to 24 hours,432327.94,4585764.31,2.189083714,41.418738399,2023-11-04 10:00:00
2023S006533    ,Horta-Guinardó,la Vall d'Hebron,Dalt (Llobregat),Saturday,2023,11,November,4,Morning,,Not caused by the pedestrian,Car,Woman,30,Passenger,Desconegut,Unknown,Unknown,Minor injury: Refused medical assistance,428543.18,4586839.61,2.143671306,41.428095331,2023-11-04 12:00:00
2023S006535    ,Gràcia,la Salut,Dalt,Saturday,2023,11,November,4,Afternoon,,Not caused by the pedestrian,Motorcycle,Man,35,Driver,Desconegut,Unknown,On a mission,Minor injury: Medical assistance at accident site,429512.89,4584781.74,2.155515652,41.409646612,2023-11-04 15:00:00
2023S006536    ,Eixample,la Dreta de l'Eixample,Diagonal,Saturday,2023,11,November,4,Afternoon,,Not caused by the pedestrian,Motorcycle,Woman,40,Driver,Desconegut,Unknown,Leisure and entertainment,Minor injury: Hospitalization up to 24 hours,430278.77,4583465.06,2.164830013,41.397854559,2023-11-04 15:00:00
2023S006537    ,Eixample,la Nova Esquerra de l'Eixample,Mallorca,Saturday,2023,11,November,4,Afternoon,,Not caused by the pedestrian,Motorcycle,Man,40,Driver,Desconegut,Unknown,Leisure and entertainment,Minor injury: Hospitalization up to 24 hours,429111.09,4582080.84,2.151025111,41.385285227,2023-11-04 18:00:00
2023S006538    ,Eixample,la Sagrada Família,Rosselló,Saturday,2023,11,November,4,Afternoon,,Not caused by the pedestrian,Motorcycle,Man,47,Driver,Desconegut,Unknown,Leisure and entertainment,Minor injury: Hospitalization up to 24 hours,430793.62,4584087.64,2.170917114,41.403506438,2023-11-04 17:00:00
2023S006539    ,Eixample,l'Antiga Esquerra de l'Eixample,Diputació,Saturday,2023,11,November,4,Afternoon,,Disobeying the traffic light signal,Bicicleta,Woman,54,Pedestrian,En pas regulat per semàfor,Unknown,Unknown,Minor injury: Medical assistance at accident site,429887.54,4582093.8,2.160309201,41.385470037,2023-11-04 20:00:00
2023S006540    ,Eixample,la Dreta de l'Eixample,Casp,Saturday,2023,11,November,4,Afternoon,,Not caused by the pedestrian,Ciclomotor,Man,49,Driver,Desconegut,Unknown,Leisure and entertainment,Minor injury: Hospitalization up to 24 hours,431085.84,4582832.69,2.174555689,41.392228606,2023-11-04 15:00:00
2023S006541    ,Sants-Montjuïc,Sants - Badal,Jaume Roig,Saturday,2023,11,November,4,Afternoon,,Not caused by the pedestrian,Bus,Woman,32,Passenger,Desconegut,Unknown,Unknown,Minor injury: Medical assistance at accident site,426948.76,4581205.82,2.125271446,41.377210716,2023-11-04 19:00:00
2023S006542    ,Sant Martí,el Clot,Aragó,Sunday,2023,11,November,5,Night,,Not caused by the pedestrian,Motorcycle,Man,46,Driver,Desconegut,Unknown,Leisure and entertainment,Minor injury: Medical assistance at accident site,432452.27,4585012.66,2.190655333,41.41197898,2023-11-05 02:00:00
2023S006543    ,Sarrià-Sant Gervasi,les Tres Torres,Vergós,Sunday,2023,11,November,5,Night,,Not caused by the pedestrian,Motorcycle,Woman,45,Driver,Desconegut,Unknown,Unknown,Minor injury: Medical assistance at accident site,427047.2,4583369.73,2.126187818,41.396709116,2023-11-05 00:00:00
2023S006544    ,Horta-Guinardó,la Vall d'Hebron,Dalt (Llobregat),Saturday,2023,11,November,4,Night,,Not caused by the pedestrian,Car,Man,38,Driver,Desconegut,Unknown,Leisure and entertainment,Minor injury: Hospitalization up to 24 hours,428677.38,4587217.83,2.145232607,41.431513732,2023-11-04 23:00:00
2023S006546    ,Eixample,l'Antiga Esquerra de l'Eixample,París,Thursday,2023,11,November,2,Night,,Not caused by the pedestrian,Motorcycle,Man,57,Driver,Desconegut,Unknown,Unknown,Minor injury: Medical assistance at accident site,429173.98,4582876.38,2.151684146,41.392455923,2023-11-02 22:00:00
2023S006547    ,Sant Martí,el Poblenou,Litoral (Besòs),Sunday,2023,11,November,5,Morning,,Not caused by the pedestrian,Car,Woman,25,Passenger,Desconegut,Unknown,Unknown,Minor injury: Refused medical assistance,433600.12,4582986.31,2.204610681,41.393823857,2023-11-05 06:00:00
2023S006548    ,Sants-Montjuïc,la Marina de Port,Corts Catalanes,Sunday,2023,11,November,5,Night,,Not caused by the pedestrian,Car,Woman,40,Passenger,Desconegut,Unknown,Unknown,Minor injury: Hospitalization up to 24 hours,427857.18,4579829.6,2.1362977,41.364897589,2023-11-05 00:00:00
2023S006552    ,Les Corts,la Maternitat i Sant Ramon,Blanca,Sunday,2023,11,November,5,Afternoon,,Disobeying the traffic light signal,Veh. mobilitat personal amb motor,Woman,76,Pedestrian,En pas regulat per semàfor,Leisure and entertainment,Unknown,Minor injury: Hospitalization up to 24 hours,426626.85,4581292.09,2.121411776,41.377958412,2023-11-05 14:00:00
2023S006553    ,Nou Barris,Canyelles,Dalt (Besòs),Sunday,2023,11,November,5,Morning,,Not caused by the pedestrian,Motorcycle,Man,17,Passenger,Desconegut,Unknown,Unknown,Minor injury: Hospitalization up to 24 hours,430808.39,4588463.43,2.170592827,41.442918895,2023-11-05 13:00:00
2023S006554    ,Nou Barris,Porta,Pintor Alsamora,Sunday,2023,11,November,5,Afternoon,,Not caused by the pedestrian,Car,Woman,35,Passenger,Desconegut,Unknown,Unknown,Minor injury: Hospitalization up to 24 hours,431788.2,4587509.78,2.182428552,41.4344136,2023-11-05 14:00:00
2023S006555    ,Sant Martí,la Vila Olímpica del Poblenou,Doctor Trueta,Sunday,2023,11,November,5,Afternoon,,Not caused by the pedestrian,Motorcycle,Woman,39,Driver,Desconegut,Unknown,Leisure and entertainment,Minor injury: Medical assistance at accident site,432592.28,4582626.29,2.19259629,41.390497358,2023-11-05 17:00:00
2023S006556    ,Sant Martí,el Clot,Independència,Sunday,2023,11,November,5,Afternoon,,Disobeying the traffic light signal,Motorcycle,Man,55,Pedestrian,En pas regulat per semàfor,Unknown,Unknown,Minor injury: Hospitalization up to 24 hours,431961.38,4584443.97,2.184846297,41.40681553,2023-11-05 18:00:00
2023S006558    ,Eixample,l'Antiga Esquerra de l'Eixample,París,Sunday,2023,11,November,5,Afternoon,,Not caused by the pedestrian,Motorcycle,Woman,65,Passenger,Desconegut,Unknown,Unknown,Minor injury: Medical assistance at accident site,428983.64,4582689.63,2.149429527,41.390757138,2023-11-05 17:00:00