Case_Number,District_Name,Neighborhood_Name,Street_Name,Day_of_Week,Year,Month_Code,Month_Name,Day_of_Month,Shift_Description,Hour_of_Day,Pedestrian_Cause_Description,Involved_Vehicle_Type,Gender_Description,Age,Person_Type_Description,Pedestrian_Accident_Location_Description,Pedestrian_Movement_Reason_Description,Driver_Movement_Reason_Description,Victimization_Description,UTM_X_Coordinate,UTM_Y_Coordinate,Longitude,Latitude,datetime
2023S006652    ,Les Corts,les Corts,Madrid,Thursday,2023,11,November,9,Morning,,Not caused by the pedestrian,Motorcycle,Woman,26,Driver,Desconegut,Unknown,Leisure and entertainment,Minor injury: Hospitalization up to 24 hours,427314.39,4581452.33,2.129613873,41.379464064,2023-11-09 10:00:00
2023S006653    ,Eixample,la Sagrada Família,Aragó,Thursday,2023,11,November,9,Morning,,Not caused by the pedestrian,Ciclomotor,Woman,23,Driver,Desconegut,Unknown,Leisure and entertainment,Minor injury: Hospitalization up to 24 hours,431629.49,4584143.2,2.180909874,41.404078411,2023-11-09 08:00:00
2023S006654    ,Les Corts,la Maternitat i Sant Ramon,Diagonal,Wednesday,2023,11,November,8,Morning,,Not caused by the pedestrian,Furgoneta,Man,35,Driver,Desconegut,Unknown,Unknown,Minor injury: Medical assistance at accident site,425960.02,4582013.56,2.113349923,41.384395273,2023-11-08 13:00:00
2023S006655    ,Sant Andreu,Baró de Viver,B-10 (Llobregat),Thursday,2023,11,November,9,Morning,,Not caused by the pedestrian,Motorcycle,Man,69,Driver,Desconegut,Unknown,Unknown,Minor injury: Refused medical assistance,433363.25,4582786.07,2.201799588,41.39200074,2023-11-09 13:00:00
2023S006656    ,Eixample,la Dreta de l'Eixample,Pau Claris,Thursday,2023,11,November,9,Morning,,Walking on the road,Bicicleta,Man,69,Pedestrian,Fora del pas,Unknown,Unknown,Minor injury: Hospitalization up to 24 hours,430357.28,4583019.87,2.165820329,41.393851684,2023-11-09 13:00:00
2023S006657    ,Eixample,la Sagrada Família,València,Thursday,2023,11,November,9,Afternoon,,Not caused by the pedestrian,Motorcycle,Woman,29,Driver,Desconegut,Unknown,Leisure and entertainment,Minor injury: Hospitalization up to 24 hours,431371.11,4584089.39,2.177825098,41.403571733,2023-11-09 14:00:00
2023S006658    ,Sants-Montjuïc,Hostafrancs,Bordeta,Thursday,2023,11,November,9,Afternoon,,Not caused by the pedestrian,Motorcycle,Man,44,Driver,Desconegut,Unknown,Leisure and entertainment,Minor injury: Hospitalization up to 24 hours,428380.31,4580688.63,2.14245033,41.372681319,2023-11-09 16:00:00
2023S006659    ,Ciutat Vella,la Barceloneta,Litoral (Llobregat),Thursday,2023,11,November,9,Afternoon,,Not caused by the pedestrian,Motorcycle,Man,24,Driver,Desconegut,Unknown,Leisure and entertainment,Minor injury: Refused medical assistance,432275.46,4581857.73,2.188893064,41.383548507,2023-11-09 20:00:00
2023S006660    ,Sant Martí,Provençals del Poblenou,C-31,Thursday,2023,11,November,9,Afternoon,,Not caused by the pedestrian,Taxi,Woman,23,Driver,Desconegut,Unknown,Taxi,Minor injury: Medical assistance at accident site,433723.92,4585600.72,2.205804964,41.417381413,2023-11-09 19:00:00
2023S006661    ,Horta-Guinardó,Sant Genís dels Agudells,Natzaret,Thursday,2023,11,November,9,Afternoon,,Not caused by the pedestrian,Motorcycle,Woman,30,Driver,Desconegut,Unknown,Unknown,Minor injury: Hospitalization up to 24 hours,427932.93,4586767.83,2.136377112,41.427394292,2023-11-09 20:00:00
2023S006662    ,Unknown,Unknown,Unknown,Thursday,2023,11,November,9,Afternoon,,Not caused by the pedestrian,Motorcycle,Man,26,Driver,Desconegut,Unknown,Other activities,Minor injury: Hospitalization up to 24 hours,429391.4,4587227.22,2.153776539,41.431661427,2023-11-09 18:00:00
2023S006663    ,Sant Andreu,Navas,Sant Antoni Maria Claret,Thursday,2023,11,November,9,Afternoon,,Disobeying the traffic light signal,Motorcycle,Man,39,Driver,Desconegut,Unknown,Other activities,Minor injury: Hospitalization up to 24 hours,431894.18,4585708.57,2.183899947,41.418199697,2023-11-09 20:00:00
2023S006664    ,Sants-Montjuïc,Sants,Comtes de Bell-lloc,Thursday,2023,11,November,9,Night,,Not caused by the pedestrian,Veh. mobilitat personal amb motor,Man,20,Driver,Desconegut,Unknown,Unknown,Minor injury: Hospitalization up to 24 hours,427873.2,4581734.62,2.136262447,41.382056859,2023-11-09 04:00:00
2023S006667    ,Horta-Guinardó,Montbau,Arquitectura,Friday,2023,11,November,10,Morning,,Others,Bus,Man,0,Passenger,Desconegut,Unknown,Unknown,Minor injury: Hospitalization up to 24 hours,428365.71,4586969.49,2.141532153,41.429249289,2023-11-10 09:00:00
2023S006668    ,Horta-Guinardó,la Font d'en Fargues,Mossèn Josep Bundó,Friday,2023,11,November,10,Morning,,Not caused by the pedestrian,Motorcycle,Woman,26,Driver,Desconegut,Unknown,On a mission,Minor injury: Hospitalization up to 24 hours,430268.95,4586649.25,2.164345369,41.426532582,2023-11-10 09:00:00
2023S006669    ,Sant Martí,el Clot,Espronceda,Friday,2023,11,November,10,Morning,,Not caused by the pedestrian,Ciclomotor,Man,30,Driver,Desconegut,Unknown,Commuting,Minor injury: Hospitalization up to 24 hours,432602.82,4585296.58,2.192424871,41.41454881,2023-11-10 12:00:00
2023S006670    ,Eixample,la Dreta de l'Eixample,Catalunya,Friday,2023,11,November,10,Morning,,Not caused by the pedestrian,Motorcycle,Man,75,Driver,Desconegut,Unknown,Unknown,Minor injury: Hospitalization up to 24 hours,429774.77,4583089.18,2.158845112,41.394425253,2023-11-10 10:00:00
2023S006671    ,Sants-Montjuïc,la Marina del Prat Vermell,Zona Franca,Friday,2023,11,November,10,Morning,,Not caused by the pedestrian,Ambulància,Man,42,Driver,Desconegut,Unknown,"Bombers, policia, ambulància",Minor injury: Hospitalization up to 24 hours,428307.92,4578872.9,2.141799534,41.356321191,2023-11-10 12:00:00
2023S006672    ,Les Corts,la Maternitat i Sant Ramon,Corts,Friday,2023,11,November,10,Morning,,Not caused by the pedestrian,Ciclomotor,Woman,54,Driver,Desconegut,Unknown,Commuting,Minor injury: Hospitalization up to 24 hours,426777.74,4581373.62,2.1232062,41.378706472,2023-11-10 12:00:00
2023S006673    ,Ciutat Vella,el Raval,Pelai,Friday,2023,11,November,10,Morning,,Disobeying the traffic light signal,Bus,Woman,27,Pedestrian,En pas regulat per semàfor,Unknown,Unknown,Serious injury: Hospitalization over 24 hours,430303.71,4582123.22,2.165282827,41.385771198,2023-11-10 11:00:00
2023S006674    ,Eixample,la Sagrada Família,Cartagena,Wednesday,2023,11,November,8,Morning,,Not caused by the pedestrian,Motorcycle,Man,61,Driver,Desconegut,Unknown,Unknown,Minor injury: Refused medical assistance,431087.05,4584936.71,2.174330508,41.411178957,2023-11-08 11:00:00
2023S006675    ,Eixample,la Sagrada Família,Provença,Friday,2023,11,November,10,Morning,,Not caused by the pedestrian,Veh. mobilitat personal sense motor,Man,20,Driver,Desconegut,Unknown,Commuting,Minor injury: Hospitalization up to 24 hours,431252.07,4584334.15,2.176373272,41.405766033,2023-11-10 13:00:00
2023S006676    ,Sants-Montjuïc,Sants - Badal,Mig (Descendent),Friday,2023,11,November,10,Morning,,Not caused by the pedestrian,Veh. mobilitat personal amb motor,Woman,28,Driver,Desconegut,Unknown,Commuting,Minor injury: Hospitalization up to 24 hours,427269.91,4581441.24,2.129083318,41.37936016,2023-11-10 12:00:00
2023S006677    ,Les Corts,la Maternitat i Sant Ramon,Martí i Franquès,Friday,2023,11,November,10,Afternoon,,Not caused by the pedestrian,Autobús articulat,Woman,46,Passenger,Desconegut,Unknown,Unknown,Minor injury: Hospitalization up to 24 hours,426339.27,4582176.37,2.11786547,41.385896466,2023-11-10 14:00:00
2023S006678    ,Sarrià-Sant Gervasi,Sant Gervasi - Galvany,Ganduxer,Thursday,2023,10,October,26,Afternoon,,Not caused by the pedestrian,Bicicleta,Woman,53,Driver,Desconegut,Unknown,Unknown,Minor injury: Hospitalization up to 24 hours,427928.1,4583264.08,2.136736889,41.395837045,2023-10-26 15:00:00
2023S006679    ,Ciutat Vella,el Barri Gòtic,Laietana,Friday,2023,11,November,10,Afternoon,,Not caused by the pedestrian,Bicicleta,Woman,42,Driver,Desconegut,Unknown,Commuting,Serious injury: Hospitalization over 24 hours,430990.82,4582372.89,2.173471631,41.388079172,2023-11-10 14:00:00
2023S006680    ,Sants-Montjuïc,Sants - Badal,Sant Feliu de Guíxols,Friday,2023,11,November,10,Afternoon,,Not caused by the pedestrian,Car,Man,41,Pedestrian,A la vorera / Andana,Commuting,Unknown,Minor injury: Hospitalization up to 24 hours,427262.13,4581033.75,2.129039215,41.375689349,2023-11-10 15:00:00
2023S006681    ,Horta-Guinardó,Sant Genís dels Agudells,Dalt (Besòs),Friday,2023,11,November,10,Afternoon,,Not caused by the pedestrian,Car,Man,22,Driver,Desconegut,Unknown,Unknown,Minor injury: Hospitalization up to 24 hours,428389.44,4586359.41,2.141888429,41.423756676,2023-11-10 14:00:00
2023S006683    ,Les Corts,les Corts,Madrid,Friday,2023,11,November,10,Afternoon,,Not caused by the pedestrian,Motorcycle,Woman,56,Driver,Desconegut,Unknown,Leisure and entertainment,Minor injury: Hospitalization up to 24 hours,427756.5,4581662.15,2.134875549,41.381393673,2023-11-10 19:00:00
2023S006684    ,Sant Andreu,Navas,Meridiana,Friday,2023,11,November,10,Afternoon,,Not caused by the pedestrian,Motorcycle,Woman,47,Driver,Desconegut,Unknown,Commuting,Minor injury: Hospitalization up to 24 hours,432147.88,4585942.07,2.186909296,41.420324234,2023-11-10 18:00:00
2023S006685    ,Eixample,l'Antiga Esquerra de l'Eixample,Corts Catalanes,Friday,2023,11,November,10,Afternoon,,Not caused by the pedestrian,Motorcycle,Woman,35,Driver,Desconegut,Unknown,Unknown,Minor injury: Hospitalization up to 24 hours,430197.26,4582210.36,2.163999731,41.386546805,2023-11-10 21:00:00
2023S006686    ,Sants-Montjuïc,la Marina del Prat Vermell,Litoral (Besòs),Saturday,2023,11,November,11,Night,,Not caused by the pedestrian,Car,Woman,23,Passenger,Desconegut,Unknown,Unknown,Minor injury: Hospitalization up to 24 hours,429405.16,4578337.29,2.154977967,41.351594094,2023-11-11 00:00:00
2023S006688    ,Sant Martí,la Vila Olímpica del Poblenou,Doctor Trueta,Saturday,2023,11,November,11,Night,,Not caused by the pedestrian,Car,Man,49,Passenger,Desconegut,Unknown,Unknown,Minor injury: Refused medical assistance,433073.95,4583092.36,2.19830558,41.394735382,2023-11-11 01:00:00
2023S006689    ,Eixample,la Dreta de l'Eixample,Corts Catalanes,Saturday,2023,11,November,11,Night,,Not caused by the pedestrian,Car,Man,26,Passenger,Desconegut,Unknown,Unknown,Minor injury: Hospitalization up to 24 hours,430786.78,4582752.66,2.170987978,41.391482105,2023-11-11 05:00:00
2023S006690    ,Eixample,la Dreta de l'Eixample,Corts Catalanes,Saturday,2023,11,November,11,Morning,,Not caused by the pedestrian,Bicicleta,Man,17,Driver,Desconegut,Unknown,Leisure and entertainment,Minor injury: Hospitalization up to 24 hours,430557.69,4582525.42,2.168274082,41.389415667,2023-11-11 07:00:00
2023S006691    ,Gràcia,Vallcarca i els Penitents,Vallcarca,Saturday,2023,11,November,11,Morning,,Not caused by the pedestrian,Motorcycle,Woman,10,Passenger,Desconegut,Unknown,Unknown,Minor injury: Medical assistance at accident site,428314.17,4585832.96,2.141050183,41.419008446,2023-11-11 09:00:00
2023S006692    ,Horta-Guinardó,el Baix Guinardó,Guinardó,Saturday,2023,11,November,11,Morning,,Not caused by the pedestrian,Car,Man,10,Passenger,Desconegut,Unknown,Unknown,Minor injury: Medical assistance at accident site,430734.88,4585175.03,2.170089911,41.413295135,2023-11-11 11:00:00
2023S006693    ,Eixample,el Fort Pienc,Corts Catalanes,Saturday,2023,11,November,11,Morning,,Not caused by the pedestrian,Veh. mobilitat personal amb motor,Woman,55,Driver,Desconegut,Unknown,Leisure and entertainment,Minor injury: Hospitalization up to 24 hours,431553.84,4583500.42,2.180077624,41.398282643,2023-11-11 11:00:00
2023S006694    ,Sants-Montjuïc,la Marina del Prat Vermell,E Zona Franca,Saturday,2023,11,November,11,Morning,,Not caused by the pedestrian,Motorcycle,Man,33,Driver,Desconegut,Unknown,Commuting,Minor injury: Medical assistance at accident site,426953.69,4575950.29,2.125963356,41.329876455,2023-11-11 08:00:00
2023S006695    ,Sarrià-Sant Gervasi,Sant Gervasi - Galvany,Modolell,Saturday,2023,11,November,11,Morning,,Not caused by the pedestrian,Ciclomotor,Woman,13,Passenger,Desconegut,Unknown,Unknown,Minor injury: Hospitalization up to 24 hours,427993.32,4583444.69,2.13749549,41.397469574,2023-11-11 09:00:00
2023S006696    ,Les Corts,Pedralbes,Dalt (Besòs),Saturday,2023,11,November,11,Morning,,Not caused by the pedestrian,Car,Man,24,Driver,Desconegut,Unknown,Leisure and entertainment,Minor injury: Medical assistance at accident site,425758.89,4583189.11,2.110800508,41.394964383,2023-11-11 11:00:00
2023S006697    ,Eixample,la Dreta de l'Eixample,Pau Claris,Saturday,2023,11,November,11,Morning,,Crossing outside the pedestrian crossing,Bicicleta,Woman,64,Pedestrian,Fora del pas,Unknown,Unknown,Minor injury: Refused medical assistance,430865.87,4582500.65,2.171962691,41.389219133,2023-11-11 12:00:00
2023S006698    ,Sant Andreu,Sant Andreu,Favència,Saturday,2023,11,November,11,Morning,,Not caused by the pedestrian,Motorcycle,Man,48,Driver,Desconegut,Unknown,Unknown,Minor injury: Hospitalization up to 24 hours,432218.56,4588908.54,2.187422139,41.447048208,2023-11-11 13:00:00
2023S006700    ,Sant Martí,el Besòs i el Maresme,Cristóbal de Moura,Saturday,2023,11,November,11,Morning,,Not caused by the pedestrian,Bus,Woman,83,Passenger,Desconegut,Unknown,Unknown,Minor injury: Hospitalization up to 24 hours,434574.08,4585656.69,2.215971141,41.417955232,2023-11-11 13:00:00
2023S006701    ,Eixample,Sant Antoni,Comte d'Urgell,Saturday,2023,11,November,11,Afternoon,,Not caused by the pedestrian,Bicicleta,Woman,28,Driver,Desconegut,Unknown,Leisure and entertainment,Minor injury: Refused medical assistance,429737.74,4581724.85,2.15856054,41.382133946,2023-11-11 17:00:00
2023S006702    ,Sant Martí,el Clot,Mallorca,Saturday,2023,11,November,11,Afternoon,,Not caused by the pedestrian,Autobús articulat,Woman,71,Passenger,Desconegut,Unknown,Unknown,Minor injury: Hospitalization up to 24 hours,432136.49,4585039.63,2.186874308,41.412195273,2023-11-11 17:00:00
2023S006703    ,Eixample,la Sagrada Família,Provença,Saturday,2023,11,November,11,Afternoon,,Not caused by the pedestrian,Car,Woman,79,Passenger,Desconegut,Unknown,Unknown,Minor injury: Hospitalization up to 24 hours,431273.03,4584371.26,2.176619797,41.406102064,2023-11-11 16:00:00
2023S006704    ,Sants-Montjuïc,la Marina de Port,Corts Catalanes,Saturday,2023,11,November,11,Afternoon,,Not caused by the pedestrian,Motorcycle,Woman,29,Passenger,Desconegut,Unknown,Unknown,Minor injury: Hospitalization up to 24 hours,427746.59,4579719.63,2.134988679,41.363897204,2023-11-11 21:00:00
2023S006705    ,Ciutat Vella,el Barri Gòtic,Litoral (Llobregat),Saturday,2023,11,November,11,Night,,Not caused by the pedestrian,Motorcycle,Man,34,Driver,Desconegut,Unknown,Leisure and entertainment,Minor injury: Hospitalization up to 24 hours,431627.7,4581413.57,2.18119678,41.379493255,2023-11-11 23:00:00
2023S006706    ,Nou Barris,Porta,Andreu Nin,Sunday,2023,11,November,12,Morning,,Not caused by the pedestrian,Car,Man,23,Driver,Desconegut,Unknown,Leisure and entertainment,Minor injury: Hospitalization up to 24 hours,431683.1,4587413.97,2.181181539,41.433541734,2023-11-12 06:00:00
2023S006707    ,Sants-Montjuïc,la Marina del Prat Vermell,A Zona Franca,Sunday,2023,11,November,12,Morning,,Not caused by the pedestrian,"Camió rígid <= 3,5 tones",Man,43,Driver,Desconegut,Unknown,Transport professional de mercaderies,Minor injury: Medical assistance at accident site,428020.43,4576283.26,2.138670171,41.33297144,2023-11-12 06:00:00
2023S006708    ,Ciutat Vella,la Barceloneta,Ramon Trias Fargas,Sunday,2023,11,November,12,Morning,,Not caused by the pedestrian,Car,Man,42,Driver,Desconegut,Unknown,Unknown,Minor injury: Hospitalization up to 24 hours,432872.32,4582231.56,2.195989364,41.386965556,2023-11-12 06:00:00
2023S006711    ,Sant Andreu,la Sagrera,Gran de la Sagrera,Sunday,2023,11,November,12,Morning,,Not caused by the pedestrian,Taxi,Woman,89,Passenger,Desconegut,Unknown,Unknown,Minor injury: Hospitalization up to 24 hours,432500.73,4586340.68,2.191086824,41.423944129,2023-11-12 11:00:00
2023S006712    ,Ciutat Vella,"Sant Pere, Santa Caterina i la Ribera",Urquinaona,Sunday,2023,11,November,12,Morning,,Not caused by the pedestrian,Bicicleta,Woman,31,Driver,Desconegut,Unknown,Unknown,Minor injury: Hospitalization up to 24 hours,431013.3,4582469.71,2.17372945,41.388953131,2023-11-12 12:00:00
2023S006713    ,Sant Andreu,Sant Andreu,Sant Adrià,Sunday,2023,11,November,12,Morning,,Crossing outside the pedestrian crossing,Veh. mobilitat personal amb motor,Man,80,Pedestrian,Fora del pas,Unknown,Unknown,Minor injury: Hospitalization up to 24 hours,432689.96,4587514.73,2.193220393,41.434534314,2023-11-12 13:00:00
2023S006714    ,Eixample,l'Antiga Esquerra de l'Eixample,València,Sunday,2023,11,November,12,Afternoon,,Not caused by the pedestrian,Motorcycle,Woman,38,Driver,Desconegut,Unknown,Unknown,Minor injury: Hospitalization up to 24 hours,429697.75,4582438.53,2.157999462,41.388558334,2023-11-12 15:00:00
2023S006715    ,Nou Barris,Canyelles,Dalt (Besòs),Sunday,2023,11,November,12,Afternoon,,Not caused by the pedestrian,Motorcycle,Woman,34,Driver,Desconegut,Unknown,Unknown,Minor injury: Hospitalization up to 24 hours,430175.9,4588166.18,2.16305653,41.440186894,2023-11-12 14:00:00
2023S006716    ,Sant Martí,el Camp de l'Arpa del Clot,Aragó,Sunday,2023,11,November,12,Afternoon,,Not caused by the pedestrian,Veh. mobilitat personal amb motor,Woman,71,Pedestrian,En pas regulat per semàfor,Unknown,Unknown,Minor injury: Hospitalization up to 24 hours,432131.07,4584631.66,2.186855248,41.408520352,2023-11-12 14:00:00
2023S006717    ,Horta-Guinardó,Sant Genís dels Agudells,Sant Cugat,Sunday,2023,11,November,12,Afternoon,,Not caused by the pedestrian,Motorcycle,Man,23,Driver,Desconegut,Unknown,Leisure and entertainment,Minor injury: Hospitalization up to 24 hours,427396.04,4586617.84,2.129970345,41.425995028,2023-11-12 17:00:00
2023S006718    ,Horta-Guinardó,Sant Genís dels Agudells,Sant Cugat,Sunday,2023,11,November,12,Afternoon,,Not caused by the pedestrian,Motorcycle,Man,25,Driver,Desconegut,Unknown,Unknown,Minor injury: Hospitalization up to 24 hours,427897.44,4586372.26,2.135999612,41.423828381,2023-11-12 18:00:00
2023S006719    ,Nou Barris,Canyelles,Dalt (Besòs),Sunday,2023,11,November,12,Afternoon,,Not caused by the pedestrian,Car,Woman,32,Passenger,Desconegut,Unknown,Unknown,Minor injury: Medical assistance at accident site,430337.72,4588274.45,2.164980883,41.441176103,2023-11-12 21:00:00
2023S006722    ,Sant Andreu,el Bon Pastor,Ferran Junoy,Sunday,2023,11,November,12,Night,,Not caused by the pedestrian,Car,Woman,33,Passenger,Desconegut,Unknown,Unknown,Minor injury: Refused medical assistance,433134.78,4588203.71,2.198467796,41.440776921,2023-11-12 22:00:00
2023S006724    ,Eixample,Sant Antoni,Comte d'Urgell,Sunday,2023,11,November,12,Night,,Not caused by the pedestrian,Motorcycle,Man,30,Driver,Desconegut,Unknown,Commuting,Minor injury: Hospitalization up to 24 hours,430089.53,4581389.56,2.162806111,41.379144755,2023-11-12 23:00:00
2023S006726    ,Ciutat Vella,la Barceloneta,Litoral (Llobregat),Saturday,2023,11,November,11,Morning,,Not caused by the pedestrian,Bicicleta,Man,68,Driver,Desconegut,Unknown,Unknown,Minor injury: Medical assistance at accident site,432177.35,4581332.41,2.187778614,41.378808812,2023-11-11 10:00:00
2023S006727    ,Eixample,la Dreta de l'Eixample,Provença,Monday,2023,11,November,13,Morning,,Not caused by the pedestrian,Bicicleta,Woman,35,Driver,Desconegut,Unknown,Other activities,Minor injury: Medical assistance at accident site,430503.69,4583618.92,2.167502693,41.399259807,2023-11-13 10:00:00
2023S006728    ,Les Corts,la Maternitat i Sant Ramon,Cardenal Reig,Monday,2023,11,November,13,Morning,,Not caused by the pedestrian,Motorcycle,Man,48,Driver,Desconegut,Unknown,On a mission,Minor injury: Refused medical assistance,426195.52,4581305.88,2.11625244,41.378043146,2023-11-13 11:00:00
2023S006729    ,Sarrià-Sant Gervasi,Sant Gervasi - Galvany,General Mitre,Monday,2023,11,November,13,Morning,,Not caused by the pedestrian,Motorcycle,Man,22,Driver,Desconegut,Unknown,Unknown,Minor injury: Hospitalization up to 24 hours,427885.76,4583831.86,2.136162802,41.400947016,2023-11-13 11:00:00
2023S006730    ,Horta-Guinardó,Horta,Llobregós,Friday,2023,9,September,29,Morning,,Not caused by the pedestrian,Car,Man,53,Driver,Desconegut,Unknown,Unknown,Minor injury: Hospitalization up to 24 hours,430098.83,4586747.59,2.162298232,41.4274035,2023-09-29 11:00:00
2023S006731    ,Eixample,Sant Antoni,Sepúlveda,Monday,2023,11,November,13,Morning,,Not caused by the pedestrian,Motorcycle,Man,66,Driver,Desconegut,Unknown,Other activities,Minor injury: Medical assistance at accident site,429650.92,4581430.44,2.157556503,41.379474699,2023-11-13 12:00:00
2023S006733    ,Sants-Montjuïc,la Font de la Guatlla,Corts Catalanes,Monday,2023,11,November,13,Afternoon,,Not caused by the pedestrian,Motorcycle,Man,41,Driver,Desconegut,Unknown,Unknown,Minor injury: Hospitalization up to 24 hours,428694.98,4580660.99,2.146215993,41.37246033,2023-11-13 14:00:00
2023S006734    ,Sarrià-Sant Gervasi,el Putxet i el Farró,Sant Gervasi,Tuesday,2023,9,September,26,Morning,,Not caused by the pedestrian,Motorcycle,Man,38,Driver,Desconegut,Unknown,Unknown,Minor injury: Hospitalization up to 24 hours,427970.87,4584863.31,2.137058057,41.410244499,2023-09-26 13:00:00
2023S006735    ,Eixample,l'Antiga Esquerra de l'Eixample,Aragó,Monday,2023,11,November,13,Afternoon,,Not caused by the pedestrian,Motorcycle,Man,22,Driver,Desconegut,Unknown,Unknown,Minor injury: Hospitalization up to 24 hours,429735.29,4582301.52,2.158464328,41.387327612,2023-11-13 15:00:00
2023S006736    ,Horta-Guinardó,Sant Genís dels Agudells,Costa Pacheco,Monday,2023,11,November,13,Afternoon,,Not caused by the pedestrian,Motorcycle,Man,27,Driver,Desconegut,Unknown,Unknown,Minor injury: Refused medical assistance,427602.44,4586885.87,2.132408101,41.428427691,2023-11-13 14:00:00
2023S006737    ,Ciutat Vella,"Sant Pere, Santa Caterina i la Ribera",Laietana,Monday,2023,11,November,13,Afternoon,,Not caused by the pedestrian,Bicicleta,Man,20,Driver,Desconegut,Unknown,Leisure and entertainment,Minor injury: Medical assistance at accident site,431147.83,4582212.5,2.175367646,41.386648049,2023-11-13 15:00:00
2023S006738    ,Sants-Montjuïc,la Marina del Prat Vermell,Litoral (Besòs),Monday,2023,11,November,13,Afternoon,,Not caused by the pedestrian,Motorcycle,Man,37,Driver,Desconegut,Unknown,Unknown,Minor injury: Hospitalization up to 24 hours,428568.96,4577976.12,2.145025537,41.348267377,2023-11-13 18:00:00
2023S006739    ,Sants-Montjuïc,la Marina del Prat Vermell,A Zona Franca,Monday,2023,11,November,13,Afternoon,,Not caused by the pedestrian,Furgoneta,Woman,23,Passenger,Desconegut,Unknown,Unknown,Minor injury: Hospitalization up to 24 hours,428494.0,4577865.99,2.144142579,41.347268814,2023-11-13 18:00:00
2023S006741    ,Sarrià-Sant Gervasi,Sant Gervasi - Galvany,Gràcia,Monday,2023,11,November,13,Afternoon,,Not caused by the pedestrian,Motorcycle,Man,34,Driver,Desconegut,Unknown,Unknown,Minor injury: Refused medical assistance,428816.46,4583117.38,2.147379751,41.394594941,2023-11-13 18:00:00
2023S006742    ,Eixample,Sant Antoni,Corts Catalanes,Tuesday,2023,11,November,14,Night,,Not caused by the pedestrian,Motorcycle,Man,64,Driver,Desconegut,Unknown,Commuting,Minor injury: Hospitalization up to 24 hours,429834.07,4581818.31,2.15970167,41.382984122,2023-11-14 05:00:00
2023S006744    ,Horta-Guinardó,Horta,Maragall,Tuesday,2023,11,November,14,Morning,,Not caused by the pedestrian,Motorcycle,Man,30,Driver,Desconegut,Unknown,Commuting,Minor injury: Hospitalization up to 24 hours,430103.93,4586981.1,2.16233225,41.429507079,2023-11-14 09:00:00
2023S006745    ,Sants-Montjuïc,la Marina de Port,Zona Franca,Tuesday,2023,11,November,14,Morning,,Not caused by the pedestrian,Motorcycle,Man,64,Driver,Desconegut,Unknown,On a mission,Minor injury: Hospitalization up to 24 hours,428121.58,4579179.13,2.139535787,41.359062685,2023-11-14 10:00:00
2023S006747    ,Sarrià-Sant Gervasi,Sant Gervasi - la Bonanova,Josep Balari,Tuesday,2023,11,November,14,Morning,,Not caused by the pedestrian,Car,Woman,83,Pedestrian,En pas sense regular,Unknown,Unknown,Minor injury: Hospitalization up to 24 hours,427721.75,4583892.88,2.134193653,41.401481863,2023-11-14 12:00:00
2023S006748    ,Sants-Montjuïc,la Bordeta,Badal,Tuesday,2023,11,November,14,Morning,,Not caused by the pedestrian,Bus,Woman,72,Passenger,Desconegut,Unknown,Unknown,Minor injury: Hospitalization up to 24 hours,427711.55,4579792.08,2.134561135,41.364546589,2023-11-14 10:00:00
2023S006749    ,Eixample,la Dreta de l'Eixample,Mallorca,Tuesday,2023,11,November,14,Morning,,Not caused by the pedestrian,Motorcycle,Man,28,Driver,Desconegut,Unknown,Unknown,Minor injury: Hospitalization up to 24 hours,429836.05,4582774.51,2.15961454,41.391596478,2023-11-14 11:00:00
2023S006750    ,Sants-Montjuïc,la Marina del Prat Vermell,E Zona Franca,Tuesday,2023,11,November,14,Morning,,Not caused by the pedestrian,Car,Man,67,Driver,Desconegut,Unknown,Unknown,Minor injury: Medical assistance at accident site,427010.97,4576069.69,2.126633431,41.330957045,2023-11-14 13:00:00
2023S006751    ,Sant Andreu,el Bon Pastor,Sant Adrià,Tuesday,2023,11,November,14,Afternoon,,Not caused by the pedestrian,Motorcycle,Man,29,Driver,Desconegut,Unknown,On a mission,Minor injury: Hospitalization up to 24 hours,432972.86,4587604.01,2.196596284,41.435362106,2023-11-14 14:00:00
2023S006752    ,Ciutat Vella,el Raval,Paral·lel,Tuesday,2023,11,November,14,Afternoon,,Not caused by the pedestrian,Motorcycle,Man,29,Driver,Desconegut,Unknown,Unknown,Minor injury: Medical assistance at accident site,430955.38,4580894.89,2.173216279,41.374764205,2023-11-14 14:00:00
2023S006753    ,Eixample,la Dreta de l'Eixample,València,Tuesday,2023,11,November,14,Afternoon,,Disobeying the traffic light signal,Motorcycle,Man,59,Pedestrian,En pas regulat per semàfor,Leisure and entertainment,Unknown,Minor injury: Hospitalization up to 24 hours,430061.22,4582806.77,2.162303891,41.391906656,2023-11-14 14:00:00