Case_Number,District_Name,Neighborhood_Name,Street_Name,Day_of_Week,Year,Month_Code,Month_Name,Day_of_Month,Shift_Description,Hour_of_Day,Pedestrian_Cause_Description,Involved_Vehicle_Type,Gender_Description,Age,Person_Type_Description,Pedestrian_Accident_Location_Description,Pedestrian_Movement_Reason_Description,Driver_Movement_Reason_Description,Victimization_Description,UTM_X_Coordinate,UTM_Y_Coordinate,Longitude,Latitude,datetime
2023S006754    ,Eixample,la Sagrada Família,València,Tuesday,2023,11,November,14,Afternoon,,Not caused by the pedestrian,Motorcycle,Woman,40,Passenger,Desconegut,Unknown,Unknown,Minor injury: Hospitalization up to 24 hours,431336.76,4584073.84,2.177415952,41.403428744,2023-11-14 14:00:00
2023S006755    ,Sant Martí,el Camp de l'Arpa del Clot,Independència,Tuesday,2023,11,November,14,Afternoon,,Not caused by the pedestrian,Veh. mobilitat personal amb motor,Man,25,Driver,Desconegut,Unknown,Unknown,Minor injury: Hospitalization up to 24 hours,431785.15,4584594.16,2.182721108,41.408153302,2023-11-14 15:00:00
2023S006756    ,Les Corts,Pedralbes,Espasa,Tuesday,2023,11,November,14,Afternoon,,Not caused by the pedestrian,Motorcycle,Man,27,Driver,Desconegut,Unknown,Leisure and entertainment,Minor injury: Hospitalization up to 24 hours,426097.09,4583334.48,2.114827855,41.396304833,2023-11-14 15:00:00
2023S006757    ,Eixample,la Dreta de l'Eixample,Aragó,Tuesday,2023,11,November,14,Afternoon,,Not caused by the pedestrian,Motorcycle,Man,47,Driver,Desconegut,Unknown,Commuting,Minor injury: Hospitalization up to 24 hours,431022.73,4583542.25,2.173720001,41.398613983,2023-11-14 16:00:00
2023S006758    ,Eixample,l'Antiga Esquerra de l'Eixample,Villarroel,Tuesday,2023,11,November,14,Morning,,Not caused by the pedestrian,Car,Woman,25,Pedestrian,En pas regulat per semàfor,On a mission,Unknown,Minor injury: Hospitalization up to 24 hours,429076.18,4582593.91,2.150547521,41.389903192,2023-11-14 10:00:00
2023S006759    ,Sarrià-Sant Gervasi,Sant Gervasi - Galvany,Muntaner,Tuesday,2023,11,November,14,Afternoon,,Not caused by the pedestrian,Bus,Woman,50,Passenger,Desconegut,Unknown,Unknown,Minor injury: Hospitalization up to 24 hours,428846.82,4583196.89,2.14773353,41.395313747,2023-11-14 18:00:00
2023S006760    ,Sants-Montjuïc,la Marina del Prat Vermell,Litoral (Besòs),Tuesday,2023,11,November,14,Afternoon,,Not caused by the pedestrian,Motorcycle,Man,33,Driver,Desconegut,Unknown,Unknown,Minor injury: Hospitalization up to 24 hours,430380.57,4579288.87,2.166527682,41.36024968,2023-11-14 18:00:00
2023S006761    ,Eixample,Sant Antoni,Sant Pau,Tuesday,2023,11,November,14,Afternoon,,Not caused by the pedestrian,Motorcycle,Man,30,Driver,Desconegut,Unknown,Leisure and entertainment,Minor injury: Medical assistance at accident site,430241.22,4581209.27,2.164640772,41.377534109,2023-11-14 18:00:00
2023S006762    ,Nou Barris,les Roquetes,Favència,Tuesday,2023,11,November,14,Afternoon,,Not caused by the pedestrian,Motorcycle,Man,11,Passenger,Desconegut,Unknown,Unknown,Minor injury: Hospitalization up to 24 hours,431034.18,4588634.22,2.173275946,41.444476574,2023-11-14 18:00:00
2023S006763    ,Sants-Montjuïc,la Marina de Port,Ferrocarrils Catalans,Tuesday,2023,11,November,14,Afternoon,,Not caused by the pedestrian,Motorcycle,Man,37,Driver,Desconegut,Unknown,Other activities,Minor injury: Hospitalization up to 24 hours,428361.22,4579328.35,2.142382856,41.36042803,2023-11-14 21:00:00
2023S006764    ,Sant Martí,la Verneda i la Pau,Guipúscoa,Tuesday,2023,11,November,14,Afternoon,,Not caused by the pedestrian,Ciclomotor,Woman,9,Passenger,Desconegut,Unknown,Unknown,Minor injury: Hospitalization up to 24 hours,433366.06,4585856.75,2.201494928,41.41965779,2023-11-14 18:00:00
2023S006765    ,Sant Andreu,Sant Andreu,Bartrina,Tuesday,2023,11,November,14,Afternoon,,Not caused by the pedestrian,Furgoneta,Man,53,Pedestrian,En pas regulat per semàfor,Unknown,Unknown,Minor injury: Hospitalization up to 24 hours,432041.6,4588093.72,2.185395566,41.439694442,2023-11-14 20:00:00
2023S006766    ,Horta-Guinardó,Horta,Porto,Tuesday,2023,11,November,14,Night,,Not caused by the pedestrian,Car,Woman,16,Passenger,Desconegut,Unknown,Unknown,Minor injury: Hospitalization up to 24 hours,429493.73,4587108.15,2.155015073,41.430598006,2023-11-14 23:00:00
2023S006767    ,Sants-Montjuïc,Sants,Sants,Tuesday,2023,11,November,14,Night,,Not caused by the pedestrian,Bicicleta,Woman,19,Driver,Desconegut,Unknown,Leisure and entertainment,Minor injury: Medical assistance at accident site,427762.26,4580997.85,2.135023649,41.375411085,2023-11-14 23:00:00
2023S006768    ,Eixample,la Dreta de l'Eixample,Reina Victòria,Wednesday,2023,11,November,15,Night,,Not caused by the pedestrian,Bus,Man,39,Passenger,Desconegut,Unknown,Unknown,Minor injury: Hospitalization up to 24 hours,430531.07,4582463.6,2.167962805,41.388856573,2023-11-15 01:00:00
2023S006769    ,Sant Martí,Provençals del Poblenou,Selva de Mar,Wednesday,2023,11,November,15,Morning,,Not caused by the pedestrian,Motorcycle,Woman,45,Driver,Desconegut,Unknown,Unknown,Minor injury: Hospitalization up to 24 hours,433729.37,4584896.59,2.205947351,41.411039949,2023-11-15 08:00:00
2023S006770    ,Eixample,la Nova Esquerra de l'Eixample,Mallorca,Wednesday,2023,11,November,15,Morning,,Not caused by the pedestrian,Motorcycle,Man,46,Driver,Desconegut,Unknown,Leisure and entertainment,Minor injury: Hospitalization up to 24 hours,428829.24,4581803.94,2.147687009,41.382766386,2023-11-15 08:00:00
2023S006771    ,Sarrià-Sant Gervasi,les Tres Torres,Mig (Descendent),Wednesday,2023,11,November,15,Morning,,Not caused by the pedestrian,Bicicleta,Man,29,Driver,Desconegut,Unknown,Commuting,Minor injury: Hospitalization up to 24 hours,427734.56,4583219.96,2.134427246,41.395422295,2023-11-15 08:00:00
2023S006772    ,Sarrià-Sant Gervasi,Sarrià,Sarrià,Wednesday,2023,11,November,15,Morning,,Disobeying the traffic light signal,Motorcycle,Woman,19,Pedestrian,En pas regulat per semàfor,Unknown,Unknown,Minor injury: Medical assistance at accident site,426695.79,4583756.77,2.121937712,41.400163044,2023-11-15 10:00:00
2023S006776    ,Eixample,la Dreta de l'Eixample,Mallorca,Wednesday,2023,11,November,15,Morning,,Not caused by the pedestrian,Furgoneta,Man,23,Passenger,Desconegut,Unknown,Unknown,Minor injury: Hospitalization up to 24 hours,430158.27,4583078.12,2.163433324,41.394359055,2023-11-15 12:00:00
2023S006777    ,Sants-Montjuïc,Sants,Miquel Àngel,Tuesday,2023,11,November,14,Afternoon,,Not caused by the pedestrian,Motorcycle,Woman,31,Driver,Desconegut,Unknown,Unknown,Minor injury: Hospitalization up to 24 hours,427334.3,4581216.56,2.129880237,41.377342373,2023-11-14 16:00:00
2023S006778    ,Ciutat Vella,"Sant Pere, Santa Caterina i la Ribera",Marquès de l'Argentera,Wednesday,2023,11,November,15,Morning,,Not caused by the pedestrian,Bus,Woman,81,Passenger,Desconegut,Unknown,Unknown,Minor injury: Medical assistance at accident site,431887.26,4581842.36,2.184252388,41.383377281,2023-11-15 12:00:00
2023S006779    ,Eixample,la Nova Esquerra de l'Eixample,Llança,Wednesday,2023,11,November,15,Morning,,Crossing outside the pedestrian crossing,Bicicleta,Woman,23,Driver,Desconegut,Unknown,Leisure and entertainment,Minor injury: Hospitalization up to 24 hours,428613.8,4581520.7,2.145144047,41.380196244,2023-11-15 13:00:00
2023S006780    ,Sants-Montjuïc,el Poble-sec,Drassanes,Wednesday,2023,11,November,15,Morning,,Not caused by the pedestrian,Motorcycle,Man,55,Driver,Desconegut,Unknown,Commuting,Minor injury: Hospitalization up to 24 hours,431213.91,4580892.22,2.176307867,41.374762308,2023-11-15 13:00:00
2023S006781    ,Eixample,la Nova Esquerra de l'Eixample,Corts Catalanes,Wednesday,2023,11,November,15,Afternoon,,Not caused by the pedestrian,Motorcycle,Woman,34,Driver,Desconegut,Unknown,Unknown,Minor injury: Medical assistance at accident site,429734.86,4581684.35,2.158530799,41.381768924,2023-11-15 16:00:00
2023S006782    ,Eixample,la Dreta de l'Eixample,València,Wednesday,2023,11,November,15,Afternoon,,Not caused by the pedestrian,Motorcycle,Woman,40,Driver,Desconegut,Unknown,Unknown,Minor injury: Medical assistance at accident site,430690.5,4583426.61,2.169759271,41.397543866,2023-11-15 16:00:00
2023S006783    ,Sant Martí,Diagonal Mar i el Front Marítim del Poblenou,Litoral (Besòs),Wednesday,2023,11,November,15,Afternoon,,Not caused by the pedestrian,Car,Woman,26,Passenger,Desconegut,Unknown,Unknown,Minor injury: Medical assistance at accident site,434385.74,4583964.78,2.213901191,41.402701239,2023-11-15 19:00:00
2023S006784    ,Eixample,la Dreta de l'Eixample,Diagonal,Wednesday,2023,11,November,15,Afternoon,,Not caused by the pedestrian,Motorcycle,Man,49,Driver,Desconegut,Unknown,Commuting,Minor injury: Medical assistance at accident site,430134.59,4583421.81,2.163110418,41.397452499,2023-11-15 14:00:00
2023S006786    ,Eixample,la Sagrada Família,Lepant,Wednesday,2023,11,November,15,Afternoon,,Not caused by the pedestrian,Motorcycle,Man,34,Driver,Desconegut,Unknown,Commuting,Minor injury: Hospitalization up to 24 hours,431557.65,4583899.32,2.180078076,41.401875741,2023-11-15 18:00:00
2023S006787    ,Sants-Montjuïc,la Marina del Prat Vermell,Litoral (Besòs),Wednesday,2023,11,November,15,Afternoon,,Not caused by the pedestrian,Motorcycle,Woman,25,Driver,Desconegut,Unknown,Leisure and entertainment,Minor injury: Hospitalization up to 24 hours,430834.74,4579924.77,2.171884497,41.366016231,2023-11-15 19:00:00
2023S006788    ,Horta-Guinardó,Sant Genís dels Agudells,Dalt (Besòs),Wednesday,2023,11,November,15,Afternoon,,Not caused by the pedestrian,Motorcycle,Woman,51,Passenger,Desconegut,Unknown,Unknown,Minor injury: Hospitalization up to 24 hours,428432.21,4586453.46,2.142389079,41.424607558,2023-11-15 19:00:00
2023S006789    ,Gràcia,la Vila de Gràcia,Sant Salvador,Wednesday,2023,11,November,15,Afternoon,,Not caused by the pedestrian,Motorcycle,Man,59,Driver,Desconegut,Unknown,Leisure and entertainment,Minor injury: Medical assistance at accident site,429474.46,4584585.46,2.155078783,41.407875418,2023-11-15 19:00:00
2023S006790    ,Les Corts,les Corts,Numància,Wednesday,2023,11,November,15,Afternoon,,Not caused by the pedestrian,Veh. mobilitat personal amb motor,Woman,23,Driver,En pas regulat per semàfor,Unknown,Leisure and entertainment,Minor injury: Medical assistance at accident site,427769.46,4582595.23,2.134919226,41.389798734,2023-11-15 20:00:00
2023S006791    ,Eixample,la Nova Esquerra de l'Eixample,Diputació,Wednesday,2023,11,November,15,Afternoon,,Not caused by the pedestrian,Bicicleta,Man,26,Driver,Desconegut,Unknown,Leisure and entertainment,Minor injury: Hospitalization up to 24 hours,429347.93,4581549.1,2.15391952,41.380516868,2023-11-15 20:00:00
2023S006792    ,Les Corts,les Corts,Marquès de Sentmenat,Wednesday,2023,11,November,15,Afternoon,,Others,Bus,Woman,22,Passenger,Desconegut,Unknown,Unknown,Minor injury: Hospitalization up to 24 hours,427984.78,4582061.89,2.137557844,41.385014459,2023-11-15 19:00:00
2023S006794    ,Sant Martí,el Clot,Aragó,Thursday,2023,11,November,16,Night,,Not caused by the pedestrian,Motorcycle,Man,34,Driver,Desconegut,Unknown,Other activities,Minor injury: Hospitalization up to 24 hours,431965.21,4584468.26,2.184889383,41.407034627,2023-11-16 04:00:00
2023S006795    ,Sarrià-Sant Gervasi,Sant Gervasi - Galvany,Vico,Wednesday,2023,11,November,15,Afternoon,,Not caused by the pedestrian,Motorcycle,Woman,48,Pedestrian,En pas sense regular,Unknown,Unknown,Minor injury: Hospitalization up to 24 hours,427875.4,4583722.21,2.136051948,41.399958512,2023-11-15 21:00:00
2023S006796    ,Ciutat Vella,la Barceloneta,Litoral (Llobregat),Thursday,2023,11,November,16,Morning,,Not caused by the pedestrian,Motorcycle,Man,45,Driver,Desconegut,Unknown,Commuting,Minor injury: Refused medical assistance,432447.21,4581959.6,2.190935626,41.384480472,2023-11-16 06:00:00
2023S006798    ,Sant Martí,el Poblenou,Pujades,Thursday,2023,11,November,16,Morning,,Not caused by the pedestrian,Bicicleta,Man,24,Driver,Desconegut,Unknown,Unknown,Minor injury: Hospitalization up to 24 hours,433080.25,4583662.49,2.198317886,41.399870923,2023-11-16 09:00:00
2023S006799    ,Sant Martí,la Verneda i la Pau,Prim,Thursday,2023,11,November,16,Morning,,Not caused by the pedestrian,Motorcycle,Woman,52,Driver,Desconegut,Unknown,Commuting,Minor injury: Hospitalization up to 24 hours,433283.03,4586516.33,2.200428623,41.425591543,2023-11-16 07:00:00
2023S006800    ,Sants-Montjuïc,Hostafrancs,Creu Coberta,Thursday,2023,11,November,16,Morning,,Not caused by the pedestrian,Autobús articulat,Man,52,Passenger,Desconegut,Unknown,Unknown,Minor injury: Hospitalization up to 24 hours,428581.41,4580957.33,2.144823146,41.375119289,2023-11-16 09:00:00
2023S006801    ,Sant Martí,el Camp de l'Arpa del Clot,Meridiana,Thursday,2023,11,November,16,Morning,,Disobeying the traffic light signal,Motorcycle,Woman,31,Pedestrian,En pas regulat per semàfor,Unknown,Unknown,Minor injury: Hospitalization up to 24 hours,432131.07,4584631.66,2.186855248,41.408520352,2023-11-16 09:00:00
2023S006803    ,Eixample,la Sagrada Família,Lepant,Thursday,2023,11,November,16,Morning,,Not caused by the pedestrian,Motorcycle,Man,39,Driver,Desconegut,Unknown,Unknown,Minor injury: Hospitalization up to 24 hours,431557.65,4583899.32,2.180078076,41.401875741,2023-11-16 12:00:00
2023S006804    ,Horta-Guinardó,la Font d'en Fargues,Pedrell,Thursday,2023,11,November,16,Morning,,Not caused by the pedestrian,Motorcycle,Man,45,Driver,Desconegut,Unknown,Unknown,Minor injury: Hospitalization up to 24 hours,429820.23,4586280.06,2.159018587,41.423168332,2023-11-16 11:00:00
2023S006805    ,Sarrià-Sant Gervasi,Sant Gervasi - Galvany,Diagonal,Thursday,2023,11,November,16,Morning,,Not caused by the pedestrian,Bus,Woman,57,Passenger,Desconegut,Unknown,Unknown,Minor injury: Hospitalization up to 24 hours,429469.88,4583286.81,2.155175382,41.396178542,2023-11-16 12:00:00
2023S006806    ,Sants-Montjuïc,Hostafrancs,Bordeta,Thursday,2023,11,November,16,Morning,,Not caused by the pedestrian,Veh. mobilitat personal amb motor,Man,21,Driver,En pas sense regular,Unknown,Unknown,Minor injury: Hospitalization up to 24 hours,428464.88,4580713.8,2.143458535,41.372915542,2023-11-16 13:00:00
2023S006807    ,Sarrià-Sant Gervasi,Sant Gervasi - Galvany,Diagonal,Thursday,2023,11,November,16,Morning,,Not caused by the pedestrian,Motorcycle,Man,31,Driver,Desconegut,Unknown,Leisure and entertainment,Minor injury: Hospitalization up to 24 hours,429430.09,4583191.25,2.154710596,41.395314373,2023-11-16 13:00:00
2023S006808    ,Sants-Montjuïc,la Font de la Guatlla,Mineria,Thursday,2023,11,November,16,Morning,,Not caused by the pedestrian,Motorcycle,Man,30,Driver,Desconegut,Unknown,Leisure and entertainment,Minor injury: Hospitalization up to 24 hours,428206.42,4580224.24,2.140426203,41.368483216,2023-11-16 12:00:00
2023S006809    ,Sant Andreu,el Bon Pastor,Monterrey,Thursday,2023,11,November,16,Afternoon,,Not caused by the pedestrian,Motorcycle,Woman,50,Driver,Desconegut,Unknown,Leisure and entertainment,Minor injury: Hospitalization up to 24 hours,433767.29,4588494.32,2.206006652,41.443446813,2023-11-16 14:00:00
2023S006810    ,Sarrià-Sant Gervasi,les Tres Torres,Mig (Ascendent),Thursday,2023,11,November,16,Afternoon,,Not caused by the pedestrian,Motorcycle,Woman,36,Driver,Desconegut,Unknown,Commuting,Minor injury: Hospitalization up to 24 hours,427734.56,4583219.96,2.134427246,41.395422295,2023-11-16 15:00:00
2023S006811    ,Ciutat Vella,el Raval,Litoral (Llobregat),Thursday,2023,11,November,16,Afternoon,,Not caused by the pedestrian,Motorcycle,Woman,24,Driver,Desconegut,Unknown,Commuting,Minor injury: Hospitalization up to 24 hours,431323.52,4580839.71,2.177624444,41.374298731,2023-11-16 17:00:00
2023S006812    ,Eixample,l'Antiga Esquerra de l'Eixample,Provença,Thursday,2023,11,November,16,Afternoon,,Not caused by the pedestrian,Bicicleta,Man,48,Driver,Desconegut,Unknown,Unknown,Minor injury: Hospitalization up to 24 hours,429415.46,4582536.54,2.154611953,41.389416342,2023-11-16 17:00:00
2023S006813    ,Les Corts,Pedralbes,Alcalde Baró de Viver,Thursday,2023,11,November,16,Afternoon,,Not caused by the pedestrian,Motorcycle,Woman,29,Driver,Desconegut,Unknown,Unknown,Minor injury: Hospitalization up to 24 hours,425238.83,4581781.81,2.10475403,41.382241273,2023-11-16 17:00:00
2023S006814    ,Horta-Guinardó,Horta,Maragall,Thursday,2023,11,November,16,Afternoon,,Not caused by the pedestrian,Bus,Woman,51,Passenger,Desconegut,Unknown,Unknown,Minor injury: Hospitalization up to 24 hours,430174.37,4586865.94,2.163188525,41.428476007,2023-11-16 17:00:00
2023S006815    ,Sant Martí,el Parc i la Llacuna del Poblenou,Diagonal,Thursday,2023,11,November,16,Afternoon,,Not caused by the pedestrian,Bicicleta,Man,26,Driver,Desconegut,Unknown,Leisure and entertainment,Minor injury: Hospitalization up to 24 hours,432668.44,4584197.29,2.19333237,41.404653321,2023-11-16 19:00:00
2023S006817    ,Eixample,la Nova Esquerra de l'Eixample,Viladomat,Thursday,2023,11,November,16,Night,,Not caused by the pedestrian,Motorcycle,Man,26,Driver,Desconegut,Unknown,Leisure and entertainment,Minor injury: Hospitalization up to 24 hours,429257.37,4581833.72,2.152803345,41.383072384,2023-11-16 22:00:00
2023S006818    ,Nou Barris,la Trinitat Nova,Meridiana,Thursday,2023,11,November,16,Afternoon,,Not caused by the pedestrian,Car,Man,59,Driver,Desconegut,Unknown,Unknown,Minor injury: Hospitalization up to 24 hours,432286.6,4589356.96,2.188186302,41.451092712,2023-11-16 21:00:00
2023S006819    ,Sant Martí,el Poblenou,Litoral (Llobregat),Friday,2023,11,November,17,Morning,,Not caused by the pedestrian,Motorcycle,Man,39,Driver,Desconegut,Unknown,Commuting,Serious injury: Hospitalization over 24 hours,433042.41,4582486.79,2.197995321,41.389278535,2023-11-17 08:00:00
2023S006820    ,Eixample,la Sagrada Família,Aragó,Friday,2023,11,November,17,Morning,,Not caused by the pedestrian,Motorcycle,Man,52,Driver,Desconegut,Unknown,Unknown,Minor injury: Refused medical assistance,431553.57,4584083.99,2.180008377,41.40353866,2023-11-17 07:00:00
2023S006822    ,Sarrià-Sant Gervasi,Sarrià,Setantí,Friday,2023,11,November,17,Morning,,Not caused by the pedestrian,Furgoneta,Man,11,Pedestrian,En zona peatonal,Student heading to an educational center,Unknown,Minor injury: Hospitalization up to 24 hours,426582.59,4583513.2,2.120613206,41.397958982,2023-11-17 08:00:00
2023S006823    ,Eixample,la Dreta de l'Eixample,Pau Claris,Friday,2023,11,November,17,Morning,,Not caused by the pedestrian,Bicicleta,Man,55,Driver,Desconegut,Unknown,Unknown,Minor injury: Medical assistance at accident site,430403.06,4582955.17,2.166375326,41.393272917,2023-11-17 08:00:00
2023S006824    ,Eixample,la Dreta de l'Eixample,Gràcia,Friday,2023,11,November,17,Morning,,Not caused by the pedestrian,Motorcycle,Man,35,Driver,Desconegut,Unknown,Commuting,Minor injury: Hospitalization up to 24 hours,429833.1,4583274.6,2.159521283,41.396100363,2023-11-17 11:00:00
2023S006825    ,Horta-Guinardó,el Baix Guinardó,Guinardó,Friday,2023,11,November,17,Morning,,Not caused by the pedestrian,Motorcycle,Woman,41,Driver,Desconegut,Unknown,Commuting,Minor injury: Hospitalization up to 24 hours,430432.84,4585050.82,2.166490535,41.412150316,2023-11-17 07:00:00
2023S006826    ,Eixample,el Fort Pienc,Castillejos,Friday,2023,11,November,17,Morning,,Not caused by the pedestrian,Car,Woman,58,Pedestrian,Altres,Unknown,Unknown,Minor injury: Hospitalization up to 24 hours,431991.7,4583838.25,2.185277113,41.401362555,2023-11-17 11:00:00
2023S006827    ,Sants-Montjuïc,la Marina del Prat Vermell,Estació del Morrot,Friday,2023,11,November,17,Afternoon,,Not caused by the pedestrian,Motorcycle,Man,34,Driver,Desconegut,Unknown,Commuting,Minor injury: Hospitalization up to 24 hours,430717.34,4579702.16,2.170506361,41.364001141,2023-11-17 14:00:00
2023S006828    ,Eixample,la Dreta de l'Eixample,Gràcia,Friday,2023,11,November,17,Afternoon,,Not caused by the pedestrian,Motorcycle,Woman,55,Driver,Desconegut,Unknown,Commuting,Serious injury: Hospitalization over 24 hours,430456.33,4582637.21,2.167048993,41.390413762,2023-11-17 15:00:00
2023S006829    ,Sant Martí,el Parc i la Llacuna del Poblenou,Pere IV,Friday,2023,11,November,17,Afternoon,,Not caused by the pedestrian,Motorcycle,Man,25,Driver,Desconegut,Unknown,Commuting,Minor injury: Hospitalization up to 24 hours,432784.91,4583579.09,2.194794346,41.399095112,2023-11-17 14:00:00
2023S006830    ,Sant Martí,el Besòs i el Maresme,Maresme,Friday,2023,11,November,17,Afternoon,,Not caused by the pedestrian,Car,Woman,7,Passenger,Desconegut,Unknown,Unknown,Minor injury: Hospitalization up to 24 hours,434347.01,4585253.16,2.213298028,41.414302207,2023-11-17 17:00:00
2023S006831    ,Sants-Montjuïc,el Poble-sec,Espanya,Friday,2023,11,November,17,Afternoon,,Not caused by the pedestrian,Motorcycle,Woman,22,Driver,Desconegut,Unknown,Unknown,Minor injury: Hospitalization up to 24 hours,428974.33,4580977.98,2.149518925,41.37534007,2023-11-17 15:00:00
2023S006832    ,Sarrià-Sant Gervasi,les Tres Torres,Mig (Ascendent),Friday,2023,11,November,17,Afternoon,,Not caused by the pedestrian,Motorcycle,Man,66,Driver,Desconegut,Unknown,Leisure and entertainment,Minor injury: Medical assistance at accident site,427506.39,4583015.73,2.131722609,41.39356233,2023-11-17 16:00:00
2023S006833    ,Eixample,la Dreta de l'Eixample,Mallorca,Friday,2023,11,November,17,Afternoon,,Not caused by the pedestrian,Car,Woman,22,Passenger,Desconegut,Unknown,Unknown,Minor injury: Medical assistance at accident site,429836.05,4582774.51,2.15961454,41.391596478,2023-11-17 15:00:00
2023S006834    ,Eixample,la Dreta de l'Eixample,Catalunya,Friday,2023,11,November,17,Afternoon,,Not caused by the pedestrian,Ciclomotor,Man,36,Driver,Desconegut,Unknown,On a mission,Minor injury: Hospitalization up to 24 hours,429868.7,4582996.42,2.159979329,41.393597996,2023-11-17 19:00:00
2023S006835    ,Eixample,l'Antiga Esquerra de l'Eixample,València,Friday,2023,11,November,17,Afternoon,,Not caused by the pedestrian,Taxi,Woman,32,Passenger,Desconegut,Unknown,Unknown,Minor injury: Medical assistance at accident site,429610.44,4582352.71,2.156965245,41.387777742,2023-11-17 19:00:00
2023S006836    ,Sant Andreu,el Bon Pastor,Potosí,Friday,2023,11,November,17,Afternoon,,Not caused by the pedestrian,Motorcycle,Man,50,Driver,Desconegut,Unknown,Unknown,Minor injury: Hospitalization up to 24 hours,433499.34,4588462.36,2.202802853,41.443136796,2023-11-17 21:00:00
2023S006838    ,Ciutat Vella,el Raval,Josep Carner,Friday,2023,11,November,17,Afternoon,,Not caused by the pedestrian,Motorcycle,Man,33,Passenger,Desconegut,Unknown,Unknown,Minor injury: Medical assistance at accident site,431213.91,4580892.22,2.176307867,41.374762308,2023-11-17 21:00:00
2023S006839    ,Ciutat Vella,el Raval,Raval,Thursday,2023,10,October,12,Afternoon,,Not caused by the pedestrian,Car,Woman,27,Driver,Desconegut,Unknown,Other activities,Minor injury: Hospitalization up to 24 hours,430524.89,4581414.89,2.168009212,41.379410624,2023-10-12 21:00:00
2023S006842    ,Nou Barris,Can Peguera,Fabra i Puig,Friday,2023,11,November,17,Afternoon,,Disobeying the traffic light signal,Motorcycle,Woman,14,Pedestrian,En pas regulat per semàfor,Unknown,Unknown,Minor injury: Medical assistance at accident site,430272.36,4587731.06,2.164261311,41.436276327,2023-11-17 20:00:00
2023S006844    ,Eixample,l'Antiga Esquerra de l'Eixample,Casanova,Saturday,2023,11,November,18,Night,,Not caused by the pedestrian,Motorcycle,Man,44,Driver,Desconegut,Unknown,Unknown,Minor injury: Hospitalization up to 24 hours,429283.61,4582606.91,2.153026836,41.390038552,2023-11-18 02:00:00
2023S006845    ,Ciutat Vella,el Raval,Carme,Saturday,2023,11,November,18,Morning,,Not caused by the pedestrian,Veh. mobilitat personal amb motor,Man,44,Driver,Desconegut,Unknown,Unknown,Minor injury: Hospitalization up to 24 hours,430838.81,4581811.79,2.171717742,41.383012447,2023-11-18 08:00:00
2023S006846    ,Eixample,l'Antiga Esquerra de l'Eixample,París,Saturday,2023,11,November,18,Morning,,Not caused by the pedestrian,Motorcycle,Man,23,Driver,Desconegut,Unknown,Unknown,Minor injury: Medical assistance at accident site,429140.67,4582860.01,2.151287664,41.392305549,2023-11-18 10:00:00
2023S006847    ,Gràcia,el Camp d'en Grassot i Gràcia Nova,Sant Joan,Wednesday,2023,11,November,15,Afternoon,,Others,Veh. mobilitat personal amb motor,Woman,55,Pedestrian,En pas regulat per semàfor,Unknown,Unknown,Minor injury: Hospitalization up to 24 hours,430119.02,4584204.74,2.162833755,41.40450273,2023-11-15 18:00:00
2023S006848    ,Sarrià-Sant Gervasi,Sant Gervasi - la Bonanova,Dalt (Llobregat),Saturday,2023,11,November,18,Morning,,Not caused by the pedestrian,Bus,Man,66,Passenger,Desconegut,Unknown,Unknown,Minor injury: Hospitalization up to 24 hours,427714.16,4585334.95,2.133930518,41.414469302,2023-11-18 11:00:00
2023S006849    ,Ciutat Vella,la Barceloneta,Sant Carles,Saturday,2023,11,November,18,Afternoon,,Not caused by the pedestrian,Bicicleta,Man,75,Driver,Desconegut,Unknown,Leisure and entertainment,Serious injury: Hospitalization over 24 hours,432247.77,4581352.18,2.188618481,41.378992811,2023-11-18 14:00:00
2023S006850    ,Gràcia,el Camp d'en Grassot i Gràcia Nova,Sant Joan,Saturday,2023,11,November,18,Afternoon,,Disobeying the traffic light signal,Motorcycle,Man,3,Pedestrian,En pas regulat per semàfor,Unknown,Unknown,Minor injury: Hospitalization up to 24 hours,430411.16,4583904.05,2.16636309,41.401819871,2023-11-18 15:00:00
2023S006851    ,Eixample,l'Antiga Esquerra de l'Eixample,Villarroel,Saturday,2023,11,November,18,Morning,,Not caused by the pedestrian,Veh. mobilitat personal amb motor,Man,43,Driver,Desconegut,Unknown,Leisure and entertainment,Minor injury: Hospitalization up to 24 hours,428911.49,4582746.49,2.148559935,41.391262879,2023-11-18 12:00:00
2023S006852    ,Nou Barris,la Guineueta,Dalt (Llobregat),Saturday,2023,11,November,18,Afternoon,,Not caused by the pedestrian,Car,Woman,36,Driver,Desconegut,Unknown,Unknown,Minor injury: Hospitalization up to 24 hours,430080.79,4588135.46,2.161921704,41.43990193,2023-11-18 14:00:00
2023S006853    ,Eixample,Sant Antoni,Corts Catalanes,Saturday,2023,11,November,18,Morning,,Not caused by the pedestrian,Car,Woman,23,Passenger,Desconegut,Unknown,Unknown,Minor injury: Hospitalization up to 24 hours,429355.61,4581351.42,2.154034414,41.378737103,2023-11-18 13:00:00