Case_Number,District_Name,Neighborhood_Name,Street_Name,Day_of_Week,Year,Month_Code,Month_Name,Day_of_Month,Shift_Description,Hour_of_Day,Pedestrian_Cause_Description,Involved_Vehicle_Type,Gender_Description,Age,Person_Type_Description,Pedestrian_Accident_Location_Description,Pedestrian_Movement_Reason_Description,Driver_Movement_Reason_Description,Victimization_Description,UTM_X_Coordinate,UTM_Y_Coordinate,Longitude,Latitude,datetime
2023S007049    ,Sarrià-Sant Gervasi,Sant Gervasi - la Bonanova,Pujol,Friday,2023,11,November,24,Afternoon,,Others,Car,Woman,72,Pedestrian,A la vorera / Andana,Unknown,Unknown,Minor injury: Refused medical assistance,427960.27,4584216.55,2.137008273,41.404418447,2023-11-24 18:00:00
2023S007050    ,Eixample,la Dreta de l'Eixample,Bruc,Monday,2023,11,November,27,Afternoon,,Others,Bus,Man,32,Pedestrian,Altres,Leisure and entertainment,Unknown,Minor injury: Medical assistance at accident site,430233.4,4583497.63,2.164283571,41.398143968,2023-11-27 19:00:00
2023S007051    ,Eixample,la Dreta de l'Eixample,Sant Joan,Monday,2023,11,November,27,Afternoon,,Not caused by the pedestrian,Motorcycle,Woman,37,Driver,Desconegut,Unknown,Leisure and entertainment,Minor injury: Hospitalization up to 24 hours,431068.55,4583231.96,2.174303422,41.395823228,2023-11-27 17:00:00
2023S007052    ,Horta-Guinardó,la Teixonera,Dalt (Llobregat),Monday,2023,11,November,27,Afternoon,,Not caused by the pedestrian,Bus,Man,63,Passenger,Desconegut,Unknown,Unknown,Minor injury: Hospitalization up to 24 hours,428380.2,4586368.62,2.141776772,41.423838803,2023-11-27 20:00:00
2023S007053    ,Sant Andreu,la Sagrera,Meridiana,Monday,2023,11,November,27,Afternoon,,Not caused by the pedestrian,Bus,Woman,78,Passenger,Desconegut,Unknown,Unknown,Minor injury: Hospitalization up to 24 hours,432125.67,4586209.56,2.186613502,41.422731555,2023-11-27 20:00:00
2023S007054    ,Ciutat Vella,el Barri Gòtic,Antonio López,Monday,2023,11,November,27,Afternoon,,Not caused by the pedestrian,Ciclomotor,Woman,52,Driver,Desconegut,Unknown,Leisure and entertainment,Minor injury: Hospitalization up to 24 hours,431694.26,4581581.69,2.181973748,41.381013124,2023-11-27 21:00:00
2023S007055    ,Horta-Guinardó,Horta,Horta a Cerdanyola,Monday,2023,11,November,27,Night,,Not caused by the pedestrian,Motorcycle,Woman,39,Driver,Desconegut,Unknown,Unknown,Minor injury: Hospitalization up to 24 hours,429359.09,4587764.57,2.153327026,41.436498274,2023-11-27 22:00:00
2023S007056    ,Eixample,la Nova Esquerra de l'Eixample,Corts Catalanes,Monday,2023,11,November,27,Morning,,Not caused by the pedestrian,Autobús articulat,Man,67,Passenger,Desconegut,Unknown,Unknown,Minor injury: Hospitalization up to 24 hours,429737.74,4581724.85,2.15856054,41.382133946,2023-11-27 12:00:00
2023S007057    ,Sants-Montjuïc,la Marina del Prat Vermell,Número 3 Zona Franca,Tuesday,2023,11,November,28,Night,,Not caused by the pedestrian,Car,Man,48,Driver,Desconegut,Unknown,Commuting,Minor injury: Hospitalization up to 24 hours,427265.97,4576644.81,2.129611526,41.336160036,2023-11-28 05:00:00
2023S007058    ,Nou Barris,la Guineueta,Caçador,Tuesday,2023,11,November,28,Morning,,Not caused by the pedestrian,Furgoneta,Woman,34,Pedestrian,En pas regulat per semàfor,Commuting,Unknown,Minor injury: Hospitalization up to 24 hours,430471.16,4588315.38,2.166573355,41.441556316,2023-11-28 07:00:00
2023S007059    ,Horta-Guinardó,el Baix Guinardó,Sant Antoni Maria Claret,Tuesday,2023,11,November,28,Morning,,Not caused by the pedestrian,Motorcycle,Man,59,Driver,Desconegut,Unknown,Leisure and entertainment,Minor injury: Hospitalization up to 24 hours,430807.89,4584665.36,2.171021733,41.408711001,2023-11-28 08:00:00
2023S007060    ,Gràcia,la Vila de Gràcia,Gràcia,Monday,2023,11,November,27,Morning,,Not caused by the pedestrian,Ciclomotor,Woman,46,Driver,Desconegut,Unknown,Unknown,Minor injury: Medical assistance at accident site,429710.59,4583870.26,2.157986748,41.401454561,2023-11-27 12:00:00
2023S007061    ,Eixample,la Dreta de l'Eixample,Gràcia,Tuesday,2023,11,November,28,Morning,,Not caused by the pedestrian,Motorcycle,Man,55,Driver,Desconegut,Unknown,Commuting,Minor injury: Hospitalization up to 24 hours,429914.38,4583230.13,2.160498625,41.395706928,2023-11-28 08:00:00
2023S007062    ,Sant Andreu,Sant Andreu,Segre,Friday,2023,11,November,24,Afternoon,,Not caused by the pedestrian,Car,Woman,29,Pedestrian,En pas sense regular,Unknown,Unknown,Minor injury: Hospitalization up to 24 hours,432784.99,4587161.24,2.194397063,41.431358506,2023-11-24 15:00:00
2023S007063    ,Sarrià-Sant Gervasi,Sant Gervasi - Galvany,Muntaner,Tuesday,2023,11,November,28,Morning,,Not caused by the pedestrian,Motorcycle,Man,33,Driver,Desconegut,Unknown,Commuting,Minor injury: Hospitalization up to 24 hours,428473.45,4583594.92,2.143220672,41.398865512,2023-11-28 08:00:00
2023S007064    ,Eixample,Sant Antoni,Tamarit,Tuesday,2023,11,November,28,Morning,,Not caused by the pedestrian,Autobús articulat,Man,75,Passenger,Desconegut,Unknown,Unknown,Minor injury: Hospitalization up to 24 hours,430068.5,4581482.33,2.162543925,41.379978477,2023-11-28 08:00:00
2023S007065    ,Sants-Montjuïc,la Marina del Prat Vermell,E Zona Franca,Tuesday,2023,11,November,28,Afternoon,,Not caused by the pedestrian,Motorcycle,Man,32,Driver,Desconegut,Unknown,Commuting,Minor injury: Hospitalization up to 24 hours,427033.56,4576155.26,2.126893075,41.331729793,2023-11-28 14:00:00
2023S007066    ,Les Corts,les Corts,Josep Tarradellas,Tuesday,2023,11,November,28,Morning,,Not caused by the pedestrian,Motorcycle,Woman,62,Driver,Desconegut,Unknown,Commuting,Minor injury: Hospitalization up to 24 hours,428499.73,4582666.13,2.143644741,41.390502587,2023-11-28 13:00:00
2023S007067    ,Sants-Montjuïc,la Marina del Prat Vermell,Litoral (Llobregat),Tuesday,2023,11,November,28,Afternoon,,Not caused by the pedestrian,Car,Woman,14,Passenger,Desconegut,Unknown,Unknown,Minor injury: Hospitalization up to 24 hours,428123.24,4577763.57,2.139723381,41.346313334,2023-11-28 14:00:00
2023S007068    ,Eixample,Sant Antoni,Paral·lel,Tuesday,2023,11,November,28,Afternoon,,Not caused by the pedestrian,Motorcycle,Man,52,Driver,Desconegut,Unknown,Unknown,Minor injury: Hospitalization up to 24 hours,429362.65,4580936.13,2.154167022,41.374997338,2023-11-28 16:00:00
2023S007069    ,Les Corts,les Corts,Josep Tarradellas,Tuesday,2023,11,November,28,Afternoon,,Not caused by the pedestrian,Motorcycle,Woman,36,Driver,Desconegut,Unknown,Commuting,Minor injury: Hospitalization up to 24 hours,428456.16,4582583.9,2.143133364,41.389758095,2023-11-28 16:00:00
2023S007071    ,Sarrià-Sant Gervasi,el Putxet i el Farró,General Mitre,Tuesday,2023,11,November,28,Afternoon,,Not caused by the pedestrian,Motorcycle,Woman,51,Driver,Desconegut,Unknown,Commuting,Minor injury: Hospitalization up to 24 hours,428354.05,4584235.63,2.141716601,41.404625502,2023-11-28 16:00:00
2023S007072    ,Eixample,la Dreta de l'Eixample,Diagonal,Tuesday,2023,11,November,28,Afternoon,,Not caused by the pedestrian,Motorcycle,Man,28,Driver,Desconegut,Unknown,Commuting,Minor injury: Hospitalization up to 24 hours,430134.59,4583421.81,2.163110418,41.397452499,2023-11-28 17:00:00
2023S007073    ,Eixample,la Dreta de l'Eixample,Provença,Tuesday,2023,11,November,28,Afternoon,,Not caused by the pedestrian,Motorcycle,Man,28,Driver,Desconegut,Unknown,Commuting,Minor injury: Hospitalization up to 24 hours,429868.7,4582996.42,2.159979329,41.393597996,2023-11-28 20:00:00
2023S007074    ,Sarrià-Sant Gervasi,les Tres Torres,Rosari,Tuesday,2023,11,November,28,Afternoon,,Not caused by the pedestrian,Motorcycle,Man,23,Passenger,Desconegut,Unknown,Unknown,Minor injury: Hospitalization up to 24 hours,427431.98,4583408.61,2.130785524,41.397094127,2023-11-28 20:00:00
2023S007076    ,Eixample,la Dreta de l'Eixample,Rosselló,Tuesday,2023,11,November,28,Afternoon,,Not caused by the pedestrian,Motorcycle,Man,35,Driver,Desconegut,Unknown,On a mission,Minor injury: Hospitalization up to 24 hours,430134.59,4583421.81,2.163110418,41.397452499,2023-11-28 20:00:00
2023S007077    ,Eixample,la Dreta de l'Eixample,Cinc d'Oros,Tuesday,2023,11,November,28,Afternoon,,Not caused by the pedestrian,Autobús articulat,Woman,46,Passenger,Desconegut,Unknown,Unknown,Minor injury: Hospitalization up to 24 hours,429834.22,4583321.69,2.15952922,41.396524584,2023-11-28 21:00:00
2023S007078    ,Eixample,la Dreta de l'Eixample,Diagonal,Tuesday,2023,11,November,28,Afternoon,,Not caused by the pedestrian,Motorcycle,Man,40,Driver,Desconegut,Unknown,Unknown,Minor injury: Medical assistance at accident site,429964.09,4583338.39,2.161080675,41.396686323,2023-11-28 20:00:00
2023S007079    ,Eixample,la Dreta de l'Eixample,Diputació,Tuesday,2023,11,November,28,Afternoon,,Not caused by the pedestrian,Motorcycle,Woman,55,Driver,Desconegut,Unknown,Commuting,Minor injury: Hospitalization up to 24 hours,430684.51,4582858.44,2.169752694,41.39242602,2023-11-28 19:00:00
2023S007080    ,Sarrià-Sant Gervasi,Sant Gervasi - Galvany,Diagonal,Tuesday,2023,11,November,28,Afternoon,,Not caused by the pedestrian,Veh. mobilitat personal amb motor,Man,50,Driver,Desconegut,Unknown,Unknown,Minor injury: Hospitalization up to 24 hours,428614.3,4582926.6,2.144984276,41.392858727,2023-11-28 20:00:00
2023S007081    ,Sants-Montjuïc,el Poble-sec,Espanya,Wednesday,2023,11,November,29,Morning,,Not caused by the pedestrian,Car,Woman,49,Pedestrian,A la vorera / Andana,Unknown,Unknown,Serious injury: Hospitalization over 24 hours,428974.33,4580977.98,2.149518925,41.37534007,2023-11-29 07:00:00
2023S007082    ,Sarrià-Sant Gervasi,Sant Gervasi - la Bonanova,Sant Gervasi,Wednesday,2023,11,November,29,Morning,,Not caused by the pedestrian,Tricicle,Man,59,Driver,Desconegut,Unknown,Commuting,Serious injury: Hospitalization over 24 hours,427970.87,4584863.31,2.137058057,41.410244499,2023-11-29 06:00:00
2023S007083    ,Eixample,Sant Antoni,Espanya,Wednesday,2023,11,November,29,Morning,,Not caused by the pedestrian,Veh. mobilitat personal amb motor,Woman,45,Driver,Desconegut,Unknown,Commuting,Minor injury: Hospitalization up to 24 hours,428989.31,4580940.29,2.149702461,41.375001931,2023-11-29 06:00:00
2023S007084    ,Eixample,la Sagrada Família,Còrsega,Wednesday,2023,11,November,29,Morning,,Not caused by the pedestrian,Motorcycle,Man,25,Driver,Desconegut,Unknown,Commuting,Minor injury: Refused medical assistance,431115.48,4584580.07,2.174711261,41.407969256,2023-11-29 10:00:00
2023S007085    ,Horta-Guinardó,la Teixonera,Arenys,Wednesday,2023,11,November,29,Morning,,Not caused by the pedestrian,Motorcycle,Woman,65,Pedestrian,Fora del pas,Unknown,Unknown,Minor injury: Hospitalization up to 24 hours,428710.2,4586249.28,2.145739649,41.422793324,2023-11-29 10:00:00
2023S007086    ,Eixample,l'Antiga Esquerra de l'Eixample,Rosselló,Wednesday,2023,11,November,29,Morning,,Not caused by the pedestrian,Motorcycle,Man,38,Driver,Desconegut,Unknown,Unknown,Minor injury: Hospitalization up to 24 hours,429601.2,4582904.42,2.156790581,41.392745999,2023-11-29 09:00:00
2023S007087    ,Sants-Montjuïc,la Marina del Prat Vermell,Major de Mercabarna,Wednesday,2023,11,November,29,Morning,,Not caused by the pedestrian,Altres vehicles amb motor,Man,45,Pedestrian,En pas sense senyalitzar,Unknown,Unknown,Minor injury: Hospitalization up to 24 hours,426097.79,4576076.61,2.115721029,41.330936114,2023-11-29 07:00:00
2023S007088    ,Sants-Montjuïc,Sants - Badal,Ventura Plaja,Wednesday,2023,11,November,29,Morning,,Not caused by the pedestrian,Motorcycle,Woman,40,Driver,Desconegut,Unknown,Commuting,Minor injury: Hospitalization up to 24 hours,427139.42,4580976.03,2.127578891,41.37515838,2023-11-29 07:00:00
2023S007089    ,Sant Martí,el Parc i la Llacuna del Poblenou,Àlaba,Wednesday,2023,11,November,29,Morning,,Not caused by the pedestrian,Motorcycle,Woman,30,Driver,Desconegut,Unknown,Unknown,Minor injury: Hospitalization up to 24 hours,432757.91,4583223.32,2.194510914,41.395888526,2023-11-29 10:00:00
2023S007090    ,Horta-Guinardó,la Clota,Estatut,Wednesday,2023,11,November,29,Morning,,Not caused by the pedestrian,Car,Woman,48,Passenger,Desconegut,Unknown,Unknown,Minor injury: Hospitalization up to 24 hours,429493.73,4587108.15,2.155015073,41.430598006,2023-11-29 10:00:00
2023S007092    ,Eixample,l'Antiga Esquerra de l'Eixample,Enric Granados,Wednesday,2023,11,November,29,Morning,,Not caused by the pedestrian,Bicicleta,Woman,55,Driver,Desconegut,Unknown,Commuting,Serious injury: Hospitalization over 24 hours,429553.08,4582871.6,2.156218866,41.392446185,2023-11-29 10:00:00
2023S007093    ,Sarrià-Sant Gervasi,Sant Gervasi - la Bonanova,Quatre Camins,Wednesday,2023,11,November,29,Morning,,Not caused by the pedestrian,Motorcycle,Man,23,Passenger,Desconegut,Unknown,Unknown,Minor injury: Hospitalization up to 24 hours,427247.15,4584644.34,2.128426155,41.408207115,2023-11-29 12:00:00
2023S007094    ,Sant Martí,el Poblenou,Pallars,Wednesday,2023,11,November,29,Afternoon,,Not caused by the pedestrian,Motorcycle,Man,37,Driver,Desconegut,Unknown,Leisure and entertainment,Minor injury: Medical assistance at accident site,432784.91,4583579.09,2.194794346,41.399095112,2023-11-29 14:00:00
2023S007095    ,Eixample,Sant Antoni,Vilamarí,Wednesday,2023,11,November,29,Morning,,Not caused by the pedestrian,Veh. mobilitat personal amb motor,Woman,35,Driver,Desconegut,Unknown,Unknown,Minor injury: Hospitalization up to 24 hours,429308.27,4581018.37,2.153507197,41.37573327,2023-11-29 08:00:00
2023S007097    ,Sarrià-Sant Gervasi,Sant Gervasi - Galvany,Augusta,Wednesday,2023,11,November,29,Afternoon,,Not caused by the pedestrian,Motorcycle,Woman,45,Driver,Desconegut,Unknown,Unknown,Minor injury: Hospitalization up to 24 hours,429107.55,4583806.39,2.150780678,41.400826332,2023-11-29 15:00:00
2023S007098    ,Sants-Montjuïc,la Marina del Prat Vermell,Litoral (Besòs),Thursday,2023,4,April,13,Afternoon,,Not caused by the pedestrian,Motorcycle,Man,47,Driver,Desconegut,Unknown,Leisure and entertainment,Minor injury: Refused medical assistance,428915.66,4578173.61,2.149146232,41.350076799,2023-04-13 14:00:00
2023S007099    ,Sarrià-Sant Gervasi,Sant Gervasi - Galvany,Muntaner,Wednesday,2023,11,November,29,Morning,,Not caused by the pedestrian,Motorcycle,Man,20,Driver,Desconegut,Unknown,Unknown,Minor injury: Hospitalization up to 24 hours,429001.92,4583052.43,2.149605603,41.394026363,2023-11-29 08:00:00
2023S007100    ,Les Corts,Pedralbes,Dalt (Besòs),Wednesday,2023,11,November,29,Morning,,Not caused by the pedestrian,Car,Woman,21,Driver,Desconegut,Unknown,Commuting,Minor injury: Hospitalization up to 24 hours,425098.69,4581932.44,2.103059564,41.383584888,2023-11-29 13:00:00
2023S007101    ,Eixample,la Dreta de l'Eixample,Gràcia,Wednesday,2023,11,November,29,Afternoon,,Not caused by the pedestrian,Bus,Woman,61,Passenger,Desconegut,Unknown,Unknown,Minor injury: Hospitalization up to 24 hours,429958.79,4583136.89,2.161040601,41.394871018,2023-11-29 16:00:00
2023S007102    ,Eixample,el Fort Pienc,Aragó,Wednesday,2023,11,November,29,Afternoon,,Not caused by the pedestrian,Motorcycle,Man,32,Driver,Desconegut,Unknown,Commuting,Minor injury: Hospitalization up to 24 hours,431071.21,4583612.42,2.174291902,41.399250142,2023-11-29 14:00:00
2023S007103    ,Sarrià-Sant Gervasi,Sant Gervasi - Galvany,Pau Casals,Wednesday,2023,11,November,29,Afternoon,,Not caused by the pedestrian,Car,Woman,48,Pedestrian,En pas sense regular,Unknown,Unknown,Serious injury: Hospitalization over 24 hours,428359.75,4583041.56,2.141926156,41.393871482,2023-11-29 19:00:00
2023S007104    ,Sant Martí,el Camp de l'Arpa del Clot,Maragall,Wednesday,2023,11,November,29,Afternoon,,Not caused by the pedestrian,Motorcycle,Woman,37,Driver,Desconegut,Unknown,Commuting,Minor injury: Hospitalization up to 24 hours,431615.94,4585394.06,2.180606342,41.415343363,2023-11-29 17:00:00
2023S007105    ,Horta-Guinardó,Horta,Universal,Wednesday,2023,11,November,29,Afternoon,,Not caused by the pedestrian,Car,Man,44,Driver,Desconegut,Unknown,Unknown,Minor injury: Medical assistance at accident site,429881.69,4588003.65,2.159553969,41.438697399,2023-11-29 18:00:00
2023S007106    ,Horta-Guinardó,la Vall d'Hebron,Vall d'Hebron,Wednesday,2023,11,November,29,Afternoon,,Not caused by the pedestrian,Autobús articulat,Woman,74,Passenger,Desconegut,Unknown,Unknown,Minor injury: Hospitalization up to 24 hours,428886.53,4587640.87,2.147685803,41.435342429,2023-11-29 17:00:00
2023S007108    ,Sant Martí,Provençals del Poblenou,Marroc,Wednesday,2023,11,November,29,Afternoon,,Not caused by the pedestrian,Motorcycle,Man,31,Driver,Desconegut,Unknown,Unknown,Minor injury: Hospitalization up to 24 hours,433090.05,4584419.2,2.198351418,41.406687227,2023-11-29 18:00:00
2023S007109    ,Sarrià-Sant Gervasi,Sant Gervasi - la Bonanova,Isaac Newton,Wednesday,2023,11,November,29,Afternoon,,Not caused by the pedestrian,Motorcycle,Man,24,Driver,Desconegut,Unknown,Leisure and entertainment,Minor injury: Hospitalization up to 24 hours,427504.46,4585298.73,2.131425947,41.414124185,2023-11-29 18:00:00
2023S007110    ,Eixample,la Sagrada Família,València,Wednesday,2023,11,November,29,Afternoon,,Not caused by the pedestrian,Motorcycle,Man,35,Driver,Desconegut,Unknown,Unknown,Minor injury: Refused medical assistance,431074.8,4583801.69,2.174313284,41.400955146,2023-11-29 18:00:00
2023S007111    ,Sant Martí,Provençals del Poblenou,Cristóbal de Moura,Wednesday,2023,11,November,29,Afternoon,,Not caused by the pedestrian,Motorcycle,Woman,25,Driver,Desconegut,Unknown,Unknown,Minor injury: Hospitalization up to 24 hours,433470.11,4584602.06,2.202877994,41.408365763,2023-11-29 17:00:00
2023S007112    ,Ciutat Vella,el Raval,Portal de la Pau,Wednesday,2023,11,November,29,Afternoon,,Not caused by the pedestrian,Veh. mobilitat personal amb motor,Man,38,Driver,Desconegut,Unknown,Other activities,Minor injury: Hospitalization up to 24 hours,431292.13,4580896.4,2.177242682,41.374806642,2023-11-29 17:00:00
2023S007113    ,Les Corts,les Corts,Diagonal,Wednesday,2023,11,November,29,Afternoon,,Not caused by the pedestrian,Motorcycle,Woman,23,Driver,Desconegut,Unknown,Leisure and entertainment,Minor injury: Hospitalization up to 24 hours,427575.97,4582577.49,2.13260725,41.389621548,2023-11-29 17:00:00
2023S007114    ,Sant Martí,el Camp de l'Arpa del Clot,Còrsega,Wednesday,2023,11,November,29,Afternoon,,Not caused by the pedestrian,Bicicleta,Man,40,Driver,Desconegut,Unknown,On a mission,Minor injury: Hospitalization up to 24 hours,431624.31,4585111.67,2.18073842,41.412800679,2023-11-29 21:00:00
2023S007115    ,Sant Andreu,el Bon Pastor,São Paulo,Wednesday,2023,11,November,29,Afternoon,,Not caused by the pedestrian,Car,Man,31,Pedestrian,En pas regulat per semàfor,Unknown,Unknown,Minor injury: Hospitalization up to 24 hours,433293.16,4588028.53,2.200382853,41.439212312,2023-11-29 21:00:00
2023S007117    ,Sants-Montjuïc,Sants - Badal,Blanca,Wednesday,2023,11,November,29,Afternoon,,Not caused by the pedestrian,Veh. mobilitat personal amb motor,Woman,48,Pedestrian,En pas regulat per semàfor,Leisure and entertainment,Unknown,Minor injury: Hospitalization up to 24 hours,426920.18,4580755.27,2.124984049,41.37315019,2023-11-29 20:00:00
2023S007118    ,Eixample,la Dreta de l'Eixample,Diputació,Wednesday,2023,11,November,29,Night,,Not caused by the pedestrian,Motorcycle,Woman,48,Driver,Desconegut,Unknown,Leisure and entertainment,Minor injury: Refused medical assistance,430684.51,4582858.44,2.169752694,41.39242602,2023-11-29 22:00:00
2023S007119    ,Eixample,la Dreta de l'Eixample,Pau Claris,Wednesday,2023,11,November,29,Afternoon,,Not caused by the pedestrian,Bicicleta,Man,30,Driver,Desconegut,Unknown,On a mission,Minor injury: Hospitalization up to 24 hours,430028.14,4583341.24,2.161846456,41.396717571,2023-11-29 21:00:00
2023S007120    ,Les Corts,les Corts,Josep Tarradellas,Thursday,2023,11,November,30,Night,,Not caused by the pedestrian,Motorcycle,Man,18,Driver,Desconegut,Unknown,Commuting,Minor injury: Hospitalization up to 24 hours,428499.73,4582666.13,2.143644741,41.390502587,2023-11-30 00:00:00
2023S007121    ,Sant Martí,Provençals del Poblenou,C-31,Wednesday,2023,11,November,29,Night,,Not caused by the pedestrian,Motorcycle,Man,38,Driver,Desconegut,Unknown,On a mission,Minor injury: Refused medical assistance,433081.87,4584996.69,2.198189661,41.411887841,2023-11-29 22:00:00
2023S007122    ,Horta-Guinardó,Horta,Dalt (Besòs),Thursday,2023,11,November,30,Morning,,Not caused by the pedestrian,Motorcycle,Woman,34,Driver,Desconegut,Unknown,Student heading to an educational center,Minor injury: Hospitalization up to 24 hours,429689.7,4588056.11,2.157249965,41.439153087,2023-11-30 07:00:00
2023S007123    ,Sarrià-Sant Gervasi,Sant Gervasi - Galvany,Casanova,Thursday,2023,11,November,30,Morning,,Not caused by the pedestrian,Veh. mobilitat personal amb motor,Man,40,Driver,Desconegut,Unknown,Commuting,Minor injury: Hospitalization up to 24 hours,428860.06,4583006.33,2.14791429,41.393598614,2023-11-30 09:00:00
2023S007124    ,Eixample,l'Antiga Esquerra de l'Eixample,Aragó,Thursday,2023,11,November,30,Morning,,Not caused by the pedestrian,Motorcycle,Man,36,Driver,Desconegut,Unknown,Unknown,Minor injury: Refused medical assistance,429830.93,4582396.05,2.15959717,41.388187366,2023-11-30 09:00:00
2023S007125    ,Gràcia,Vallcarca i els Penitents,Vallcarca,Thursday,2023,11,November,30,Morning,,Not caused by the pedestrian,Motorcycle,Man,46,Driver,Desconegut,Unknown,On a mission,Minor injury: Hospitalization up to 24 hours,428379.67,4585475.09,2.141876298,41.415791103,2023-11-30 08:00:00
2023S007126    ,Eixample,la Dreta de l'Eixample,València,Thursday,2023,11,November,30,Morning,,Not caused by the pedestrian,Veh. mobilitat personal amb motor,Man,35,Driver,Desconegut,Unknown,Other activities,Minor injury: Refused medical assistance,430595.65,4583334.94,2.168635254,41.396710038,2023-11-30 10:00:00
2023S007127    ,Les Corts,les Corts,Diagonal,Thursday,2023,11,November,30,Morning,,Not caused by the pedestrian,Car,Woman,56,Passenger,Desconegut,Unknown,Unknown,Minor injury: Refused medical assistance,428106.42,4582716.0,2.138934857,41.390916668,2023-11-30 12:00:00
2023S007128    ,Gràcia,el Coll,Flandes,Thursday,2023,11,November,30,Morning,,Not caused by the pedestrian,Bus,Woman,48,Passenger,Desconegut,Unknown,Unknown,Minor injury: Hospitalization up to 24 hours,428790.99,4585463.77,2.146798905,41.415725722,2023-11-30 08:00:00
2023S007129    ,Sarrià-Sant Gervasi,Sant Gervasi - la Bonanova,Dalt (Llobregat),Thursday,2023,11,November,30,Morning,,Not caused by the pedestrian,Bicicleta,Man,36,Driver,Desconegut,Unknown,Commuting,Minor injury: Medical assistance at accident site,427714.16,4585334.95,2.133930518,41.414469302,2023-11-30 08:00:00
2023S007130    ,Eixample,la Nova Esquerra de l'Eixample,Mallorca,Thursday,2023,11,November,30,Morning,,Not caused by the pedestrian,Veh. mobilitat personal amb motor,Man,16,Driver,Desconegut,Unknown,Student heading to an educational center,Minor injury: Hospitalization up to 24 hours,429260.74,4582212.74,2.152799369,41.386486386,2023-11-30 08:00:00
2023S007131    ,Sant Martí,Diagonal Mar i el Front Marítim del Poblenou,Selva de Mar,Thursday,2023,11,November,30,Morning,,Not caused by the pedestrian,Motorcycle,Man,78,Driver,Desconegut,Unknown,Unknown,Minor injury: Hospitalization up to 24 hours,434223.9,4584407.27,2.211917083,41.40667341,2023-11-30 09:00:00
2023S007132    ,Eixample,l'Antiga Esquerra de l'Eixample,Aragó,Thursday,2023,11,November,30,Morning,,Not caused by the pedestrian,Ciclomotor,Man,30,Driver,Desconegut,Unknown,Unknown,Minor injury: Refused medical assistance,429447.81,4582020.17,2.155059021,41.38476841,2023-11-30 12:00:00
2023S007134    ,Sants-Montjuïc,la Marina del Prat Vermell,A Zona Franca,Thursday,2023,11,November,23,Morning,,Not caused by the pedestrian,Motorcycle,Man,43,Driver,Desconegut,Unknown,Commuting,Minor injury: Hospitalization up to 24 hours,428543.09,4577414.4,2.144782487,41.343205834,2023-11-23 13:00:00
2023S007135    ,Gràcia,la Vila de Gràcia,Gran de Gràcia,Thursday,2023,11,November,30,Afternoon,,Not caused by the pedestrian,Motorcycle,Woman,55,Driver,Desconegut,Unknown,Commuting,Minor injury: Hospitalization up to 24 hours,429591.06,4583600.96,2.156588268,41.399018606,2023-11-30 14:00:00
2023S007136    ,Les Corts,la Maternitat i Sant Ramon,Carles III,Thursday,2023,11,November,30,Afternoon,,Not caused by the pedestrian,Motorcycle,Man,41,Driver,Desconegut,Unknown,Commuting,Minor injury: Hospitalization up to 24 hours,427269.91,4581441.24,2.129083318,41.37936016,2023-11-30 14:00:00
2023S007137    ,Sant Martí,la Verneda i la Pau,Santander,Thursday,2023,11,November,30,Morning,,Not caused by the pedestrian,Motorcycle,Man,59,Driver,Desconegut,Unknown,Unknown,Minor injury: Hospitalization up to 24 hours,433501.25,4586845.07,2.203003786,41.428570514,2023-11-30 09:00:00
2023S007138    ,Sarrià-Sant Gervasi,Sant Gervasi - Galvany,Sagués,Thursday,2023,11,November,30,Afternoon,,Walking on the road,Furgoneta,Man,28,Pedestrian,Fora del pas,Leisure and entertainment,Unknown,Minor injury: Hospitalization up to 24 hours,428657.76,4583025.18,2.145492455,41.393750459,2023-11-30 14:00:00
2023S007139    ,Eixample,l'Antiga Esquerra de l'Eixample,París,Thursday,2023,11,November,30,Afternoon,,Not caused by the pedestrian,Veh. mobilitat personal amb motor,Man,26,Driver,Desconegut,Unknown,Unknown,Minor injury: Medical assistance at accident site,429078.41,4582782.78,2.150552064,41.391604474,2023-11-30 16:00:00
2023S007140    ,Eixample,l'Antiga Esquerra de l'Eixample,Aragó,Thursday,2023,11,November,30,Afternoon,,Not caused by the pedestrian,Motorcycle,Woman,37,Driver,Desconegut,Unknown,Unknown,Minor injury: Hospitalization up to 24 hours,429865.51,4582453.05,2.160004129,41.388703764,2023-11-30 16:00:00
2023S007141    ,Sant Martí,Provençals del Poblenou,C-31,Thursday,2023,11,November,30,Afternoon,,Not caused by the pedestrian,Furgoneta,Woman,12,Passenger,Desconegut,Unknown,Unknown,Minor injury: Hospitalization up to 24 hours,433509.45,4585389.78,2.203262019,41.415463805,2023-11-30 19:00:00
2023S007142    ,Eixample,la Sagrada Família,Rosselló,Thursday,2023,11,November,30,Afternoon,,Not caused by the pedestrian,Motorcycle,Man,43,Driver,Desconegut,Unknown,Other activities,Minor injury: Hospitalization up to 24 hours,431274.06,4584558.52,2.176610842,41.407788743,2023-11-30 19:00:00