Case_Number,District_Name,Neighborhood_Name,Street_Name,Day_of_Week,Year,Month_Code,Month_Name,Day_of_Month,Shift_Description,Hour_of_Day,Pedestrian_Cause_Description,Involved_Vehicle_Type,Gender_Description,Age,Person_Type_Description,Pedestrian_Accident_Location_Description,Pedestrian_Movement_Reason_Description,Driver_Movement_Reason_Description,Victimization_Description,UTM_X_Coordinate,UTM_Y_Coordinate,Longitude,Latitude,datetime
2023S007143    ,Sant Andreu,el Congrés i els Indians,Felip II,Thursday,2023,11,November,30,Afternoon,,Crossing outside the pedestrian crossing,Bicicleta,Man,51,Driver,Fora del pas,Unknown,Unknown,Minor injury: Medical assistance at accident site,431687.33,4586402.97,2.181346474,41.424436361,2023-11-30 17:00:00
2023S007144    ,Sant Martí,el Besòs i el Maresme,C-31,Thursday,2023,11,November,30,Afternoon,,Not caused by the pedestrian,Motorcycle,Man,37,Driver,Desconegut,Unknown,Commuting,Minor injury: Hospitalization up to 24 hours,434078.33,4585946.2,2.210007828,41.420522231,2023-11-30 18:00:00
2023S007145    ,Eixample,la Dreta de l'Eixample,Casp,Thursday,2023,11,November,30,Night,,Not caused by the pedestrian,Motorcycle,Man,30,Driver,Desconegut,Unknown,Leisure and entertainment,Minor injury: Refused medical assistance,431117.69,4582881.63,2.174931057,41.392672124,2023-11-30 22:00:00
2023S007146    ,Sant Martí,el Clot,Independència,Thursday,2023,11,November,30,Afternoon,,Not caused by the pedestrian,Motorcycle,Man,27,Driver,Desconegut,Unknown,Unknown,Minor injury: Hospitalization up to 24 hours,431934.16,4584454.66,2.184519459,41.406909506,2023-11-30 17:00:00
2023S007147    ,Eixample,la Sagrada Família,Lepant,Thursday,2023,11,November,30,Afternoon,,Not caused by the pedestrian,Motorcycle,Woman,48,Driver,Desconegut,Unknown,Unknown,Minor injury: Refused medical assistance,431247.04,4584201.49,2.176328177,41.404570775,2023-11-30 17:00:00
2023S007148    ,Eixample,l'Antiga Esquerra de l'Eixample,València,Friday,2023,12,December,1,Night,,Disobeying the traffic light signal,Bus,Man,33,Pedestrian,En pas regulat per semàfor,Unknown,Unknown,Minor injury: Hospitalization up to 24 hours,429641.8,4582396.81,2.157335169,41.388177681,2023-12-01 03:00:00
2023S007149    ,Sants-Montjuïc,la Marina del Prat Vermell,Foc,Thursday,2023,11,November,30,Afternoon,,Not caused by the pedestrian,Motorcycle,Man,48,Driver,Desconegut,Unknown,Unknown,Minor injury: Hospitalization up to 24 hours,428175.46,4578803.22,2.140224403,41.355681796,2023-11-30 16:00:00
2023S007150    ,Eixample,la Sagrada Família,Consell de Cent,Friday,2023,12,December,1,Morning,,Not caused by the pedestrian,Motorcycle,Man,25,Driver,Desconegut,Unknown,Leisure and entertainment,Minor injury: Hospitalization up to 24 hours,431771.12,4584092.71,2.182609825,41.403635702,2023-12-01 07:00:00
2023S007151    ,Eixample,l'Antiga Esquerra de l'Eixample,Corts Catalanes,Thursday,2023,11,November,30,Afternoon,,Not caused by the pedestrian,Motorcycle,Man,48,Driver,Desconegut,Unknown,Unknown,Minor injury: Refused medical assistance,429925.96,4581872.3,2.160794301,41.383478406,2023-11-30 18:00:00
2023S007152    ,Nou Barris,la Prosperitat,Santa Engràcia,Thursday,2023,11,November,30,Afternoon,,Not caused by the pedestrian,Veh. mobilitat personal amb motor,Man,19,Driver,Desconegut,Unknown,Unknown,Minor injury: Hospitalization up to 24 hours,431504.06,4588290.59,2.178939372,41.441421876,2023-11-30 21:00:00
2023S007153    ,Les Corts,les Corts,Equador,Friday,2023,12,December,1,Morning,,Not caused by the pedestrian,Motorcycle,Man,29,Driver,Desconegut,Unknown,Commuting,Minor injury: Hospitalization up to 24 hours,428315.28,4582032.15,2.141513791,41.384776136,2023-12-01 10:00:00
2023S007154    ,Eixample,l'Antiga Esquerra de l'Eixample,Comte d'Urgell,Friday,2023,12,December,1,Morning,,Not caused by the pedestrian,Motorcycle,Man,55,Driver,Desconegut,Unknown,Unknown,Minor injury: Medical assistance at accident site,428696.68,4582788.67,2.145985819,41.391623754,2023-12-01 11:00:00
2023S007155    ,Sant Andreu,Navas,Felip II,Friday,2023,12,December,1,Morning,,Not caused by the pedestrian,Motorcycle,Man,57,Driver,Desconegut,Unknown,Unknown,Minor injury: Hospitalization up to 24 hours,432147.88,4585942.07,2.186909296,41.420324234,2023-12-01 08:00:00
2023S007156    ,Gràcia,Vallcarca i els Penitents,Vall d'Hebron,Friday,2023,12,December,1,Morning,,Not caused by the pedestrian,Motorcycle,Man,60,Driver,Desconegut,Unknown,Unknown,Minor injury: Hospitalization up to 24 hours,428089.88,4585613.77,2.13839259,41.417014242,2023-12-01 13:00:00
2023S007157    ,Sant Andreu,Sant Andreu,Torras i Bages,Friday,2023,12,December,1,Morning,,Not caused by the pedestrian,Motorcycle,Man,26,Driver,Desconegut,Unknown,Unknown,Minor injury: Hospitalization up to 24 hours,432525.53,4588072.06,2.191190199,41.439540195,2023-12-01 06:00:00
2023S007158    ,Horta-Guinardó,el Baix Guinardó,Guinardó,Friday,2023,12,December,1,Morning,,Not caused by the pedestrian,Motorcycle,Man,37,Driver,Desconegut,Unknown,On a mission,Minor injury: Hospitalization up to 24 hours,430734.88,4585175.03,2.170089911,41.413295135,2023-12-01 13:00:00
2023S007159    ,Sant Martí,Sant Martí de Provençals,Andrade,Friday,2023,12,December,1,Morning,,Not caused by the pedestrian,Motorcycle,Man,39,Driver,Desconegut,Unknown,Unknown,Minor injury: Hospitalization up to 24 hours,433031.59,4585226.73,2.197562632,41.413955557,2023-12-01 13:00:00
2023S007160    ,Sant Martí,el Camp de l'Arpa del Clot,Meridiana,Friday,2023,12,December,1,Morning,,Not caused by the pedestrian,Bicicleta,Woman,47,Driver,Desconegut,Unknown,Unknown,Minor injury: Hospitalization up to 24 hours,432131.07,4584631.66,2.186855248,41.408520352,2023-12-01 13:00:00
2023S007161    ,Sant Martí,el Poblenou,Ramon Turró,Friday,2023,12,December,1,Afternoon,,Not caused by the pedestrian,Veh. mobilitat personal amb motor,Man,24,Driver,Desconegut,Unknown,Unknown,Minor injury: Hospitalization up to 24 hours,433268.89,4583467.86,2.20059583,41.398133627,2023-12-01 15:00:00
2023S007162    ,Sant Martí,el Camp de l'Arpa del Clot,Joan de Peguera,Friday,2023,12,December,1,Afternoon,,Not caused by the pedestrian,Motorcycle,Man,33,Driver,Desconegut,Unknown,Leisure and entertainment,Minor injury: Hospitalization up to 24 hours,431850.2,4585441.18,2.183403862,41.415787669,2023-12-01 15:00:00
2023S007164    ,Sarrià-Sant Gervasi,Sant Gervasi - la Bonanova,Dalt (Besòs),Friday,2023,12,December,1,Afternoon,,Not caused by the pedestrian,Motorcycle,Man,30,Passenger,Desconegut,Unknown,Unknown,Minor injury: Hospitalization up to 24 hours,427350.84,4585168.98,2.12960359,41.412941704,2023-12-01 17:00:00
2023S007165    ,Eixample,la Dreta de l'Eixample,Urquinaona,Friday,2023,12,December,1,Afternoon,,Not caused by the pedestrian,Veh. mobilitat personal sense motor,Woman,39,Driver,Desconegut,Unknown,Unknown,Minor injury: Hospitalization up to 24 hours,430906.16,4582487.93,2.172446003,41.389108032,2023-12-01 18:00:00
2023S007166    ,Sant Andreu,Baró de Viver,Santa Coloma,Friday,2023,12,December,1,Afternoon,,Not caused by the pedestrian,Motorcycle,Man,56,Driver,Desconegut,Unknown,Commuting,Minor injury: Medical assistance at accident site,433342.14,4589119.6,2.200848628,41.449043299,2023-12-01 16:00:00
2023S007167    ,Eixample,la Sagrada Família,Lepant,Friday,2023,12,December,1,Afternoon,,Not caused by the pedestrian,Motorcycle,Man,53,Driver,Desconegut,Unknown,Unknown,Minor injury: Hospitalization up to 24 hours,431463.86,4583995.65,2.178945234,41.402735362,2023-12-01 19:00:00
2023S007168    ,Eixample,la Sagrada Família,València,Friday,2023,12,December,1,Afternoon,,Not caused by the pedestrian,Motorcycle,Woman,55,Driver,Desconegut,Unknown,Unknown,Minor injury: Hospitalization up to 24 hours,431100.76,4583843.51,2.174619054,41.401334032,2023-12-01 17:00:00
2023S007169    ,Sarrià-Sant Gervasi,Sant Gervasi - la Bonanova,Balmes,Friday,2023,12,December,1,Afternoon,,Not caused by the pedestrian,Motorcycle,Woman,21,Driver,Desconegut,Unknown,Unknown,Minor injury: Hospitalization up to 24 hours,427981.47,4584787.94,2.137193846,41.409566623,2023-12-01 20:00:00
2023S007170    ,Sant Andreu,el Bon Pastor,Litoral (Besòs),Friday,2023,12,December,1,Afternoon,,Not caused by the pedestrian,Car,Woman,42,Passenger,Desconegut,Unknown,Unknown,Minor injury: Hospitalization up to 24 hours,433863.66,4588355.65,2.207175377,41.442205804,2023-12-01 19:00:00
2023S007171    ,Sants-Montjuïc,la Marina del Prat Vermell,A Zona Franca,Friday,2023,12,December,1,Night,,Not caused by the pedestrian,Veh. mobilitat personal amb motor,Man,37,Driver,Desconegut,Unknown,Commuting,Minor injury: Medical assistance at accident site,428543.09,4577414.4,2.144782487,41.343205834,2023-12-01 22:00:00
2023S007172    ,Sants-Montjuïc,Sants,Sants,Friday,2023,12,December,1,Night,,Not caused by the pedestrian,Motorcycle,Man,52,Pedestrian,En zona peatonal,Unknown,Unknown,Minor injury: Hospitalization up to 24 hours,427917.16,4580980.92,2.136877827,41.3752725,2023-12-01 23:00:00
2023S007173    ,Nou Barris,la Prosperitat,Júlia,Saturday,2023,12,December,2,Night,,Not caused by the pedestrian,Veh. mobilitat personal amb motor,Man,22,Passenger,Desconegut,Unknown,Unknown,Minor injury: Medical assistance at accident site,431496.53,4588533.92,2.178821634,41.443612817,2023-12-02 03:00:00
2023S007175    ,Eixample,la Dreta de l'Eixample,Corts Catalanes,Saturday,2023,12,December,2,Night,,Crossing outside the pedestrian crossing,Veh. mobilitat personal amb motor,Man,30,Driver,Desconegut,Unknown,Unknown,Minor injury: Medical assistance at accident site,430557.69,4582525.42,2.168274082,41.389415667,2023-12-02 04:00:00
2023S007176    ,Sarrià-Sant Gervasi,Sant Gervasi - la Bonanova,General Mitre,Saturday,2023,12,December,2,Night,,Not caused by the pedestrian,Car,Man,30,Driver,Desconegut,Unknown,Unknown,Minor injury: Hospitalization up to 24 hours,428034.16,4584036.69,2.137913576,41.402805141,2023-12-02 05:00:00
2023S007177    ,Sant Martí,Provençals del Poblenou,Cristóbal de Moura,Saturday,2023,12,December,2,Morning,,Not caused by the pedestrian,Motorcycle,Man,32,Driver,Desconegut,Unknown,Commuting,Minor injury: Medical assistance at accident site,433851.01,4584977.92,2.207393744,41.411782494,2023-12-02 07:00:00
2023S007178    ,Sarrià-Sant Gervasi,les Tres Torres,Mig (Ascendent),Saturday,2023,12,December,2,Morning,,Not caused by the pedestrian,Motorcycle,Woman,25,Passenger,Desconegut,Unknown,Unknown,Minor injury: Hospitalization up to 24 hours,427734.56,4583219.96,2.134427246,41.395422295,2023-12-02 12:00:00
2023S007179    ,Sant Andreu,Navas,Biscaia,Saturday,2023,12,December,2,Morning,,Not caused by the pedestrian,Motorcycle,Man,22,Driver,Desconegut,Unknown,Unknown,Minor injury: Hospitalization up to 24 hours,431945.54,4585771.81,2.184507357,41.418773634,2023-12-02 12:00:00
2023S007180    ,Horta-Guinardó,la Teixonera,Dalt (Llobregat),Saturday,2023,12,December,2,Morning,,Not caused by the pedestrian,Car,Woman,23,Passenger,Desconegut,Unknown,Unknown,Minor injury: Hospitalization up to 24 hours,428408.32,4586457.54,2.142102724,41.424642175,2023-12-02 13:00:00
2023S007181    ,Sant Martí,el Clot,Guatemala,Saturday,2023,12,December,2,Morning,,Not caused by the pedestrian,Motorcycle,Woman,4,Pedestrian,Fora del pas,Leisure and entertainment,Unknown,Serious injury: Hospitalization over 24 hours,432655.94,4584661.67,2.193131133,41.408834815,2023-12-02 13:00:00
2023S007182    ,Gràcia,el Camp d'en Grassot i Gràcia Nova,Nàpols,Saturday,2023,12,December,2,Afternoon,,Not caused by the pedestrian,Bicicleta,Man,31,Driver,Desconegut,Unknown,Commuting,Minor injury: Hospitalization up to 24 hours,430448.44,4584266.44,2.166767374,41.405087025,2023-12-02 14:00:00
2023S007183    ,Eixample,la Dreta de l'Eixample,Aragó,Saturday,2023,12,December,2,Afternoon,,Not caused by the pedestrian,Motorcycle,Woman,29,Driver,Desconegut,Unknown,Other activities,Minor injury: Hospitalization up to 24 hours,430498.67,4583050.27,2.167507952,41.394137725,2023-12-02 18:00:00
2023S007184    ,Sants-Montjuïc,el Poble-sec,Cabanes,Saturday,2023,12,December,2,Afternoon,,Walking on the road,Motorcycle,Man,42,Driver,Fora del pas,Unknown,Leisure and entertainment,Minor injury: Medical assistance at accident site,430739.53,4580862.77,2.170639001,41.37445635,2023-12-02 19:00:00
2023S007185    ,Eixample,la Dreta de l'Eixample,Gràcia,Saturday,2023,12,December,2,Morning,,Crossing outside the pedestrian crossing,Car,Woman,37,Pedestrian,Fora del pas,Other activities,Unknown,Minor injury: Hospitalization up to 24 hours,430579.77,4582456.8,2.168546023,41.388799535,2023-12-02 13:00:00
2023S007186    ,Eixample,la Dreta de l'Eixample,València,Saturday,2023,12,December,2,Afternoon,,Not caused by the pedestrian,Motorcycle,Woman,30,Driver,Desconegut,Unknown,Leisure and entertainment,Minor injury: Medical assistance at accident site,430425.27,4583182.67,2.166614818,41.395323859,2023-12-02 21:00:00
2023S007187    ,Horta-Guinardó,Horta,Hedilla,Sunday,2023,12,December,3,Night,,Not caused by the pedestrian,Motorcycle,Woman,54,Passenger,Desconegut,Unknown,Unknown,Minor injury: Hospitalization up to 24 hours,429976.7,4587724.42,2.160723504,41.436190782,2023-12-03 00:00:00
2023S007188    ,Sant Andreu,Sant Andreu,Concepción Arenal,Sunday,2023,12,December,3,Night,,Not caused by the pedestrian,Motorcycle,Man,31,Passenger,Desconegut,Unknown,Unknown,Minor injury: Hospitalization up to 24 hours,431935.56,4587277.7,2.184218326,41.432335845,2023-12-03 01:00:00
2023S007191    ,Sant Martí,Sant Martí de Provençals,Guipúscoa,Sunday,2023,12,December,3,Morning,,Not caused by the pedestrian,Ciclomotor,Man,29,Driver,Desconegut,Unknown,Leisure and entertainment,Minor injury: Hospitalization up to 24 hours,433067.26,4585534.25,2.197955357,41.416728276,2023-12-03 06:00:00
2023S007192    ,Eixample,Sant Antoni,Corts Catalanes,Sunday,2023,12,December,3,Morning,,Not caused by the pedestrian,Motorcycle,Man,37,Driver,Desconegut,Unknown,Commuting,Minor injury: Hospitalization up to 24 hours,430025.03,4582004.98,2.161963719,41.384682041,2023-12-03 07:00:00
2023S007194    ,Eixample,Sant Antoni,Sepúlveda,Sunday,2023,12,December,3,Morning,,Not caused by the pedestrian,Motorcycle,Man,42,Driver,Desconegut,Unknown,Unknown,Minor injury: Hospitalization up to 24 hours,429269.66,4581057.55,2.153040952,41.376082757,2023-12-03 11:00:00
2023S007195    ,Eixample,Sant Antoni,Vilamarí,Sunday,2023,12,December,3,Morning,,Not caused by the pedestrian,Car,Man,42,Pedestrian,Fora del pas,Unknown,Unknown,Minor injury: Hospitalization up to 24 hours,429269.66,4581057.55,2.153040952,41.376082757,2023-12-03 12:00:00
2023S007196    ,Nou Barris,Porta,Doctor Pi i Molist,Sunday,2023,12,December,3,Morning,,Not caused by the pedestrian,Autobús articulat,Woman,86,Passenger,Desconegut,Unknown,Unknown,Minor injury: Medical assistance at accident site,431043.67,4587211.02,2.173552047,41.431659158,2023-12-03 12:00:00
2023S007198    ,Gràcia,el Camp d'en Grassot i Gràcia Nova,Camèlies,Sunday,2023,12,December,3,Morning,,Not caused by the pedestrian,Bicicleta,Man,21,Driver,Desconegut,Unknown,Unknown,Minor injury: Hospitalization up to 24 hours,429927.96,4585014.77,2.160454342,41.411781742,2023-12-03 13:00:00
2023S007200    ,Eixample,la Dreta de l'Eixample,València,Sunday,2023,12,December,3,Morning,,Not caused by the pedestrian,Car,Man,82,Pedestrian,En pas regulat per semàfor,Unknown,Unknown,Minor injury: Hospitalization up to 24 hours,430061.22,4582806.77,2.162303891,41.391906656,2023-12-03 13:00:00
2023S007201    ,Sant Andreu,el Bon Pastor,Potosí,Sunday,2023,12,December,3,Afternoon,,Not caused by the pedestrian,Motorcycle,Woman,39,Driver,Desconegut,Unknown,Leisure and entertainment,Minor injury: Hospitalization up to 24 hours,433272.5,4588446.56,2.200089375,41.442975657,2023-12-03 16:00:00
2023S007202    ,Sant Martí,la Vila Olímpica del Poblenou,Litoral (Llobregat),Sunday,2023,12,December,3,Afternoon,,Not caused by the pedestrian,Motorcycle,Woman,32,Driver,Desconegut,Unknown,Commuting,Minor injury: Medical assistance at accident site,432869.81,4582348.98,2.195946327,41.38802292,2023-12-03 15:00:00
2023S007203    ,Horta-Guinardó,la Vall d'Hebron,Estatut de Catalunya,Sunday,2023,12,December,3,Afternoon,,Not caused by the pedestrian,Motorcycle,Man,64,Driver,Desconegut,Unknown,Unknown,Minor injury: Hospitalization up to 24 hours,429390.38,4587655.8,2.153714234,41.435521381,2023-12-03 14:00:00
2023S007204    ,Les Corts,Pedralbes,Alfambra,Sunday,2023,12,December,3,Afternoon,,Not caused by the pedestrian,Car,Woman,14,Passenger,Desconegut,Unknown,Unknown,Minor injury: Hospitalization up to 24 hours,425874.7,4582312.43,2.112293018,41.387079204,2023-12-03 16:00:00
2023S007207    ,Horta-Guinardó,el Guinardó,Guinardó,Sunday,2023,12,December,3,Afternoon,,Not caused by the pedestrian,Bicicleta,Man,29,Driver,Desconegut,Unknown,On a mission,Minor injury: Medical assistance at accident site,431240.35,4585709.27,2.176076706,41.418150287,2023-12-03 19:00:00
2023S007208    ,Ciutat Vella,el Raval,Drassanes,Sunday,2023,12,December,3,Afternoon,,Not caused by the pedestrian,Veh. mobilitat personal amb motor,Man,60,Driver,Desconegut,Unknown,Other activities,Minor injury: Hospitalization up to 24 hours,431213.91,4580892.22,2.176307867,41.374762308,2023-12-03 18:00:00
2023S007209    ,Gràcia,la Vila de Gràcia,Torrent de les Flors,Sunday,2023,12,December,3,Afternoon,,Not caused by the pedestrian,Motorcycle,Man,30,Driver,Desconegut,Unknown,Other activities,Minor injury: Hospitalization up to 24 hours,429774.92,4584566.56,2.158675432,41.407731513,2023-12-03 20:00:00
2023S007210    ,Eixample,la Dreta de l'Eixample,Consell de Cent,Sunday,2023,12,December,3,Afternoon,,Not caused by the pedestrian,Bicicleta,Woman,2,Pedestrian,A la vorera / Andana,Unknown,Unknown,Minor injury: Hospitalization up to 24 hours,430712.09,4583088.81,2.17005619,41.394503269,2023-12-03 17:00:00
2023S007212    ,Sarrià-Sant Gervasi,Sarrià,Bonanova,Monday,2023,12,December,4,Night,,Not caused by the pedestrian,Car,Woman,25,Driver,Desconegut,Unknown,Commuting,Minor injury: Hospitalization up to 24 hours,426909.24,4583916.22,2.124471666,41.401618584,2023-12-04 04:00:00
2023S007213    ,Eixample,la Dreta de l'Eixample,Aragó,Monday,2023,12,December,4,Morning,,Not caused by the pedestrian,Motorcycle,Man,24,Driver,Desconegut,Unknown,Commuting,Minor injury: Hospitalization up to 24 hours,430880.87,4583424.29,2.172036613,41.397539366,2023-12-04 06:00:00
2023S007214    ,Sant Martí,Provençals del Poblenou,C-31,Monday,2023,12,December,4,Morning,,Not caused by the pedestrian,Motorcycle,Woman,44,Driver,Desconegut,Unknown,Unknown,Minor injury: Hospitalization up to 24 hours,432792.39,4584691.03,2.194760284,41.409110679,2023-12-04 08:00:00
2023S007215    ,Horta-Guinardó,el Guinardó,Torre Vélez,Monday,2023,12,December,4,Morning,,Not caused by the pedestrian,Motorcycle,Man,65,Driver,Desconegut,Unknown,Unknown,Minor injury: Refused medical assistance,431350.33,4585459.48,2.177420994,41.41590992,2023-12-04 10:00:00
2023S007216    ,Les Corts,Pedralbes,Manuel Girona,Monday,2023,12,December,4,Morning,,Not caused by the pedestrian,Car,Woman,35,Pedestrian,En pas regulat per semàfor,On a mission,Unknown,Minor injury: Hospitalization up to 24 hours,426801.39,4582725.74,2.123325559,41.39088662,2023-12-04 12:00:00
2023S007217    ,Sant Martí,el Clot,Aragó,Monday,2023,12,December,4,Morning,,Not caused by the pedestrian,Car,Man,25,Driver,Desconegut,Unknown,Unknown,Minor injury: Hospitalization up to 24 hours,432197.25,4584738.26,2.187635034,41.409486055,2023-12-04 12:00:00
2023S007218    ,Eixample,la Dreta de l'Eixample,Rosselló,Monday,2023,12,December,4,Afternoon,,Not caused by the pedestrian,Motorcycle,Woman,44,Driver,Desconegut,Unknown,Commuting,Minor injury: Hospitalization up to 24 hours,430314.8,4583622.34,2.165242869,41.399274253,2023-12-04 14:00:00
2023S007219    ,Eixample,l'Antiga Esquerra de l'Eixample,Villarroel,Monday,2023,12,December,4,Afternoon,,Not caused by the pedestrian,Veh. mobilitat personal amb motor,Man,27,Driver,Desconegut,Unknown,Commuting,Minor injury: Refused medical assistance,429544.56,4582114.92,2.156205024,41.385630276,2023-12-04 15:00:00
2023S007220    ,Eixample,la Dreta de l'Eixample,Catalunya,Monday,2023,12,December,4,Afternoon,,Not caused by the pedestrian,Motorcycle,Man,31,Driver,Desconegut,Unknown,Leisure and entertainment,Minor injury: Hospitalization up to 24 hours,429774.77,4583089.18,2.158845112,41.394425253,2023-12-04 18:00:00
2023S007221    ,Sants-Montjuïc,el Poble-sec,Olímpic,Monday,2023,12,December,4,Afternoon,,Not caused by the pedestrian,Motorcycle,Man,29,Driver,Desconegut,Unknown,Leisure and entertainment,Minor injury: Hospitalization up to 24 hours,429222.1,4579399.62,2.152665888,41.361146115,2023-12-04 18:00:00
2023S007222    ,Sarrià-Sant Gervasi,Sant Gervasi - Galvany,Diagonal,Monday,2023,12,December,4,Afternoon,,Not caused by the pedestrian,Car,Man,12,Passenger,Desconegut,Unknown,Unknown,Minor injury: Medical assistance at accident site,428169.16,4582827.42,2.139672006,41.391925795,2023-12-04 19:00:00
2023S007223    ,Gràcia,la Vila de Gràcia,Llibertat,Monday,2023,12,December,4,Afternoon,,Not caused by the pedestrian,Motorcycle,Man,24,Driver,Desconegut,Unknown,Other activities,Serious injury: Hospitalization over 24 hours,430063.3,4583747.04,2.16222011,41.400375535,2023-12-04 21:00:00
2023S007224    ,Eixample,la Nova Esquerra de l'Eixample,Josep Tarradellas,Monday,2023,12,December,4,Afternoon,,Not caused by the pedestrian,Motorcycle,Woman,41,Driver,Desconegut,Unknown,Unknown,Minor injury: Hospitalization up to 24 hours,428399.56,4581952.56,2.142531097,41.384066807,2023-12-04 21:00:00
2023S007225    ,Sant Andreu,Baró de Viver,Santa Coloma,Tuesday,2023,12,December,5,Night,,Not caused by the pedestrian,Maquinària d'obres i serveis,Woman,40,Passenger,Desconegut,Unknown,Unknown,Minor injury: Hospitalization up to 24 hours,433109.23,4588763.66,2.19809994,41.445818079,2023-12-05 00:00:00
2023S007226    ,Gràcia,Vallcarca i els Penitents,Vallcarca,Tuesday,2023,12,December,5,Morning,,Not caused by the pedestrian,Veh. mobilitat personal amb motor,Woman,46,Driver,Desconegut,Unknown,Unknown,Minor injury: Hospitalization up to 24 hours,428815.59,4584861.05,2.147164187,41.410299441,2023-12-05 06:00:00
2023S007227    ,Eixample,la Nova Esquerra de l'Eixample,Rosselló,Tuesday,2023,12,December,5,Morning,,Not caused by the pedestrian,Motorcycle,Man,34,Driver,Desconegut,Unknown,Commuting,Minor injury: Hospitalization up to 24 hours,429022.74,4582340.24,2.149938125,41.387613759,2023-12-05 08:00:00
2023S007228    ,Sant Martí,el Besòs i el Maresme,C-31,Tuesday,2023,12,December,5,Morning,,Not caused by the pedestrian,Motorcycle,Man,50,Driver,Desconegut,Unknown,Unknown,Minor injury: Hospitalization up to 24 hours,433942.83,4585841.27,2.20839795,41.419566019,2023-12-05 09:00:00
2023S007229    ,Sants-Montjuïc,la Marina de Port,Corts Catalanes,Tuesday,2023,12,December,5,Morning,,Not caused by the pedestrian,Bus,Woman,67,Passenger,Desconegut,Unknown,Unknown,Minor injury: Hospitalization up to 24 hours,427768.32,4579740.74,2.135245947,41.364089285,2023-12-05 09:00:00
2023S007230    ,Nou Barris,el Turó de la Peira,Doctor Pi i Molist,Tuesday,2023,12,December,5,Morning,,Not caused by the pedestrian,Veh. mobilitat personal amb motor,Woman,11,Passenger,Desconegut,Unknown,Unknown,Minor injury: Hospitalization up to 24 hours,430992.73,4587449.92,2.172915126,41.433806465,2023-12-05 08:00:00
2023S007231    ,Gràcia,la Salut,Dalt,Tuesday,2023,12,December,5,Morning,,Not caused by the pedestrian,Car,Man,31,Passenger,Desconegut,Unknown,Unknown,Minor injury: Hospitalization up to 24 hours,429688.64,4584955.16,2.157598074,41.411223945,2023-12-05 10:00:00
2023S007232    ,Eixample,Sant Antoni,Corts Catalanes,Friday,2023,12,December,1,Morning,,Not caused by the pedestrian,Motorcycle,Woman,52,Pedestrian,A la vorera / Andana,Unknown,Unknown,Minor injury: Refused medical assistance,429260.06,4581256.4,2.152902942,41.37787289,2023-12-01 09:00:00
2023S007233    ,Gràcia,Vallcarca i els Penitents,Dalt (Besòs),Tuesday,2023,12,December,5,Morning,,Not caused by the pedestrian,Car,Woman,22,Driver,Desconegut,Unknown,Unknown,Minor injury: Hospitalization up to 24 hours,428175.88,4585794.94,2.139400038,41.41865366,2023-12-05 13:00:00
2023S007235    ,Sant Martí,el Camp de l'Arpa del Clot,Independència,Tuesday,2023,12,December,5,Afternoon,,Not caused by the pedestrian,Ciclomotor,Man,71,Pedestrian,En pas regulat per semàfor,Unknown,Unknown,Minor injury: Hospitalization up to 24 hours,431842.11,4584552.4,2.183407244,41.407782017,2023-12-05 14:00:00
2023S007236    ,Eixample,Sant Antoni,Corts Catalanes,Tuesday,2023,12,December,5,Afternoon,,Not caused by the pedestrian,Bicicleta,Woman,44,Driver,Desconegut,Unknown,Leisure and entertainment,Minor injury: Medical assistance at accident site,429877.3,4581824.18,2.160217962,41.383040763,2023-12-05 16:00:00
2023S007237    ,Sant Martí,el Besòs i el Maresme,C-31,Tuesday,2023,12,December,5,Afternoon,,Not caused by the pedestrian,Car,Woman,39,Driver,Desconegut,Unknown,Unknown,Minor injury: Hospitalization up to 24 hours,434078.33,4585946.2,2.210007828,41.420522231,2023-12-05 18:00:00
2023S007238    ,Eixample,l'Antiga Esquerra de l'Eixample,Aribau,Tuesday,2023,12,December,5,Afternoon,,Not caused by the pedestrian,Motorcycle,Man,24,Driver,Desconegut,Unknown,Unknown,Minor injury: Hospitalization up to 24 hours,430018.62,4582204.72,2.161863977,41.386480478,2023-12-05 15:00:00
2023S007239    ,Eixample,la Dreta de l'Eixample,Corts Catalanes,Tuesday,2023,12,December,5,Afternoon,,Not caused by the pedestrian,Veh. mobilitat personal amb motor,Woman,31,Passenger,Desconegut,Unknown,Unknown,Minor injury: Hospitalization up to 24 hours,430311.08,4582286.33,2.165352193,41.387240918,2023-12-05 19:00:00
2023S007241    ,Nou Barris,la Trinitat Nova,Favència,Tuesday,2023,12,December,5,Afternoon,,Not caused by the pedestrian,Bus,Woman,71,Passenger,Desconegut,Unknown,Unknown,Minor injury: Hospitalization up to 24 hours,431676.17,4588859.06,2.180935092,41.446556551,2023-12-05 19:00:00
2023S007242    ,Sant Andreu,el Bon Pastor,Litoral (Besòs),Tuesday,2023,12,December,5,Afternoon,,Not caused by the pedestrian,Motorcycle,Man,32,Driver,Desconegut,Unknown,Commuting,Minor injury: Medical assistance at accident site,433925.28,4588192.74,2.207930773,41.440743599,2023-12-05 16:00:00