Case_Number,District_Name,Neighborhood_Name,Street_Name,Day_of_Week,Year,Month_Code,Month_Name,Day_of_Month,Shift_Description,Hour_of_Day,Pedestrian_Cause_Description,Involved_Vehicle_Type,Gender_Description,Age,Person_Type_Description,Pedestrian_Accident_Location_Description,Pedestrian_Movement_Reason_Description,Driver_Movement_Reason_Description,Victimization_Description,UTM_X_Coordinate,UTM_Y_Coordinate,Longitude,Latitude,datetime
2023S007243    ,Gràcia,la Vila de Gràcia,Gran de Gràcia,Tuesday,2023,12,December,5,Afternoon,,Not caused by the pedestrian,Motorcycle,Man,52,Driver,Desconegut,Unknown,Unknown,Minor injury: Hospitalization up to 24 hours,429103.59,4584311.78,2.150674084,41.405377843,2023-12-05 21:00:00
2023S007244    ,Eixample,la Sagrada Família,València,Tuesday,2023,12,December,5,Night,,Not caused by the pedestrian,Motorcycle,Woman,29,Driver,Desconegut,Unknown,Commuting,Minor injury: Medical assistance at accident site,431715.15,4584411.86,2.181904259,41.406505435,2023-12-05 22:00:00
2023S007245    ,Les Corts,les Corts,Josep Tarradellas,Wednesday,2023,12,December,6,Morning,,Not caused by the pedestrian,Motorcycle,Woman,29,Driver,Desconegut,Unknown,Leisure and entertainment,Minor injury: Hospitalization up to 24 hours,428499.73,4582666.13,2.143644741,41.390502587,2023-12-06 09:00:00
2023S007246    ,Sants-Montjuïc,la Marina del Prat Vermell,Tallers Ferroviaris,Wednesday,2023,12,December,6,Morning,,Not caused by the pedestrian,Motorcycle,Woman,37,Driver,Desconegut,Unknown,Unknown,Minor injury: Hospitalization up to 24 hours,426159.36,4577236.12,2.116315684,41.341385064,2023-12-06 09:00:00
2023S007247    ,Sant Andreu,la Sagrera,Meridiana,Wednesday,2023,12,December,6,Morning,,Crossing outside the pedestrian crossing,Bicicleta,Man,55,Pedestrian,Fora del pas,Unknown,Unknown,Minor injury: Hospitalization up to 24 hours,432112.04,4586089.41,2.186463902,41.42164825,2023-12-06 11:00:00
2023S007248    ,Sarrià-Sant Gervasi,Sant Gervasi - Galvany,Diagonal,Wednesday,2023,12,December,6,Afternoon,,Not caused by the pedestrian,Motorcycle,Man,23,Driver,Desconegut,Unknown,Leisure and entertainment,Minor injury: Hospitalization up to 24 hours,429144.63,4583098.78,2.151307076,41.394456414,2023-12-06 14:00:00
2023S007249    ,Horta-Guinardó,el Carmel,Dante Alighieri,Wednesday,2023,12,December,6,Afternoon,,Not caused by the pedestrian,Bicicleta,Man,87,Pedestrian,En pas sense regular,Unknown,Unknown,Minor injury: Hospitalization up to 24 hours,429604.11,4586742.26,2.156378658,41.427312268,2023-12-06 14:00:00
2023S007250    ,Horta-Guinardó,Horta,Valldaura,Wednesday,2023,12,December,6,Afternoon,,Not caused by the pedestrian,Motorcycle,Woman,42,Driver,Desconegut,Unknown,Leisure and entertainment,Minor injury: Medical assistance at accident site,429807.89,4587974.58,2.158674048,41.438429126,2023-12-06 15:00:00
2023S007251    ,Sarrià-Sant Gervasi,Sant Gervasi - Galvany,Augusta,Wednesday,2023,12,December,6,Afternoon,,Not caused by the pedestrian,Veh. mobilitat personal sense motor,Woman,31,Driver,Desconegut,Unknown,Leisure and entertainment,Minor injury: Medical assistance at accident site,429042.34,4583824.89,2.149998476,41.400987199,2023-12-06 16:00:00
2023S007252    ,Sants-Montjuïc,el Poble-sec,Espanya,Wednesday,2023,12,December,6,Afternoon,,Not caused by the pedestrian,Bus,Man,79,Passenger,Desconegut,Unknown,Unknown,Minor injury: Hospitalization up to 24 hours,428974.33,4580977.98,2.149518925,41.37534007,2023-12-06 16:00:00
2023S007253    ,Sant Andreu,el Congrés i els Indians,Maragall,Wednesday,2023,12,December,6,Afternoon,,Not caused by the pedestrian,Motorcycle,Man,41,Driver,Desconegut,Unknown,Leisure and entertainment,Minor injury: Hospitalization up to 24 hours,431457.6,4586212.43,2.178619071,41.422700653,2023-12-06 18:00:00
2023S007255    ,Ciutat Vella,"Sant Pere, Santa Caterina i la Ribera",Palau,Wednesday,2023,12,December,6,Afternoon,,Not caused by the pedestrian,Motorcycle,Woman,24,Driver,Desconegut,Unknown,Unknown,Minor injury: Hospitalization up to 24 hours,431803.6,4581754.35,2.183261829,41.382577507,2023-12-06 17:00:00
2023S007256    ,Sants-Montjuïc,la Marina de Port,Foneria,Wednesday,2023,12,December,6,Afternoon,,Not caused by the pedestrian,Ciclomotor,Man,7,Passenger,Desconegut,Unknown,Unknown,Minor injury: Medical assistance at accident site,428095.8,4579376.71,2.139204177,41.36083992,2023-12-06 19:00:00
2023S007257    ,Nou Barris,la Prosperitat,Enric Casanovas,Wednesday,2023,12,December,6,Afternoon,,Not caused by the pedestrian,Motorcycle,Man,42,Driver,Desconegut,Unknown,Leisure and entertainment,Minor injury: Hospitalization up to 24 hours,431545.55,4588224.44,2.179443482,41.440829628,2023-12-06 20:00:00
2023S007259    ,Ciutat Vella,el Barri Gòtic,Sant Jaume,Wednesday,2023,12,December,6,Night,,Not caused by the pedestrian,Maquinària d'obres i serveis,Man,26,Pedestrian,En zona peatonal,Other activities,Unknown,Minor injury: Hospitalization up to 24 hours,431292.97,4581751.42,2.177155741,41.382507647,2023-12-06 23:00:00
2023S007260    ,Eixample,la Nova Esquerra de l'Eixample,Aragó,Wednesday,2023,12,December,6,Afternoon,,Not caused by the pedestrian,Motorcycle,Man,36,Driver,Desconegut,Unknown,Unknown,Minor injury: Medical assistance at accident site,429273.96,4581866.71,2.152997885,41.383370974,2023-12-06 21:00:00
2023S007261    ,Eixample,la Dreta de l'Eixample,Diputació,Thursday,2023,12,December,7,Night,,Not caused by the pedestrian,Motorcycle,Man,33,Driver,Desconegut,Unknown,Leisure and entertainment,Minor injury: Medical assistance at accident site,431164.61,4583326.2,2.175441678,41.396680252,2023-12-07 01:00:00
2023S007262    ,Horta-Guinardó,Horta,Hedilla,Thursday,2023,12,December,7,Morning,,Not caused by the pedestrian,Car,Woman,80,Pedestrian,En pas sense regular,Leisure and entertainment,Unknown,Minor injury: Hospitalization up to 24 hours,430112.32,4587618.17,2.16235895,41.435245651,2023-12-07 08:00:00
2023S007263    ,Horta-Guinardó,el Carmel,Conca de Tremp,Thursday,2023,12,December,7,Morning,,Not caused by the pedestrian,Bus,Man,85,Passenger,Desconegut,Unknown,Unknown,Minor injury: Hospitalization up to 24 hours,429675.16,4586067.63,2.1573074,41.421242364,2023-12-07 08:00:00
2023S007265    ,Horta-Guinardó,el Guinardó,Mare de Déu de Montserrat,Thursday,2023,12,December,7,Morning,,Not caused by the pedestrian,Autobús articulat,Woman,69,Passenger,Desconegut,Unknown,Unknown,Minor injury: Hospitalization up to 24 hours,431284.48,4586466.4,2.176518648,41.424973277,2023-12-07 10:00:00
2023S007266    ,Sant Martí,el Clot,Aragó,Thursday,2023,12,December,7,Morning,,Not caused by the pedestrian,Car,Man,75,Pedestrian,En pas regulat per semàfor,Unknown,Unknown,Minor injury: Hospitalization up to 24 hours,432593.64,4585051.33,2.192342377,41.412339145,2023-12-07 11:00:00
2023S007267    ,Sant Martí,Provençals del Poblenou,Corts Catalanes,Thursday,2023,12,December,7,Morning,,Disobeying the traffic light signal,Bicicleta,Man,72,Driver,En pas regulat per semàfor,Unknown,Unknown,Serious injury: Hospitalization over 24 hours,433081.87,4584996.69,2.198189661,41.411887841,2023-12-07 09:00:00
2023S007268    ,Les Corts,les Corts,Josep Tarradellas,Thursday,2023,12,December,7,Morning,,Not caused by the pedestrian,Motorcycle,Man,55,Driver,Desconegut,Unknown,Unknown,Minor injury: Hospitalization up to 24 hours,428499.73,4582666.13,2.143644741,41.390502587,2023-12-07 12:00:00
2023S007269    ,Sarrià-Sant Gervasi,Sant Gervasi - Galvany,Marià Cubí,Thursday,2023,12,December,7,Morning,,Not caused by the pedestrian,Veh. mobilitat personal amb motor,Woman,40,Driver,Desconegut,Unknown,Commuting,Minor injury: Medical assistance at accident site,429021.33,4583530.77,2.149781658,41.398336313,2023-12-07 13:00:00
2023S007271    ,Sants-Montjuïc,la Marina del Prat Vermell,Mare de Déu de Port,Thursday,2023,12,December,7,Afternoon,,Not caused by the pedestrian,Autocaravana,Woman,39,Driver,Desconegut,Unknown,Leisure and entertainment,Minor injury: Hospitalization up to 24 hours,429399.37,4578430.49,2.154897912,41.352433013,2023-12-07 15:00:00
2023S007272    ,Sant Andreu,el Bon Pastor,Santander,Thursday,2023,12,December,7,Afternoon,,Not caused by the pedestrian,Motorcycle,Man,45,Driver,Desconegut,Unknown,Leisure and entertainment,Minor injury: Hospitalization up to 24 hours,433642.7,4587107.97,2.204667658,41.430950083,2023-12-07 16:00:00
2023S007273    ,Nou Barris,la Guineueta,Valldaura,Thursday,2023,12,December,7,Afternoon,,Not caused by the pedestrian,Autobús articulat,Woman,61,Passenger,Desconegut,Unknown,Unknown,Minor injury: Hospitalization up to 24 hours,430295.88,4588116.99,2.164498264,41.43975429,2023-12-07 15:00:00
2023S007274    ,Sant Martí,Provençals del Poblenou,Perú,Thursday,2023,12,December,7,Afternoon,,Not caused by the pedestrian,Bicicleta,Man,22,Driver,Desconegut,Unknown,Commuting,Minor injury: Hospitalization up to 24 hours,432709.25,4584421.07,2.193795673,41.406672265,2023-12-07 17:00:00
2023S007275    ,Sarrià-Sant Gervasi,Sant Gervasi - Galvany,Muntaner,Thursday,2023,12,December,7,Afternoon,,Disobeying the traffic light signal,Autobús articulat,Woman,55,Pedestrian,En pas regulat per semàfor,Unknown,Unknown,Minor injury: Hospitalization up to 24 hours,428876.65,4583180.87,2.148092205,41.395172101,2023-12-07 19:00:00
2023S007276    ,Eixample,l'Antiga Esquerra de l'Eixample,Aragó,Thursday,2023,12,December,7,Afternoon,,Not caused by the pedestrian,Motorcycle,Man,63,Driver,Desconegut,Unknown,Other activities,Minor injury: Hospitalization up to 24 hours,429679.92,4582226.57,2.15781084,41.386647721,2023-12-07 19:00:00
2023S007277    ,Ciutat Vella,el Raval,Sant Pau,Thursday,2023,12,December,7,Afternoon,,Not caused by the pedestrian,"Camió rígid > 3,5 tones",Woman,40,Pedestrian,Altres,Unknown,Unknown,Minor injury: Hospitalization up to 24 hours,430863.32,4581368.02,2.172061506,41.379017646,2023-12-07 18:00:00
2023S007278    ,Eixample,l'Antiga Esquerra de l'Eixample,Diputació,Thursday,2023,12,December,7,Afternoon,,Not caused by the pedestrian,Motorcycle,Woman,34,Driver,Desconegut,Unknown,Unknown,Minor injury: Hospitalization up to 24 hours,429731.21,4581923.32,2.158459423,41.383920931,2023-12-07 21:00:00
2023S007279    ,Eixample,Sant Antoni,Corts Catalanes,Thursday,2023,12,December,7,Night,,Not caused by the pedestrian,Bicicleta,Man,33,Driver,Desconegut,Unknown,Unknown,Minor injury: Hospitalization up to 24 hours,429260.06,4581256.4,2.152902942,41.37787289,2023-12-07 23:00:00
2023S007280    ,Sant Martí,el Camp de l'Arpa del Clot,Sant Antoni Maria Claret,Friday,2023,12,December,8,Night,,Not caused by the pedestrian,Motorcycle,Man,16,Passenger,Desconegut,Unknown,Unknown,Minor injury: Medical assistance at accident site,431646.49,4585469.73,2.180963306,41.416027499,2023-12-08 01:00:00
2023S007281    ,Sarrià-Sant Gervasi,les Tres Torres,Mig (Descendent),Friday,2023,12,December,8,Night,,Not caused by the pedestrian,Motorcycle,Man,43,Driver,Desconegut,Unknown,Leisure and entertainment,Minor injury: Hospitalization up to 24 hours,427678.99,4583241.88,2.133759964,41.395614721,2023-12-08 02:00:00
2023S007283    ,Nou Barris,Porta,Pintor Alsamora,Friday,2023,12,December,8,Morning,,Not caused by the pedestrian,Veh. mobilitat personal amb motor,Man,37,Driver,Desconegut,Unknown,Commuting,Minor injury: Hospitalization up to 24 hours,431890.58,4587477.65,2.183657471,41.434132911,2023-12-08 06:00:00
2023S007285    ,Sarrià-Sant Gervasi,Sant Gervasi - Galvany,Amigó,Friday,2023,12,December,8,Morning,,Not caused by the pedestrian,Motorcycle,Man,45,Driver,Desconegut,Unknown,Leisure and entertainment,Minor injury: Hospitalization up to 24 hours,428580.93,4583190.96,2.144553964,41.395236755,2023-12-08 11:00:00
2023S007286    ,Eixample,la Dreta de l'Eixample,Corts Catalanes,Friday,2023,12,December,8,Morning,,Not caused by the pedestrian,Autobús articulat,Man,81,Passenger,Desconegut,Unknown,Unknown,Minor injury: Hospitalization up to 24 hours,430311.08,4582286.33,2.165352193,41.387240918,2023-12-08 09:00:00
2023S007287    ,Sarrià-Sant Gervasi,Sant Gervasi - Galvany,General Mitre,Friday,2023,12,December,8,Morning,,Not caused by the pedestrian,Motorcycle,Woman,22,Passenger,Desconegut,Unknown,Unknown,Minor injury: Hospitalization up to 24 hours,427637.31,4583325.79,2.133251403,41.396366714,2023-12-08 12:00:00
2023S007288    ,Ciutat Vella,el Barri Gòtic,Portal de la Pau,Friday,2023,12,December,8,Morning,,Not caused by the pedestrian,Motorcycle,Woman,27,Driver,Desconegut,Unknown,Unknown,Minor injury: Hospitalization up to 24 hours,431303.96,4580950.67,2.177377982,41.375296448,2023-12-08 13:00:00
2023S007289    ,Ciutat Vella,la Barceloneta,Guitert,Friday,2023,12,December,8,Afternoon,,Not caused by the pedestrian,Car,Woman,34,Pedestrian,Fora del pas,Unknown,Unknown,Minor injury: Medical assistance at accident site,432445.44,4581247.03,2.190993941,41.37806238,2023-12-08 15:00:00
2023S007291    ,Sants-Montjuïc,Hostafrancs,Masnou,Friday,2023,12,December,8,Afternoon,,Not caused by the pedestrian,Bicicleta,Woman,52,Pedestrian,A la vorera / Andana,Unknown,Unknown,Minor injury: Hospitalization up to 24 hours,428248.57,4581061.56,2.140830993,41.376028429,2023-12-08 17:00:00
2023S007293    ,Eixample,l'Antiga Esquerra de l'Eixample,Doctor Letamendi,Friday,2023,12,December,8,Afternoon,,Not caused by the pedestrian,Motorcycle,Woman,41,Passenger,Desconegut,Unknown,Unknown,Minor injury: Hospitalization up to 24 hours,429880.4,4582443.91,2.160183267,41.388622742,2023-12-08 19:00:00
2023S007294    ,Gràcia,el Camp d'en Grassot i Gràcia Nova,Roger de Flor,Friday,2023,12,December,8,Afternoon,,Not caused by the pedestrian,Motorcycle,Woman,54,Passenger,Desconegut,Unknown,Unknown,Minor injury: Hospitalization up to 24 hours,430602.5,4583903.41,2.168651991,41.401830655,2023-12-08 20:00:00
2023S007295    ,Eixample,la Sagrada Família,Rosselló,Friday,2023,12,December,8,Night,,Not caused by the pedestrian,Bicicleta,Man,28,Driver,Desconegut,Unknown,Unknown,Minor injury: Hospitalization up to 24 hours,431089.06,4584377.39,2.174418284,41.406141516,2023-12-08 23:00:00
2023S007296    ,Nou Barris,Canyelles,Alta de les Roquetes,Saturday,2023,12,December,9,Night,,Not caused by the pedestrian,Motorcycle,Woman,18,Passenger,Desconegut,Unknown,Unknown,Minor injury: Hospitalization up to 24 hours,430278.68,4588666.43,2.16422895,41.444701382,2023-12-09 00:00:00
2023S007297    ,Eixample,la Sagrada Família,Padilla,Saturday,2023,12,December,9,Morning,,Not caused by the pedestrian,Motorcycle,Woman,49,Pedestrian,En pas sense regular,Leisure and entertainment,Unknown,Minor injury: Hospitalization up to 24 hours,431600.66,4584034.67,2.180577265,41.40309846,2023-12-09 11:00:00
2023S007298    ,Sarrià-Sant Gervasi,Sant Gervasi - la Bonanova,Escoles Pies,Saturday,2023,12,December,9,Morning,,Not caused by the pedestrian,Motorcycle,Woman,59,Passenger,Desconegut,Unknown,Unknown,Minor injury: Hospitalization up to 24 hours,426980.99,4584433.94,2.125267446,41.406287987,2023-12-09 13:00:00
2023S007299    ,Unknown,Unknown,Unknown,Saturday,2023,12,December,9,Afternoon,,Not caused by the pedestrian,Motorcycle,Man,19,Driver,Desconegut,Unknown,Commuting,Minor injury: Hospitalization up to 24 hours,426626.85,4581292.09,2.121411776,41.377958412,2023-12-09 17:00:00
2023S007300    ,Sant Andreu,Baró de Viver,Pilar Miró,Saturday,2023,12,December,9,Afternoon,,Not caused by the pedestrian,Car,Woman,22,Driver,Desconegut,Unknown,Unknown,Minor injury: Hospitalization up to 24 hours,433240.54,4589136.67,2.199630501,41.449188594,2023-12-09 17:00:00
2023S007301    ,Sants-Montjuïc,la Marina de Port,Zona Franca,Saturday,2023,12,December,9,Afternoon,,Not caused by the pedestrian,Furgoneta,Man,14,Pedestrian,En pas regulat per semàfor,Leisure and entertainment,Unknown,Minor injury: Hospitalization up to 24 hours,428057.24,4579344.4,2.138747045,41.360545468,2023-12-09 19:00:00
2023S007302    ,Eixample,Sant Antoni,Corts Catalanes,Saturday,2023,12,December,9,Afternoon,,Disobeying the traffic light signal,Motorcycle,Man,22,Pedestrian,En pas regulat per semàfor,Unknown,Unknown,Minor injury: Medical assistance at accident site,429829.38,4581777.7,2.15965029,41.382617952,2023-12-09 20:00:00
2023S007303    ,Sarrià-Sant Gervasi,Sant Gervasi - la Bonanova,Dalt (Besòs),Saturday,2023,12,December,9,Afternoon,,Not caused by the pedestrian,Motorcycle,Man,27,Driver,Desconegut,Unknown,Other activities,Minor injury: Hospitalization up to 24 hours,428022.17,4585473.76,2.137599123,41.415747166,2023-12-09 20:00:00
2023S007304    ,Sant Martí,Provençals del Poblenou,Selva de Mar,Saturday,2023,12,December,9,Night,,Not caused by the pedestrian,Car,Woman,14,Passenger,Desconegut,Unknown,Unknown,Minor injury: Medical assistance at accident site,433476.69,4585173.83,2.202893815,41.413516089,2023-12-09 22:00:00
2023S007305    ,Sant Martí,Provençals del Poblenou,Corts Catalanes,Sunday,2023,12,December,10,Night,,Not caused by the pedestrian,Motorcycle,Woman,29,Driver,Desconegut,Unknown,Unknown,Minor injury: Hospitalization up to 24 hours,433261.0,4585099.01,2.200321485,41.412824313,2023-12-10 00:00:00
2023S007307    ,Sants-Montjuïc,el Poble-sec,Drassanes,Sunday,2023,12,December,10,Night,,Not caused by the pedestrian,Motorcycle,Woman,29,Passenger,Desconegut,Unknown,Unknown,Minor injury: Hospitalization up to 24 hours,431242.62,4580854.67,2.176655418,41.37442656,2023-12-10 00:00:00
2023S007311    ,Gràcia,Vallcarca i els Penitents,Sant Cugat,Sunday,2023,12,December,10,Afternoon,,Not caused by the pedestrian,Bicicleta,Man,30,Driver,Desconegut,Unknown,Unknown,Minor injury: Hospitalization up to 24 hours,428076.39,4586202.05,2.13816119,41.422311422,2023-12-10 14:00:00
2023S007312    ,Sarrià-Sant Gervasi,les Tres Torres,General Mitre,Sunday,2023,12,December,10,Afternoon,,Not caused by the pedestrian,Motorcycle,Man,73,Driver,Desconegut,Unknown,Leisure and entertainment,Minor injury: Hospitalization up to 24 hours,427655.06,4583522.62,2.13344018,41.39814108,2023-12-10 14:00:00
2023S007313    ,Eixample,la Sagrada Família,Marina,Sunday,2023,12,December,10,Afternoon,,Not caused by the pedestrian,Motorcycle,Man,31,Driver,Desconegut,Unknown,Leisure and entertainment,Minor injury: Hospitalization up to 24 hours,431369.71,4583900.94,2.177829728,41.401874302,2023-12-10 14:00:00
2023S007314    ,Sant Martí,el Camp de l'Arpa del Clot,Sant Antoni Maria Claret,Sunday,2023,12,December,10,Morning,,Not caused by the pedestrian,Motorcycle,Man,64,Driver,Desconegut,Unknown,Leisure and entertainment,Minor injury: Hospitalization up to 24 hours,431603.55,4585443.43,2.180452515,41.415786967,2023-12-10 11:00:00
2023S007315    ,Eixample,la Nova Esquerra de l'Eixample,València,Sunday,2023,12,December,10,Afternoon,,Not caused by the pedestrian,Bicicleta,Man,29,Driver,Desconegut,Unknown,Unknown,Minor injury: Medical assistance at accident site,428585.98,4581366.46,2.144829559,41.378804588,2023-12-10 17:00:00
2023S007316    ,Horta-Guinardó,Montbau,Dalt (Llobregat),Sunday,2023,12,December,10,Afternoon,,Not caused by the pedestrian,Car,Woman,3,Passenger,Desconegut,Unknown,Unknown,Minor injury: Hospitalization up to 24 hours,428773.49,4587500.25,2.146349502,41.434065902,2023-12-10 18:00:00
2023S007317    ,Sant Andreu,el Bon Pastor,Santander,Sunday,2023,12,December,10,Afternoon,,Not caused by the pedestrian,Veh. mobilitat personal amb motor,Man,21,Driver,Desconegut,Unknown,Leisure and entertainment,Minor injury: Medical assistance at accident site,433746.5,4587235.6,2.205895892,41.432108183,2023-12-10 19:00:00
2023S007318    ,Ciutat Vella,el Raval,Portal de Santa Madrona,Monday,2023,12,December,11,Morning,,Not caused by the pedestrian,Motorcycle,Man,53,Driver,Desconegut,Unknown,Unknown,Death (within 24 hours of accident),431141.53,4581056.3,2.175423758,41.376233939,2023-12-11 06:00:00
2023S007319    ,Eixample,la Dreta de l'Eixample,Fontanella,Monday,2023,12,December,11,Morning,,Not caused by the pedestrian,Ciclomotor,Man,36,Driver,Desconegut,Unknown,Commuting,Minor injury: Hospitalization up to 24 hours,430905.09,4582356.55,2.1724482,41.387924639,2023-12-11 08:00:00
2023S007320    ,Nou Barris,Verdun,Júlia,Monday,2023,12,December,11,Morning,,Crossing outside the pedestrian crossing,Veh. mobilitat personal amb motor,Man,71,Pedestrian,Fora del pas,Unknown,Unknown,Minor injury: Hospitalization up to 24 hours,431281.52,4588203.55,2.17628561,41.440618912,2023-12-11 07:00:00
2023S007321    ,Sants-Montjuïc,la Marina del Prat Vermell,D Zona Franca,Monday,2023,12,December,11,Night,,Not caused by the pedestrian,Car,Woman,32,Driver,Desconegut,Unknown,Commuting,Serious injury: Hospitalization over 24 hours,427078.98,4575698.79,2.127490621,41.327622623,2023-12-11 05:00:00
2023S007322    ,Sant Andreu,Navas,Trinxant,Monday,2023,12,December,11,Morning,,Not caused by the pedestrian,Car,Man,27,Driver,Desconegut,Unknown,On a mission,Minor injury: Medical assistance at accident site,431752.73,4585588.35,2.182221049,41.417104906,2023-12-11 09:00:00
2023S007324    ,Sarrià-Sant Gervasi,Sant Gervasi - la Bonanova,Josep M. Lladó,Monday,2023,12,December,11,Morning,,Not caused by the pedestrian,Furgoneta,Man,31,Driver,Desconegut,Unknown,On a mission,Minor injury: Hospitalization up to 24 hours,427028.24,4584882.89,2.125778523,41.410335776,2023-12-11 12:00:00
2023S007326    ,Sants-Montjuïc,la Marina del Prat Vermell,Litoral (Besòs),Monday,2023,12,December,11,Morning,,Not caused by the pedestrian,Motorcycle,Man,51,Driver,Desconegut,Unknown,Unknown,Minor injury: Hospitalization up to 24 hours,430808.33,4579990.0,2.171561304,41.36660147,2023-12-11 07:00:00
2023S007327    ,Eixample,la Dreta de l'Eixample,Bailèn,Monday,2023,12,December,11,Morning,,Not caused by the pedestrian,Motorcycle,Man,53,Driver,Desconegut,Unknown,Commuting,Minor injury: Hospitalization up to 24 hours,430503.69,4583618.92,2.167502693,41.399259807,2023-12-11 13:00:00
2023S007328    ,Eixample,la Dreta de l'Eixample,Gràcia,Monday,2023,12,December,11,Morning,,Disobeying the traffic light signal,Motorcycle,Woman,16,Pedestrian,En pas regulat per semàfor,Unknown,Unknown,Minor injury: Medical assistance at accident site,430456.33,4582637.21,2.167048993,41.390413762,2023-12-11 10:00:00
2023S007329    ,Sarrià-Sant Gervasi,Sant Gervasi - la Bonanova,Dalt (Llobregat),Monday,2023,12,December,11,Afternoon,,Not caused by the pedestrian,Car,Man,69,Passenger,Desconegut,Unknown,Unknown,Minor injury: Refused medical assistance,426771.17,4584613.55,2.122735672,41.407886559,2023-12-11 15:00:00
2023S007330    ,Eixample,la Dreta de l'Eixample,Aragó,Monday,2023,12,December,11,Afternoon,,Not caused by the pedestrian,Motorcycle,Woman,41,Driver,Desconegut,Unknown,Unknown,Minor injury: Hospitalization up to 24 hours,430977.58,4583518.03,2.1731827,41.398391964,2023-12-11 16:00:00
2023S007331    ,Sant Martí,el Clot,Aragó,Monday,2023,12,December,11,Afternoon,,Not caused by the pedestrian,Motorcycle,Man,52,Driver,Desconegut,Unknown,Unknown,Minor injury: Hospitalization up to 24 hours,432551.11,4585093.0,2.191828896,41.412710884,2023-12-11 21:00:00
2023S007332    ,Horta-Guinardó,la Font d'en Fargues,Maragall,Monday,2023,12,December,11,Afternoon,,Not caused by the pedestrian,Ciclomotor,Woman,37,Driver,Desconegut,Unknown,Unknown,Minor injury: Hospitalization up to 24 hours,430282.76,4586810.31,2.164492045,41.427984389,2023-12-11 20:00:00
2023S007333    ,Horta-Guinardó,el Baix Guinardó,Cartagena,Monday,2023,12,December,11,Afternoon,,Not caused by the pedestrian,Motorcycle,Woman,30,Pedestrian,Altres,Unknown,Unknown,Minor injury: Hospitalization up to 24 hours,430839.55,4585175.85,2.171342111,41.41331154,2023-12-11 19:00:00
2023S007336    ,Eixample,la Dreta de l'Eixample,València,Monday,2023,12,December,11,Morning,,Not caused by the pedestrian,Motorcycle,Man,51,Driver,Desconegut,Unknown,Commuting,Minor injury: Hospitalization up to 24 hours,430338.66,4583066.88,2.165592212,41.394273474,2023-12-11 12:00:00
2023S007337    ,Eixample,la Dreta de l'Eixample,Diagonal,Monday,2023,12,December,11,Afternoon,,Not caused by the pedestrian,Bicicleta,Man,51,Driver,Desconegut,Unknown,Leisure and entertainment,Minor injury: Hospitalization up to 24 hours,430850.64,4583648.78,2.171649369,41.399558676,2023-12-11 14:00:00
2023S007338    ,Eixample,el Fort Pienc,Consell de Cent,Tuesday,2023,12,December,12,Night,,Not caused by the pedestrian,Bicicleta,Man,27,Driver,Desconegut,Unknown,Leisure and entertainment,Minor injury: Hospitalization up to 24 hours,431260.12,4583609.26,2.176551936,41.399237862,2023-12-12 00:00:00
2023S007339    ,Sants-Montjuïc,Sants - Badal,Canalejas,Tuesday,2023,12,December,12,Morning,,Not caused by the pedestrian,Taxi,Man,56,Driver,Desconegut,Unknown,Taxi,Minor injury: Hospitalization up to 24 hours,427216.27,4580639.8,2.128538183,41.372137041,2023-12-12 08:00:00
2023S007340    ,Sarrià-Sant Gervasi,Sant Gervasi - la Bonanova,Balsareny,Tuesday,2023,12,December,12,Morning,,Not caused by the pedestrian,Motorcycle,Man,18,Driver,Desconegut,Unknown,Leisure and entertainment,Minor injury: Hospitalization up to 24 hours,427234.97,4585018.86,2.128235384,41.41157915,2023-12-12 08:00:00
2023S007342    ,Eixample,la Dreta de l'Eixample,Universitat,Monday,2023,12,December,11,Night,,Not caused by the pedestrian,Motorcycle,Man,57,Driver,Desconegut,Unknown,On a mission,Minor injury: Hospitalization up to 24 hours,430501.22,4582244.71,2.167630934,41.386882518,2023-12-11 23:00:00
2023S007343    ,Sant Martí,el Camp de l'Arpa del Clot,Mallorca,Monday,2023,12,December,11,Night,,Not caused by the pedestrian,Motorcycle,Man,48,Driver,Desconegut,Unknown,Commuting,Minor injury: Medical assistance at accident site,431651.12,4584550.2,2.181122636,41.407745976,2023-12-11 22:00:00
2023S007344    ,Les Corts,la Maternitat i Sant Ramon,Diagonal,Tuesday,2023,12,December,12,Morning,,Not caused by the pedestrian,Motorcycle,Man,47,Driver,Desconegut,Unknown,Unknown,Minor injury: Medical assistance at accident site,426932.24,4582332.68,2.124937957,41.387358394,2023-12-12 11:00:00
2023S007345    ,Sants-Montjuïc,la Marina de Port,Corts Catalanes,Tuesday,2023,12,December,12,Morning,,Not caused by the pedestrian,Bus,Woman,28,Passenger,Desconegut,Unknown,Unknown,Minor injury: Medical assistance at accident site,428011.32,4579996.61,2.138120645,41.366415597,2023-12-12 07:00:00