Case_Number,District_Name,Neighborhood_Name,Street_Name,Day_of_Week,Year,Month_Code,Month_Name,Day_of_Month,Shift_Description,Hour_of_Day,Pedestrian_Cause_Description,Involved_Vehicle_Type,Gender_Description,Age,Person_Type_Description,Pedestrian_Accident_Location_Description,Pedestrian_Movement_Reason_Description,Driver_Movement_Reason_Description,Victimization_Description,UTM_X_Coordinate,UTM_Y_Coordinate,Longitude,Latitude,datetime
2023S007547    ,Sant Martí,el Camp de l'Arpa del Clot,Indústria,Wednesday,2023,12,December,20,Night,,Not caused by the pedestrian,Car,Man,22,Passenger,Desconegut,Unknown,Unknown,Minor injury: Hospitalization up to 24 hours,431936.0,4585592.05,2.184413448,41.417153784,2023-12-20 02:00:00
2023S007548    ,Nou Barris,Porta,Escultor Ordóñez,Tuesday,2023,12,December,19,Afternoon,,Not caused by the pedestrian,Car,Woman,30,Pedestrian,En pas sense regular,Unknown,Unknown,Minor injury: Hospitalization up to 24 hours,431107.47,4587327.51,2.174302294,41.432713819,2023-12-19 15:00:00
2023S007549    ,Sant Andreu,Sant Andreu,Santa Coloma,Tuesday,2023,12,December,19,Afternoon,,Not caused by the pedestrian,Bicicleta,Man,37,Driver,Desconegut,Unknown,Unknown,Minor injury: Hospitalization up to 24 hours,432483.54,4588714.69,2.190615754,41.445324612,2023-12-19 16:00:00
2023S007550    ,Nou Barris,la Trinitat Nova,Favència,Wednesday,2023,12,December,20,Morning,,Not caused by the pedestrian,Motorcycle,Woman,46,Driver,Desconegut,Unknown,Commuting,Minor injury: Medical assistance at accident site,432218.56,4588908.54,2.187422139,41.447048208,2023-12-20 07:00:00
2023S007551    ,Eixample,l'Antiga Esquerra de l'Eixample,Balmes,Tuesday,2023,12,December,19,Night,,Not caused by the pedestrian,Motorcycle,Woman,25,Passenger,Desconegut,Unknown,Unknown,Minor injury: Hospitalization up to 24 hours,430022.75,4582583.06,2.16186964,41.389888424,2023-12-19 22:00:00
2023S007552    ,Gràcia,el Camp d'en Grassot i Gràcia Nova,Nàpols,Wednesday,2023,12,December,20,Morning,,Not caused by the pedestrian,Motorcycle,Man,36,Driver,Desconegut,Unknown,Commuting,Minor injury: Hospitalization up to 24 hours,430652.76,4584057.21,2.169235577,41.40322022,2023-12-20 08:00:00
2023S007553    ,Sants-Montjuïc,la Marina del Prat Vermell,Litoral (Besòs),Wednesday,2023,12,December,20,Morning,,Not caused by the pedestrian,Motorcycle,Man,29,Driver,Desconegut,Unknown,Commuting,Minor injury: Hospitalization up to 24 hours,429359.74,4578350.94,2.154433479,41.351713051,2023-12-20 10:00:00
2023S007554    ,Gràcia,Vallcarca i els Penitents,Vallcarca,Wednesday,2023,12,December,20,Morning,,Not caused by the pedestrian,Motorcycle,Man,48,Driver,Desconegut,Unknown,On a mission,Minor injury: Hospitalization up to 24 hours,428545.12,4585124.64,2.143897252,41.412649478,2023-12-20 10:00:00
2023S007555    ,Sant Andreu,la Sagrera,Gran de la Sagrera,Wednesday,2023,12,December,20,Morning,,Not caused by the pedestrian,Car,Woman,79,Pedestrian,En pas regulat per semàfor,Leisure and entertainment,Unknown,Serious injury: Hospitalization over 24 hours,432509.33,4586052.21,2.191221947,41.421346692,2023-12-20 11:00:00
2023S007556    ,Sants-Montjuïc,el Poble-sec,Paral·lel,Wednesday,2023,12,December,20,Morning,,Not caused by the pedestrian,Veh. mobilitat personal amb motor,Man,42,Pedestrian,En pas regulat per semàfor,Unknown,Unknown,Minor injury: Hospitalization up to 24 hours,430165.02,4580906.14,2.163764544,41.374797294,2023-12-20 09:00:00
2023S007557    ,Sant Martí,el Camp de l'Arpa del Clot,Sant Antoni Maria Claret,Wednesday,2023,12,December,20,Morning,,Not caused by the pedestrian,Motorcycle,Woman,34,Driver,Desconegut,Unknown,Commuting,Minor injury: Medical assistance at accident site,431349.6,4585179.44,2.177444057,41.413387629,2023-12-20 08:00:00
2023S007558    ,Les Corts,Pedralbes,Reina Maria Cristina,Wednesday,2023,12,December,20,Morning,,Not caused by the pedestrian,Motorcycle,Woman,69,Driver,Desconegut,Unknown,Leisure and entertainment,Minor injury: Medical assistance at accident site,427092.14,4582471.6,2.126833523,41.388624106,2023-12-20 11:00:00
2023S007559    ,Ciutat Vella,la Barceloneta,Pinzón,Wednesday,2023,12,December,20,Morning,,Not caused by the pedestrian,Bicicleta,Woman,25,Driver,Desconegut,Unknown,Unknown,Minor injury: Hospitalization up to 24 hours,432379.59,4581815.17,2.190143088,41.383173943,2023-12-20 12:00:00
2023S007560    ,Horta-Guinardó,el Baix Guinardó,Llorens i Barba,Wednesday,2023,12,December,20,Morning,,Not caused by the pedestrian,Motorcycle,Man,43,Driver,Desconegut,Unknown,Unknown,Minor injury: Hospitalization up to 24 hours,430596.75,4584883.22,2.168470787,41.410654979,2023-12-20 10:00:00
2023S007561    ,Sant Andreu,Baró de Viver,B-10 (Besòs),Wednesday,2023,12,December,20,Morning,,Not caused by the pedestrian,Motorcycle,Man,40,Driver,Desconegut,Unknown,Unknown,Minor injury: Medical assistance at accident site,433320.41,4589051.71,2.200596002,41.44843003,2023-12-20 13:00:00
2023S007562    ,Sants-Montjuïc,la Marina del Prat Vermell,E Zona Franca,Wednesday,2023,12,December,20,Morning,,Not caused by the pedestrian,Furgoneta,Man,26,Driver,Desconegut,Unknown,On a mission,Minor injury: Hospitalization up to 24 hours,427033.56,4576155.26,2.126893075,41.331729793,2023-12-20 13:00:00
2023S007563    ,Eixample,la Nova Esquerra de l'Eixample,Tarragona,Wednesday,2023,12,December,20,Afternoon,,Not caused by the pedestrian,Motorcycle,Woman,34,Driver,Desconegut,Unknown,Unknown,Minor injury: Hospitalization up to 24 hours,428769.74,4581177.12,2.147049191,41.377115564,2023-12-20 15:00:00
2023S007564    ,Sants-Montjuïc,Sants - Badal,Badal,Wednesday,2023,12,December,20,Afternoon,,Not caused by the pedestrian,Motorcycle,Woman,34,Driver,Desconegut,Unknown,Other activities,Minor injury: Hospitalization up to 24 hours,427402.43,4580868.81,2.130736573,41.374216472,2023-12-20 16:00:00
2023S007565    ,Eixample,la Dreta de l'Eixample,Bruc,Wednesday,2023,12,December,20,Afternoon,,Not caused by the pedestrian,Motorcycle,Man,37,Driver,Desconegut,Unknown,Commuting,Minor injury: Hospitalization up to 24 hours,430499.78,4583238.78,2.167499581,41.395835671,2023-12-20 14:00:00
2023S007566    ,Sant Martí,Provençals del Poblenou,Marroc,Wednesday,2023,12,December,20,Afternoon,,Not caused by the pedestrian,Car,Woman,45,Pedestrian,En pas regulat per semàfor,Leisure and entertainment,Unknown,Minor injury: Hospitalization up to 24 hours,433279.17,4584604.95,2.200593385,41.408375957,2023-12-20 15:00:00
2023S007567    ,Eixample,la Sagrada Família,Rosselló,Saturday,2023,12,December,30,Afternoon,,Not caused by the pedestrian,Motorcycle,Man,36,Passenger,Desconegut,Unknown,Unknown,Minor injury: Hospitalization up to 24 hours,431274.06,4584558.52,2.176610842,41.407788743,2023-12-30 16:00:00
2023S007568    ,Les Corts,Pedralbes,Pedralbes,Wednesday,2023,12,December,20,Afternoon,,Not caused by the pedestrian,Car,Man,10,Passenger,Desconegut,Unknown,Unknown,Minor injury: Refused medical assistance,425980.87,4583143.77,2.113461081,41.394576499,2023-12-20 18:00:00
2023S007569    ,Sarrià-Sant Gervasi,Sant Gervasi - Galvany,Francesc Macià,Wednesday,2023,12,December,20,Afternoon,,Not caused by the pedestrian,Motorcycle,Man,25,Driver,Desconegut,Unknown,Leisure and entertainment,Minor injury: Medical assistance at accident site,428612.49,4582961.18,2.144958549,41.393170016,2023-12-20 17:00:00
2023S007570    ,Horta-Guinardó,el Baix Guinardó,Guinardó,Monday,2023,12,December,18,Afternoon,,Not caused by the pedestrian,Motorcycle,Man,40,Driver,Desconegut,Unknown,Commuting,Minor injury: Hospitalization up to 24 hours,430765.4,4585196.94,2.17045255,41.413495102,2023-12-18 17:00:00
2023S007571    ,Eixample,la Nova Esquerra de l'Eixample,Aragó,Wednesday,2023,12,December,20,Afternoon,,Not caused by the pedestrian,Veh. mobilitat personal amb motor,Man,25,Driver,Desconegut,Unknown,Commuting,Minor injury: Hospitalization up to 24 hours,428930.62,4581499.01,2.148935148,41.380028952,2023-12-20 21:00:00
2023S007572    ,Nou Barris,les Roquetes,Nou Barris,Wednesday,2023,12,December,20,Afternoon,,Not caused by the pedestrian,Car,Man,79,Pedestrian,A la vorera / Andana,Leisure and entertainment,Unknown,Minor injury: Hospitalization up to 24 hours,431602.49,4588970.87,2.180040447,41.447557304,2023-12-20 20:00:00
2023S007574    ,Sant Martí,el Camp de l'Arpa del Clot,Aragó,Wednesday,2023,12,December,20,Afternoon,,Not caused by the pedestrian,Ciclomotor,Woman,22,Passenger,Desconegut,Unknown,Unknown,Minor injury: Hospitalization up to 24 hours,432087.83,4584617.84,2.186339504,41.408392225,2023-12-20 15:00:00
2023S007575    ,Sant Martí,Provençals del Poblenou,C-31,Wednesday,2023,12,December,20,Afternoon,,Not caused by the pedestrian,Motorcycle,Man,26,Driver,Desconegut,Unknown,On a mission,Minor injury: Hospitalization up to 24 hours,433942.83,4585841.27,2.20839795,41.419566019,2023-12-20 20:00:00
2023S007578    ,Eixample,Sant Antoni,Sant Pau,Wednesday,2023,12,December,20,Morning,,Walking on the road,Veh. mobilitat personal amb motor,Woman,52,Pedestrian,Fora del pas,Unknown,Unknown,Minor injury: Hospitalization up to 24 hours,430149.78,4581327.13,2.163533775,41.378587702,2023-12-20 10:00:00
2023S007579    ,Ciutat Vella,la Barceloneta,Trelawny,Thursday,2023,12,December,21,Morning,,Crossing outside the pedestrian crossing,Car,Man,42,Pedestrian,Fora del pas,Leisure and entertainment,Unknown,Serious injury: Hospitalization over 24 hours,432833.33,4582025.04,2.195545974,41.385102224,2023-12-21 06:00:00
2023S007580    ,Sant Martí,el Parc i la Llacuna del Poblenou,Pallars,Wednesday,2023,12,December,20,Night,,Not caused by the pedestrian,Veh. mobilitat personal amb motor,Woman,16,Driver,Desconegut,Unknown,Leisure and entertainment,Minor injury: Medical assistance at accident site,432207.28,4583013.7,2.187948269,41.393954279,2023-12-20 22:00:00
2023S007581    ,Sarrià-Sant Gervasi,Sant Gervasi - la Bonanova,Dalt (Besòs),Thursday,2023,12,December,21,Morning,,Not caused by the pedestrian,Motorcycle,Man,55,Driver,Desconegut,Unknown,Leisure and entertainment,Minor injury: Hospitalization up to 24 hours,427143.16,4584946.47,2.127145712,41.410918844,2023-12-21 10:00:00
2023S007582    ,Eixample,la Sagrada Família,Lepant,Thursday,2023,12,December,21,Morning,,Not caused by the pedestrian,Motorcycle,Woman,26,Driver,Desconegut,Unknown,Leisure and entertainment,Minor injury: Medical assistance at accident site,431463.86,4583995.65,2.178945234,41.402735362,2023-12-21 09:00:00
2023S007583    ,Sant Martí,la Vila Olímpica del Poblenou,Litoral (Llobregat),Thursday,2023,12,December,21,Morning,,Not caused by the pedestrian,Motorcycle,Man,42,Driver,Desconegut,Unknown,Commuting,Minor injury: Medical assistance at accident site,432972.61,4582415.18,2.197168449,41.388627745,2023-12-21 07:00:00
2023S007584    ,Eixample,la Dreta de l'Eixample,Universitat,Thursday,2023,12,December,21,Morning,,Not caused by the pedestrian,Bicicleta,Man,22,Driver,Desconegut,Unknown,Unknown,Minor injury: Hospitalization up to 24 hours,430416.5,4582239.18,2.166618373,41.386825383,2023-12-21 11:00:00
2023S007585    ,Ciutat Vella,"Sant Pere, Santa Caterina i la Ribera",Picasso,Thursday,2023,12,December,21,Morning,,Not caused by the pedestrian,Ciclomotor,Man,40,Driver,Desconegut,Unknown,Unknown,Minor injury: Hospitalization up to 24 hours,431952.59,4582125.64,2.18500182,41.385934241,2023-12-21 13:00:00
2023S007586    ,Sarrià-Sant Gervasi,Sant Gervasi - la Bonanova,Dalt (Besòs),Thursday,2023,12,December,21,Afternoon,,Not caused by the pedestrian,Motorcycle,Man,23,Driver,Desconegut,Unknown,Unknown,Minor injury: Hospitalization up to 24 hours,427222.99,4585010.93,2.128093012,41.411506643,2023-12-21 15:00:00
2023S007587    ,Ciutat Vella,el Raval,Pelai,Thursday,2023,12,December,21,Afternoon,,Not caused by the pedestrian,Motorcycle,Man,68,Driver,Desconegut,Unknown,Leisure and entertainment,Minor injury: Hospitalization up to 24 hours,430492.54,4582099.03,2.16754385,41.385569673,2023-12-21 16:00:00
2023S007588    ,Les Corts,la Maternitat i Sant Ramon,Diagonal,Thursday,2023,12,December,21,Afternoon,,Not caused by the pedestrian,Motorcycle,Man,61,Driver,Desconegut,Unknown,Unknown,Minor injury: Hospitalization up to 24 hours,426384.77,4582244.89,2.118401275,41.386517764,2023-12-21 16:00:00
2023S007589    ,Eixample,la Dreta de l'Eixample,València,Thursday,2023,12,December,21,Afternoon,,Not caused by the pedestrian,Motorcycle,Man,34,Driver,Desconegut,Unknown,Commuting,Minor injury: Medical assistance at accident site,430136.64,4582868.7,2.163198786,41.392470997,2023-12-21 20:00:00
2023S007590    ,Les Corts,Pedralbes,Diagonal,Thursday,2023,12,December,21,Afternoon,,Not caused by the pedestrian,Motorcycle,Man,41,Driver,Desconegut,Unknown,Unknown,Minor injury: Hospitalization up to 24 hours,425387.6,4581831.03,2.106527004,41.382698393,2023-12-21 18:00:00
2023S007591    ,Sant Andreu,Baró de Viver,B-10 (Llobregat),Thursday,2023,12,December,21,Afternoon,,Not caused by the pedestrian,Motorcycle,Woman,36,Driver,Desconegut,Unknown,Unknown,Minor injury: Hospitalization up to 24 hours,433412.7,4589022.73,2.201703979,41.448176683,2023-12-21 17:00:00
2023S007592    ,Sants-Montjuïc,Hostafrancs,Sants,Thursday,2023,12,December,21,Afternoon,,Not caused by the pedestrian,Motorcycle,Man,48,Driver,Desconegut,Unknown,Other activities,Minor injury: Hospitalization up to 24 hours,428216.08,4580981.53,2.140451984,41.375304728,2023-12-21 19:00:00
2023S007593    ,Sant Martí,Provençals del Poblenou,C-31,Thursday,2023,12,December,21,Afternoon,,Not caused by the pedestrian,Motorcycle,Man,37,Driver,Desconegut,Unknown,Unknown,Minor injury: Refused medical assistance,433199.77,4585018.94,2.199597762,41.412098054,2023-12-21 18:00:00
2023S007594    ,Horta-Guinardó,Horta,Doctor Letamendi,Thursday,2023,12,December,21,Afternoon,,Not caused by the pedestrian,Ciclomotor,Man,31,Driver,Desconegut,Unknown,On a mission,Minor injury: Hospitalization up to 24 hours,430025.95,4587787.03,2.161305693,41.436758981,2023-12-21 21:00:00
2023S007595    ,Eixample,Sant Antoni,Corts Catalanes,Thursday,2023,12,December,21,Night,,Not caused by the pedestrian,Motorcycle,Man,53,Driver,Desconegut,Unknown,Leisure and entertainment,Minor injury: Refused medical assistance,429546.58,4581537.58,2.156296347,41.38043054,2023-12-21 23:00:00
2023S007596    ,Ciutat Vella,el Barri Gòtic,Sant Jaume,Thursday,2023,12,December,21,Afternoon,,Not caused by the pedestrian,Car,Woman,65,Pedestrian,En zona peatonal,Unknown,Unknown,Minor injury: Medical assistance at accident site,431292.97,4581751.42,2.177155741,41.382507647,2023-12-21 20:00:00
2023S007598    ,Eixample,la Dreta de l'Eixample,Provença,Thursday,2023,12,December,21,Night,,Not caused by the pedestrian,Motorcycle,Man,37,Driver,Desconegut,Unknown,Unknown,Minor injury: Hospitalization up to 24 hours,429868.7,4582996.42,2.159979329,41.393597996,2023-12-21 23:00:00
2023S007599    ,Sant Martí,la Vila Olímpica del Poblenou,Litoral,Friday,2023,12,December,22,Night,,Not caused by the pedestrian,Motorcycle,Man,26,Driver,Desconegut,Unknown,"Bombers, policia, ambulància",Minor injury: Refused medical assistance,432888.89,4582323.45,2.196177347,41.38779457,2023-12-22 00:00:00
2023S007601    ,Horta-Guinardó,Montbau,Dalt (Besòs),Friday,2023,12,December,22,Morning,,Not caused by the pedestrian,Car,Woman,38,Passenger,Desconegut,Unknown,Unknown,Minor injury: Hospitalization up to 24 hours,428496.71,4586642.23,2.143138563,41.426313476,2023-12-22 07:00:00
2023S007602    ,Eixample,la Nova Esquerra de l'Eixample,Josep Tarradellas,Friday,2023,12,December,22,Morning,,Not caused by the pedestrian,Furgoneta,Man,94,Pedestrian,En pas regulat per semàfor,Unknown,Unknown,Minor injury: Hospitalization up to 24 hours,428447.0,4582227.65,2.143065915,41.386548666,2023-12-22 10:00:00
2023S007603    ,Les Corts,les Corts,Joan Güell,Friday,2023,12,December,22,Morning,,Not caused by the pedestrian,Car,Man,47,Pedestrian,En pas sense regular,Unknown,Unknown,Minor injury: Refused medical assistance,427458.14,4581907.89,2.131278254,41.383580099,2023-12-22 11:00:00
2023S007604    ,Sant Martí,el Clot,Espronceda,Friday,2023,12,December,22,Morning,,Not caused by the pedestrian,Motorcycle,Man,36,Driver,Desconegut,Unknown,Unknown,Minor injury: Hospitalization up to 24 hours,432884.03,4585011.58,2.195821045,41.412005445,2023-12-22 11:00:00
2023S007605    ,Sant Andreu,el Bon Pastor,Estadella,Friday,2023,12,December,22,Morning,,Not caused by the pedestrian,Car,Woman,44,Driver,Desconegut,Unknown,On a mission,Minor injury: Refused medical assistance,433094.25,4587469.53,2.198064017,41.434161016,2023-12-22 12:00:00
2023S007606    ,Horta-Guinardó,la Vall d'Hebron,Dalt (Llobregat),Friday,2023,12,December,22,Morning,,Not caused by the pedestrian,Furgoneta,Man,56,Driver,Desconegut,Unknown,Leisure and entertainment,Minor injury: Hospitalization up to 24 hours,428532.81,4586759.65,2.143556667,41.427374242,2023-12-22 12:00:00
2023S007607    ,Eixample,la Dreta de l'Eixample,Balmes,Friday,2023,12,December,22,Morning,,Not caused by the pedestrian,Motorcycle,Woman,24,Driver,Desconegut,Unknown,Commuting,Minor injury: Hospitalization up to 24 hours,429711.67,4582917.08,2.158110376,41.392869691,2023-12-22 08:00:00
2023S007608    ,Sant Andreu,Sant Andreu,Ferran Junoy,Friday,2023,12,December,22,Morning,,Not caused by the pedestrian,Motorcycle,Woman,29,Driver,Desconegut,Unknown,Unknown,Minor injury: Hospitalization up to 24 hours,433052.65,4588550.11,2.197446345,41.443889985,2023-12-22 12:00:00
2023S007609    ,Sant Martí,Sant Martí de Provençals,Concili de Trento,Friday,2023,12,December,22,Afternoon,,Not caused by the pedestrian,Ciclomotor,Man,23,Driver,Desconegut,Unknown,Unknown,Minor injury: Hospitalization up to 24 hours,432866.8,4585219.17,2.195591857,41.413873709,2023-12-22 14:00:00
2023S007610    ,Eixample,la Dreta de l'Eixample,Urquinaona,Friday,2023,12,December,22,Afternoon,,Not caused by the pedestrian,Bus,Man,35,Pedestrian,En pas regulat per semàfor,Unknown,Unknown,Minor injury: Medical assistance at accident site,431038.12,4582540.63,2.174018212,41.389594016,2023-12-22 15:00:00
2023S007612    ,Horta-Guinardó,Horta,Vall d'Hebron,Friday,2023,12,December,22,Afternoon,,Not caused by the pedestrian,Motorcycle,Woman,39,Driver,Desconegut,Unknown,Leisure and entertainment,Minor injury: Hospitalization up to 24 hours,429506.46,4587976.63,2.15506606,41.438421168,2023-12-22 18:00:00
2023S007613    ,Sant Martí,la Vila Olímpica del Poblenou,Doctor Trueta,Friday,2023,12,December,22,Afternoon,,Not caused by the pedestrian,Car,Woman,30,Driver,Desconegut,Unknown,Unknown,Minor injury: Medical assistance at accident site,432985.66,4583007.18,2.197258985,41.393960831,2023-12-22 15:00:00
2023S007614    ,Sant Andreu,la Trinitat Vella,Santa Coloma,Friday,2023,12,December,22,Afternoon,,Not caused by the pedestrian,Ciclomotor,Man,35,Driver,Desconegut,Unknown,On a mission,Minor injury: Hospitalization up to 24 hours,432879.34,4588875.42,2.195335672,41.446805463,2023-12-22 18:00:00
2023S007615    ,Sants-Montjuïc,la Marina del Prat Vermell,Transversal 4,Friday,2023,12,December,22,Afternoon,,Not caused by the pedestrian,Motorcycle,Man,45,Driver,Desconegut,Unknown,Commuting,Minor injury: Hospitalization up to 24 hours,425782.51,4576571.9,2.11189322,41.335368031,2023-12-22 15:00:00
2023S007617    ,Eixample,el Fort Pienc,Corts Catalanes,Friday,2023,12,December,22,Afternoon,,Not caused by the pedestrian,Car,Woman,31,Passenger,Desconegut,Unknown,Unknown,Minor injury: Refused medical assistance,431363.28,4583313.93,2.177819397,41.396586731,2023-12-22 21:00:00
2023S007618    ,Eixample,l'Antiga Esquerra de l'Eixample,Casanova,Friday,2023,12,December,22,Afternoon,,Not caused by the pedestrian,Motorcycle,Man,44,Driver,Desconegut,Unknown,Unknown,Minor injury: Hospitalization up to 24 hours,429452.6,4582399.4,2.15507212,41.388184428,2023-12-22 20:00:00
2023S007619    ,Eixample,la Dreta de l'Eixample,Roger de Llúria,Friday,2023,12,December,22,Afternoon,,Disobeying the traffic light signal,Veh. mobilitat personal amb motor,Woman,61,Pedestrian,En pas regulat per semàfor,Leisure and entertainment,Unknown,Minor injury: Hospitalization up to 24 hours,430987.16,4582551.3,2.173407521,41.389685744,2023-12-22 19:00:00
2023S007620    ,Eixample,la Sagrada Família,Sagrada Família,Friday,2023,12,December,22,Afternoon,,Not caused by the pedestrian,Motorcycle,Man,35,Driver,Desconegut,Unknown,Commuting,Minor injury: Hospitalization up to 24 hours,431076.4,4583988.83,2.174311104,41.402640794,2023-12-22 19:00:00
2023S007621    ,Sants-Montjuïc,la Bordeta,Corts Catalanes,Friday,2023,12,December,22,Afternoon,,Not caused by the pedestrian,Veh. mobilitat personal amb motor,Woman,52,Pedestrian,Desconegut,Leisure and entertainment,Unknown,Minor injury: Hospitalization up to 24 hours,427849.83,4579911.76,2.13620005,41.365636917,2023-12-22 16:00:00
2023S007622    ,Eixample,Sant Antoni,Calàbria,Friday,2023,12,December,22,Afternoon,,Disobeying the traffic light signal,Veh. mobilitat personal amb motor,Woman,81,Pedestrian,En pas regulat per semàfor,Leisure and entertainment,Unknown,Serious injury: Hospitalization over 24 hours,429928.43,4580928.19,2.160933058,41.374975315,2023-12-22 20:00:00
2023S007623    ,Nou Barris,la Prosperitat,Meridiana,Saturday,2023,12,December,23,Night,,Not caused by the pedestrian,Car,Woman,49,Driver,Desconegut,Unknown,Leisure and entertainment,Minor injury: Hospitalization up to 24 hours,432164.83,4588560.7,2.186818054,41.443910795,2023-12-23 01:00:00
2023S007625    ,Sants-Montjuïc,el Poble-sec,Paral·lel,Saturday,2023,12,December,23,Night,,Not caused by the pedestrian,Bus,Man,30,Pedestrian,En pas regulat per semàfor,Leisure and entertainment,Unknown,Minor injury: Hospitalization up to 24 hours,430117.62,4580925.85,2.163195502,41.3749707,2023-12-23 04:00:00
2023S007626    ,Les Corts,les Corts,Mig (Ascendent),Friday,2023,12,December,22,Afternoon,,Not caused by the pedestrian,Motorcycle,Man,21,Driver,Desconegut,Unknown,Leisure and entertainment,Minor injury: Refused medical assistance,427115.13,4582227.97,2.1271378,41.386431913,2023-12-22 21:00:00
2023S007627    ,Eixample,Sant Antoni,Sant Pau,Saturday,2023,12,December,23,Morning,,Disobeying the traffic light signal,Veh. mobilitat personal amb motor,Man,54,Pedestrian,En pas regulat per semàfor,Unknown,Unknown,Minor injury: Hospitalization up to 24 hours,430322.7,4581103.46,2.16562725,41.376588173,2023-12-23 09:00:00
2023S007628    ,Sant Martí,la Vila Olímpica del Poblenou,Marina,Saturday,2023,12,December,23,Morning,,Not caused by the pedestrian,Car,Woman,46,Driver,Desconegut,Unknown,Leisure and entertainment,Minor injury: Hospitalization up to 24 hours,432823.78,4582436.9,2.195386068,41.388810948,2023-12-23 09:00:00
2023S007629    ,Eixample,la Sagrada Família,Còrsega,Saturday,2023,12,December,23,Morning,,Not caused by the pedestrian,Motorcycle,Woman,51,Passenger,Desconegut,Unknown,Unknown,Minor injury: Hospitalization up to 24 hours,431052.87,4584518.92,2.173969214,41.407413126,2023-12-23 09:00:00
2023S007630    ,Eixample,la Dreta de l'Eixample,Universitat,Saturday,2023,12,December,23,Morning,,Not caused by the pedestrian,Motorcycle,Man,54,Driver,Desconegut,Unknown,Leisure and entertainment,Minor injury: Hospitalization up to 24 hours,430121.36,4582099.83,2.163104777,41.385544703,2023-12-23 09:00:00
2023S007631    ,Eixample,la Dreta de l'Eixample,Provença,Saturday,2023,12,December,23,Morning,,Not caused by the pedestrian,Veh. mobilitat personal amb motor,Woman,30,Driver,Desconegut,Unknown,Leisure and entertainment,Minor injury: Hospitalization up to 24 hours,430749.55,4583844.66,2.170417743,41.401314199,2023-12-23 11:00:00
2023S007632    ,Sarrià-Sant Gervasi,el Putxet i el Farró,Lesseps,Saturday,2023,12,December,23,Morning,,Not caused by the pedestrian,Motorcycle,Woman,38,Driver,Desconegut,Unknown,Commuting,Minor injury: Hospitalization up to 24 hours,429011.31,4584400.97,2.1495597,41.406172996,2023-12-23 12:00:00
2023S007633    ,Sant Martí,la Verneda i la Pau,Camp Arriassa,Saturday,2023,12,December,23,Morning,,Not caused by the pedestrian,Veh. mobilitat personal amb motor,Man,29,Driver,Desconegut,Unknown,Unknown,Minor injury: Hospitalization up to 24 hours,433324.28,4586567.71,2.200916574,41.426057735,2023-12-23 12:00:00
2023S007634    ,Sants-Montjuïc,la Marina de Port,Foneria,Friday,2023,12,December,22,Morning,,Crossing outside the pedestrian crossing,Taxi,Woman,52,Pedestrian,Fora del pas,Unknown,Unknown,Minor injury: Medical assistance at accident site,427993.77,4579300.85,2.137993469,41.360147551,2023-12-22 12:00:00
2023S007635    ,Ciutat Vella,el Raval,Est,Saturday,2023,12,December,23,Morning,,Others,Bicicleta,Woman,34,Pedestrian,En zona peatonal,Commuting,Unknown,Minor injury: Hospitalization up to 24 hours,430985.78,4581187.05,2.173546493,41.377398218,2023-12-23 08:00:00
2023S007637    ,Sant Andreu,el Bon Pastor,Mare de Déu de Montserrat,Saturday,2023,12,December,23,Morning,,Not caused by the pedestrian,Motorcycle,Woman,53,Passenger,Desconegut,Unknown,Unknown,Minor injury: Hospitalization up to 24 hours,433740.89,4587076.13,2.205846244,41.43067142,2023-12-23 11:00:00
2023S007638    ,Eixample,Sant Antoni,Calàbria,Saturday,2023,12,December,23,Morning,,Not caused by the pedestrian,Car,Woman,52,Pedestrian,A la vorera / Andana,Unknown,Unknown,Minor injury: Hospitalization up to 24 hours,429910.63,4580991.22,2.160712928,41.375541456,2023-12-23 13:00:00
2023S007639    ,Eixample,l'Antiga Esquerra de l'Eixample,Aragó,Saturday,2023,12,December,23,Afternoon,,Not caused by the pedestrian,Motorcycle,Woman,59,Passenger,Desconegut,Unknown,Unknown,Minor injury: Hospitalization up to 24 hours,429735.29,4582301.52,2.158464328,41.387327612,2023-12-23 15:00:00
2023S007642    ,Gràcia,el Camp d'en Grassot i Gràcia Nova,Sant Antoni Maria Claret,Saturday,2023,12,December,23,Afternoon,,Not caused by the pedestrian,Motorcycle,Woman,33,Passenger,Desconegut,Unknown,Unknown,Minor injury: Medical assistance at accident site,430353.54,4584203.44,2.165639368,41.404511384,2023-12-23 17:00:00
2023S007643    ,Horta-Guinardó,Horta,Tajo,Saturday,2023,12,December,23,Afternoon,,Not caused by the pedestrian,Motorcycle,Man,48,Driver,Desconegut,Unknown,Leisure and entertainment,Minor injury: Hospitalization up to 24 hours,429879.63,4587015.45,2.159644031,41.429796895,2023-12-23 20:00:00